name,category,address,phone,website,rating,reviews_count,opening_hours,latitude,longitude,google_maps_url,place_id,area,category_group,scrape_status,queries_seen
,,,,,,,,,,https://www.google.com/maps/place/%D8%A7%D9%84%D8%AA%D8%B6%D8%A7%D9%85%D9%86+%D9%84%D8%AE%D8%AF%D9%85%D8%A7%D8%AA+%D8%A7%D9%84%D8%AC%D9%88%D8%A7%D9%84%E2%80%AD/data=!4m7!3m6!1s0x161ce97e162dd983:0x85cd123193e3e5f7!8m2!3d13.9753268!4d44.172789!16s%2Fg%2F11c1p4_8v5!19sChIJg9ktFn7pHBYR9-XjkzESzYU?authuser=0&hl=en&g_ep=EgoyMDI2MDkzMC4wIJJjKgBIAVAD&rclk=1,0x161ce97e162dd983:0x85cd123193e3e5f7,وسط مدينة إب,محلات جوالات وملحقات,discovered,"['إلكترونيات وكمبيوتر في العدين الاسفل, إب, اليمن', 'إلكترونيات وكمبيوتر في وسط مدينة إب, إب, اليمن', 'محلات جوالات وملحقات في العدين الاسفل, إب, اليمن', 'محلات جوالات وملحقات في العدين, إب, اليمن', 'محلات جوالات وملحقات في وسط مدينة إب, إب, اليمن']"
,,,,,,,,,,https://www.google.com/maps/place/%D8%A3%D8%A8%D9%88+%D8%A3%D9%8A%D9%85%D9%86+%D9%84%D9%84%D8%A3%D8%AC%D9%87%D8%B2%D8%A9+%D8%A7%D9%84%D8%B0%D9%83%D9%8A%D8%A9%E2%80%AD/data=!4m7!3m6!1s0x161ceb4c4503b1c9:0xef7a0512ba13b08c!8m2!3d13.9742687!4d44.170462!16s%2Fg%2F11j41wv6gp!19sChIJybEDRUzrHBYRjLATuhIFeu8?authuser=0&hl=en&g_ep=EgoyMDI2MDkzMC4wIJJjKgBIAVAD&rclk=1,0x161ceb4c4503b1c9:0xef7a0512ba13b08c,وسط مدينة إب,محلات جوالات وملحقات,discovered,"['إلكترونيات وكمبيوتر في العدين الاسفل, إب, اليمن', 'إلكترونيات وكمبيوتر في وسط مدينة إب, إب, اليمن', 'محلات جوالات وملحقات في العدين الاسفل, إب, اليمن', 'محلات جوالات وملحقات في العدين, إب, اليمن', 'محلات جوالات وملحقات في وسط مدينة إب, إب, اليمن']"
,,,,,,,,,,https://www.google.com/maps/place/%D8%A7%D9%84%D9%86%D8%AC%D9%85+%D9%84%D8%AE%D8%AF%D9%85%D8%A7%D8%AA+%D8%A7%D9%84%D8%AC%D9%88%D8%A7%D9%84+%D8%A5%D8%A8%E2%80%AD/data=!4m7!3m6!1s0x161cebeb7d404a91:0xad6176ba2e6eaa9c!8m2!3d13.9739127!4d44.1680734!16s%2Fg%2F11qqyn0pv9!19sChIJkUpAfevrHBYRnKpuLrp2Ya0?authuser=0&hl=en&g_ep=EgoyMDI2MDkzMC4wIJJjKgBIAVAD&rclk=1,0x161cebeb7d404a91:0xad6176ba2e6eaa9c,وسط مدينة إب,محلات جوالات وملحقات,discovered,"['إلكترونيات وكمبيوتر في وسط مدينة إب, إب, اليمن', 'محلات جوالات وملحقات في العدين الاسفل, إب, اليمن', 'محلات جوالات وملحقات في العدين, إب, اليمن', 'محلات جوالات وملحقات في وسط مدينة إب, إب, اليمن']"
,,,,,,,,,,https://www.google.com/maps/place/%D8%A7%D9%84%D8%AE%D8%B7%D8%A7%D8%A8%D9%8A+%D9%84%D9%84%D8%AC%D9%88%D8%A7%D9%84%D8%A7%D8%AA+%D9%88%D8%A7%D9%84%D8%A7%D9%84%D9%83%D8%AA%D8%B1%D9%88%D9%86%D9%8A%D8%A7%D8%AA%E2%80%AD/data=!4m7!3m6!1s0x161cebd0d14d23d1:0x195f31a951184f73!8m2!3d13.9739669!4d44.1693786!16s%2Fg%2F11f1315kpx!19sChIJ0SNN0dDrHBYRc08YUakxXxk?authuser=0&hl=en&g_ep=EgoyMDI2MDkzMC4wIJJjKgBIAVAD&rclk=1,0x161cebd0d14d23d1:0x195f31a951184f73,وسط مدينة إب,محلات جوالات وملحقات,discovered,"['أجهزة كهربائية وطاقة شمسية في وسط مدينة إب, إب, اليمن', 'إلكترونيات وكمبيوتر في العدين الاسفل, إب, اليمن', 'إلكترونيات وكمبيوتر في وسط مدينة إب, إب, اليمن', 'محلات جوالات وملحقات في العدين, إب, اليمن', 'محلات جوالات وملحقات في وسط مدينة إب, إب, اليمن']"
,,,,,,,,,,https://www.google.com/maps/place/%D8%AC%D9%88%D8%A7%D9%84%D8%A7%D8%AA%E2%80%AD/data=!4m7!3m6!1s0x161ce9d813d8a1c5:0x317a80472695263c!8m2!3d13.9763125!4d44.1828125!16s%2Fg%2F11nxsh1gtj!19sChIJxaHYE9jpHBYRPCaVJkeAejE?authuser=0&hl=en&g_ep=EgoyMDI2MDkzMC4wIJJjKgBIAVAD&rclk=1,0x161ce9d813d8a1c5:0x317a80472695263c,وسط مدينة إب,محلات جوالات وملحقات,discovered,"['إلكترونيات وكمبيوتر في وسط مدينة إب, إب, اليمن', 'محلات جوالات وملحقات في العدين الاسفل, إب, اليمن', 'محلات جوالات وملحقات في وسط مدينة إب, إب, اليمن']"
,,,,,,,,,,https://www.google.com/maps/place/%D8%A7%D9%84%D8%AA%D8%B6%D8%A7%D9%85%D9%86+%D8%A7%D9%84%D8%AF%D9%88%D9%84%D9%8A%D8%A9+%D9%84%D9%84%D9%87%D9%88%D8%A7%D8%AA%D9%81+%D8%A7%D9%84%D8%B0%D9%83%D9%8A%D8%A9%E2%80%AD/data=!4m7!3m6!1s0x161ce99d7906bab5:0x1118e84e587835d9!8m2!3d13.9766673!4d44.1836984!16s%2Fg%2F11f3dbjrxp!19sChIJtboGeZ3pHBYR2TV4WE7oGBE?authuser=0&hl=en&g_ep=EgoyMDI2MDkzMC4wIJJjKgBIAVAD&rclk=1,0x161ce99d7906bab5:0x1118e84e587835d9,وسط مدينة إب,محلات جوالات وملحقات,discovered,"['محلات جوالات وملحقات في العدين الاسفل, إب, اليمن', 'محلات جوالات وملحقات في العدين, إب, اليمن', 'محلات جوالات وملحقات في وسط مدينة إب, إب, اليمن']"
,,,,,,,,,,https://www.google.com/maps/place/Smartphone+services+and+mobile+computer/data=!4m7!3m6!1s0x161ce9574e9a8921:0xa340080c0e179163!8m2!3d13.9501892!4d44.1764416!16s%2Fg%2F11c575t5cc!19sChIJIYmaTlfpHBYRY5EXDgwIQKM?authuser=0&hl=en&g_ep=EgoyMDI2MDkzMC4wIJJjKgBIAVAD&rclk=1,0x161ce9574e9a8921:0xa340080c0e179163,وسط مدينة إب,محلات جوالات وملحقات,discovered,"['إلكترونيات وكمبيوتر في وسط مدينة إب, إب, اليمن', 'محلات جوالات وملحقات في العدين الاسفل, إب, اليمن', 'محلات جوالات وملحقات في وسط مدينة إب, إب, اليمن']"
,,,,,,,,,,https://www.google.com/maps/place/%D9%85%D8%A4%D8%B3%D8%B3%D8%A9+%D8%A7%D8%A8%D9%88%D9%87%D8%A7%D8%AF%D9%8A+%D9%84%D9%84%D8%A7%D9%84%D9%83%D8%AA%D8%B1%D9%88%D9%86%D9%8A%D8%A7%D8%AA+%D9%88%D8%AE%D8%AF%D9%85%D8%A7%D8%AA+%D8%A7%D9%84%D8%AC%D9%88%D8%A7%D9%84%E2%80%AD/data=!4m7!3m6!1s0x161ceb99064352b5:0x90fdf1d432c72125!8m2!3d13.973992!4d44.1696654!16s%2Fg%2F11j48lfbj0!19sChIJtVJDBpnrHBYRJSHHMtTx_ZA?authuser=0&hl=en&g_ep=EgoyMDI2MDkzMC4wIJJjKgBIAVAD&rclk=1,0x161ceb99064352b5:0x90fdf1d432c72125,وسط مدينة إب,محلات جوالات وملحقات,discovered,"['إلكترونيات وكمبيوتر في وسط مدينة إب, إب, اليمن', 'محلات جوالات وملحقات في العدين الاسفل, إب, اليمن', 'محلات جوالات وملحقات في العدين, إب, اليمن', 'محلات جوالات وملحقات في وسط مدينة إب, إب, اليمن']"
,,,,,,,,,,https://www.google.com/maps/place/%D8%A7%D9%84%D9%86%D8%AC%D9%85+%D9%84%D8%AE%D8%AF%D9%85%D8%A7%D8%AA+%D8%A7%D9%84%D8%AC%D9%88%D8%A7%D9%84%E2%80%AD/data=!4m7!3m6!1s0x161ce98d004a25cb:0x1eb7f2a45b27b622!8m2!3d13.9739198!4d44.1848247!16s%2Fg%2F11hkdhpyg_!19sChIJyyVKAI3pHBYRIrYnW6Tytx4?authuser=0&hl=en&g_ep=EgoyMDI2MDkzMC4wIJJjKgBIAVAD&rclk=1,0x161ce98d004a25cb:0x1eb7f2a45b27b622,وسط مدينة إب,محلات جوالات وملحقات,discovered,"['محلات جوالات وملحقات في وسط مدينة إب, إب, اليمن']"
,,,,,,,,,,https://www.google.com/maps/place/%D9%83%D9%88%D9%86%D9%81%D9%88%D9%84%D9%88%D9%86+%D8%A7%D9%84%D9%8A%D9%85%D9%86+konfulonyemen%E2%80%AD/data=!4m7!3m6!1s0x161cebd6b7beea99:0xd7f651569da03964!8m2!3d13.9753387!4d44.1727795!16s%2Fg%2F11fs814tky!19sChIJmeq-t9brHBYRZDmgnVZR9tc?authuser=0&hl=en&g_ep=EgoyMDI2MDkzMC4wIJJjKgBIAVAD&rclk=1,0x161cebd6b7beea99:0xd7f651569da03964,وسط مدينة إب,محلات جوالات وملحقات,discovered,"['محلات جوالات وملحقات في وسط مدينة إب, إب, اليمن']"
,,,,,,,,,,https://www.google.com/maps/place/%D9%85%D8%AD%D9%84%D8%A7%D8%AA+%D8%A7%D9%84%D9%88%D9%84%D9%8A+%D8%A7%D9%84%D8%AA%D8%AC%D8%A7%D8%B1%D9%8A%D8%A9+-+%D9%84%D9%84%D8%A3%D8%AF%D9%88%D8%A7%D8%AA+%D8%A7%D9%84%D9%85%D9%86%D8%B2%D9%84%D9%8A%D8%A9%E2%80%AD/data=!4m7!3m6!1s0x161ce99806ea8087:0xe912ec1fc9fe9d7c!8m2!3d13.9743546!4d44.18303!16s%2Fg%2F11st8661c3!19sChIJh4DqBpjpHBYRfJ3-yR_sEuk?authuser=0&hl=en&g_ep=EgoyMDI2MDkzMC4wIJJjKgBIAVAD&rclk=1,0x161ce99806ea8087:0xe912ec1fc9fe9d7c,وسط مدينة إب,أدوات منزلية ومطابخ,discovered,"['أدوات منزلية ومطابخ في وسط مدينة إب, إب, اليمن']"
,,,,,,,,,,https://www.google.com/maps/place/%D9%85%D8%B1%D9%83%D8%B2+%D8%B9%D9%84%D9%8A+%D8%A8%D9%86+%D8%B9%D9%84%D9%8A+%D8%A7%D9%84%D8%BA%D8%B2%D8%A7%D9%84%D9%8A%E2%80%AD/data=!4m7!3m6!1s0x161ceb0cb8269387:0xc7c713fa078b6c78!8m2!3d13.9574417!4d44.169585!16s%2Fg%2F11vjzkhbp2!19sChIJh5MmuAzrHBYReGyLB_oTx8c?authuser=0&hl=en&g_ep=EgoyMDI2MDkzMC4wIJJjKgBIAVAD&rclk=1,0x161ceb0cb8269387:0xc7c713fa078b6c78,وسط مدينة إب,أدوات منزلية ومطابخ,discovered,"['أدوات منزلية ومطابخ في العدين, إب, اليمن', 'أدوات منزلية ومطابخ في وسط مدينة إب, إب, اليمن']"
,,,,,,,,,,https://www.google.com/maps/place/%D8%A7%D9%84%D9%86%D9%85%D9%86%D9%85+%D9%84%D9%84%D8%A7%D9%84%D9%83%D8%AA%D8%B1%D9%88%D9%86%D9%8A%D8%A7%D8%AA+%D9%88%D8%A7%D9%84%D8%A7%D8%AC%D9%87%D8%B2%D8%A9+%D8%A7%D9%84%D9%85%D9%86%D8%B2%D9%84%D9%8A%D8%A9%E2%80%AD/data=!4m7!3m6!1s0x161cebdce136e7b7:0x4aa2612d59bb1143!8m2!3d13.9654668!4d44.163588!16s%2Fg%2F11f38st7xv!19sChIJt-c24dzrHBYRQxG7WS1hoko?authuser=0&hl=en&g_ep=EgoyMDI2MDkzMC4wIJJjKgBIAVAD&rclk=1,0x161cebdce136e7b7:0x4aa2612d59bb1143,وسط مدينة إب,أدوات منزلية ومطابخ,discovered,"['أدوات منزلية ومطابخ في وسط مدينة إب, إب, اليمن', 'إلكترونيات وكمبيوتر في العدين الاسفل, إب, اليمن', 'إلكترونيات وكمبيوتر في وسط مدينة إب, إب, اليمن']"
,,,,,,,,,,https://www.google.com/maps/place/%D9%85%D8%AD%D9%84%D8%A7%D8%AA+%D8%A7%D9%84%D9%86%D9%85%D9%86%D9%85+_+%D8%A7%D9%84%D9%81%D8%B1%D8%B9+%D8%A7%D9%84%D8%B1%D8%A6%D9%8A%D8%B3%D9%8A%E2%80%AD/data=!4m7!3m6!1s0x161ce989cb91faf5:0x31928691b05be0b0!8m2!3d13.9742513!4d44.1841683!16s%2Fg%2F11j03bs0_7!19sChIJ9fqRy4npHBYRsOBbsJGGkjE?authuser=0&hl=en&g_ep=EgoyMDI2MDkzMC4wIJJjKgBIAVAD&rclk=1,0x161ce989cb91faf5:0x31928691b05be0b0,وسط مدينة إب,أدوات منزلية ومطابخ,discovered,"['أدوات منزلية ومطابخ في وسط مدينة إب, إب, اليمن', 'إلكترونيات وكمبيوتر في العدين الاسفل, إب, اليمن', 'إلكترونيات وكمبيوتر في وسط مدينة إب, إب, اليمن']"
,,,,,,,,,,https://www.google.com/maps/place/Ibb+Commercial+Complex/data=!4m7!3m6!1s0x161ce97e647f5a3f:0x2773f873da53ba71!8m2!3d13.9747796!4d44.1735796!16s%2Fg%2F11g9f7zml0!19sChIJP1p_ZH7pHBYRcbpT2nP4cyc?authuser=0&hl=en&g_ep=EgoyMDI2MDkzMC4wIJJjKgBIAVAD&rclk=1,0x161ce97e647f5a3f:0x2773f873da53ba71,وسط مدينة إب,أدوات منزلية ومطابخ,discovered,"['أدوات منزلية ومطابخ في وسط مدينة إب, إب, اليمن', 'أسواق ومحلات متنوعة في وسط مدينة إب, إب, اليمن', 'ملابس رجالية في العدين, إب, اليمن']"
,,,,,,,,,,https://www.google.com/maps/place/%D9%85%D8%B1%D9%83%D8%B2+%D9%8A%D8%A7%D8%A8%D9%84%D8%A7%D8%B4+%D9%84%D8%AA%D8%AE%D9%81%D9%8A%D8%B6%D8%A7%D8%AA+%D9%84%D9%84%D8%A7%D8%AD%D8%B0%D9%8A%D9%87+%D9%88%D8%A7%D9%84%D8%A7%D9%88%D8%A7%D8%AA+%D8%A7%D9%84%D9%85%D9%86%D8%B2%D9%84%D9%8A%D8%A9+%D9%88%D8%A7%D9%84%D9%85%D9%81%D8%B1%D9%88%D8%B4%D8%A7%D8%AA%E2%80%AD/data=!4m7!3m6!1s0x161ce9579f559b43:0x5b86c707d1c6af7a!8m2!3d13.9734241!4d44.1754145!16s%2Fg%2F11lkz_xs07!19sChIJQ5tVn1fpHBYReq_G0QfHhls?authuser=0&hl=en&g_ep=EgoyMDI2MDkzMC4wIJJjKgBIAVAD&rclk=1,0x161ce9579f559b43:0x5b86c707d1c6af7a,وسط مدينة إب,أدوات منزلية ومطابخ,discovered,"['أدوات منزلية ومطابخ في وسط مدينة إب, إب, اليمن', 'أسواق ومحلات متنوعة في وسط مدينة إب, إب, اليمن']"
,,,,,,,,,,https://www.google.com/maps/place/%D8%A7%D9%84%D8%B9%D8%A7%D9%84%D9%85%D9%8A+%D9%84%D9%84%D8%AF%D9%8A%D9%83%D9%88%D8%B1+%D9%88%D8%A7%D9%84%D8%AA%D8%AC%D8%A7%D8%B1%D8%A9+%D8%A7%D9%84%D8%B9%D8%A7%D9%85%D8%A9%E2%80%AD/data=!4m7!3m6!1s0x161ceb0015fb567f:0x35cb96af455eab3c!8m2!3d13.9668748!4d44.1622838!16s%2Fg%2F11vpgcj4bv!19sChIJf1b7FQDrHBYRPKteRa-WyzU?authuser=0&hl=en&g_ep=EgoyMDI2MDkzMC4wIJJjKgBIAVAD&rclk=1,0x161ceb0015fb567f:0x35cb96af455eab3c,وسط مدينة إب,أدوات منزلية ومطابخ,discovered,"['أدوات منزلية ومطابخ في وسط مدينة إب, إب, اليمن']"
,,,,,,,,,,https://www.google.com/maps/place/%D8%B1%D8%A7%D8%A6%D8%AF+%D8%A7%D9%84%D9%86%D9%85%D9%86%D9%85%E2%80%AD/data=!4m7!3m6!1s0x161ce9993724081b:0xd4f38d0f40a493d6!8m2!3d13.9751805!4d44.184722!16s%2Fg%2F11pyt0ppc0!19sChIJGwgkN5npHBYR1pOkQA-N89Q?authuser=0&hl=en&g_ep=EgoyMDI2MDkzMC4wIJJjKgBIAVAD&rclk=1,0x161ce9993724081b:0xd4f38d0f40a493d6,وسط مدينة إب,أدوات منزلية ومطابخ,discovered,"['أدوات منزلية ومطابخ في وسط مدينة إب, إب, اليمن', 'إلكترونيات وكمبيوتر في وسط مدينة إب, إب, اليمن']"
,,,,,,,,,,https://www.google.com/maps/place/%D8%B5%D9%8A%D8%AF%D9%84%D9%8A%D8%A9+%D8%A7%D9%84%D9%82%D8%A7%D9%87%D8%B1%D8%A9+Cairo+Pharmacy%E2%80%AD/data=!4m7!3m6!1s0x161ce91be6f2d317:0x7c30b59568751f8a!8m2!3d13.9570112!4d44.1811477!16s%2Fg%2F11h6qnpdh5!19sChIJF9Py5hvpHBYRih91aJW1MHw?authuser=0&hl=en&g_ep=EgoyMDI2MDkzMC4wIJJjKgBIAVAD&rclk=1,0x161ce91be6f2d317:0x7c30b59568751f8a,وسط مدينة إب,صيدليات,discovered,"['صيدليات في وسط مدينة إب, إب, اليمن']"
,,,,,,,,,,https://www.google.com/maps/place/%D8%B5%D9%8A%D8%AF%D9%84%D9%8A%D8%A9+%D8%A7%D9%84%D8%B2%D9%87%D8%B1%D8%A7%D8%A1+3%E2%80%AD/data=!4m7!3m6!1s0x161cebf5328fac57:0xe420c589119e2b40!8m2!3d13.9706968!4d44.1600312!16s%2Fg%2F11fky_dw6r!19sChIJV6yPMvXrHBYRQCueEYnFIOQ?authuser=0&hl=en&g_ep=EgoyMDI2MDkzMC4wIJJjKgBIAVAD&rclk=1,0x161cebf5328fac57:0xe420c589119e2b40,وسط مدينة إب,صيدليات,discovered,"['صيدليات في وسط مدينة إب, إب, اليمن']"
,,,,,,,,,,https://www.google.com/maps/place/%D8%B5%D9%8A%D8%AF%D9%84%D9%8A%D8%A9+%D8%B9%D8%A7%D9%84%D9%85+%D9%81%D8%A7%D8%B1%D9%85%D8%A7%E2%80%AD/data=!4m7!3m6!1s0x161ceb251cc1cdf5:0xe30d071309bd7f6!8m2!3d13.9683749!4d44.1523029!16s%2Fg%2F11h91cgxzx!19sChIJ9c3BHCXrHBYR9tebMHHQMA4?authuser=0&hl=en&g_ep=EgoyMDI2MDkzMC4wIJJjKgBIAVAD&rclk=1,0x161ceb251cc1cdf5:0xe30d071309bd7f6,وسط مدينة إب,صيدليات,discovered,"['صيدليات في العدين الاسفل, إب, اليمن', 'صيدليات في وسط مدينة إب, إب, اليمن']"
,,,,,,,,,,https://www.google.com/maps/place/%D8%A7%D9%84%D8%B5%D9%8A%D8%AF%D9%84%D9%8A%D8%A9+%D8%A7%D9%84%D9%8A%D9%85%D9%86%D9%8A%D8%A9+%D9%81%D8%A7%D8%B1%D9%85%D8%A7%E2%80%AD/data=!4m7!3m6!1s0x161ce900108ad2e7:0xfbfd02f4946ca21e!8m2!3d13.9526343!4d44.1765068!16s%2Fg%2F11zc_bqckx!19sChIJ59KKEADpHBYRHqJslPQC_fs?authuser=0&hl=en&g_ep=EgoyMDI2MDkzMC4wIJJjKgBIAVAD&rclk=1,0x161ce900108ad2e7:0xfbfd02f4946ca21e,وسط مدينة إب,صيدليات,discovered,"['صيدليات في العدين الاسفل, إب, اليمن', 'صيدليات في وسط مدينة إب, إب, اليمن']"
,,,,,,,,,,https://www.google.com/maps/place/%D8%B5%D9%8A%D8%AF%D9%84%D9%8A%D8%A9+%D9%84%D9%8A%D9%85%D9%88%D9%86+%D8%A5%D8%A8%E2%80%AD/data=!4m7!3m6!1s0x161ce926e19f1733:0x99a0200e0fcf3289!8m2!3d13.9708446!4d44.1759491!16s%2Fg%2F11h953d3sg!19sChIJMxef4SbpHBYRiTLPDw4goJk?authuser=0&hl=en&g_ep=EgoyMDI2MDkzMC4wIJJjKgBIAVAD&rclk=1,0x161ce926e19f1733:0x99a0200e0fcf3289,وسط مدينة إب,صيدليات,discovered,"['صيدليات في العدين الاسفل, إب, اليمن', 'صيدليات في وسط مدينة إب, إب, اليمن']"
,,,,,,,,,,https://www.google.com/maps/place/%D8%B5%D9%8A%D8%AF%D9%84%D9%8A%D8%A9+%D8%A7%D9%84%D8%B2%D9%87%D8%B1%D8%A7%D8%A1+2%E2%80%AD/data=!4m7!3m6!1s0x161ceb58ef2dad91:0x216d0b7b9b41e005!8m2!3d13.9743377!4d44.1696971!16s%2Fg%2F11hf73gqt1!19sChIJka0t71jrHBYRBeBBm3sLbSE?authuser=0&hl=en&g_ep=EgoyMDI2MDkzMC4wIJJjKgBIAVAD&rclk=1,0x161ceb58ef2dad91:0x216d0b7b9b41e005,وسط مدينة إب,صيدليات,discovered,"['صيدليات في وسط مدينة إب, إب, اليمن']"
,,,,,,,,,,https://www.google.com/maps/place/%D8%B5%D9%8A%D8%AF%D9%84%D9%8A%D9%87+%D8%B9%D8%A7%D9%84%D9%85+%D8%A7%D9%84%D8%AF%D9%88%D8%A7%D8%A1%E2%80%AD/data=!4m7!3m6!1s0x161cebbbe3ccae41:0x2f8562d1ff36bec0!8m2!3d13.9711546!4d44.1483193!16s%2Fg%2F11fz242gh4!19sChIJQa7M47vrHBYRwL42_9FihS8?authuser=0&hl=en&g_ep=EgoyMDI2MDkzMC4wIJJjKgBIAVAD&rclk=1,0x161cebbbe3ccae41:0x2f8562d1ff36bec0,وسط مدينة إب,صيدليات,discovered,"['صيدليات في وسط مدينة إب, إب, اليمن']"
,,,,,,,,,,https://www.google.com/maps/place/%D8%A7%D9%84%D8%B5%D9%8A%D8%AF%D9%84%D9%8A%D8%A9+%D8%A7%D9%84%D9%83%D8%A8%D8%B1%D9%89%E2%80%AD/data=!4m7!3m6!1s0x161ce96ff2e0cc6f:0x67da683a6a7cc7d7!8m2!3d13.9666427!4d44.1819722!16s%2Fg%2F11hb68p1tk!19sChIJb8zg8m_pHBYR18d8ajpo2mc?authuser=0&hl=en&g_ep=EgoyMDI2MDkzMC4wIJJjKgBIAVAD&rclk=1,0x161ce96ff2e0cc6f:0x67da683a6a7cc7d7,وسط مدينة إب,صيدليات,discovered,"['صيدليات في العدين الاسفل, إب, اليمن', 'صيدليات في وسط مدينة إب, إب, اليمن']"
,,,,,,,,,,https://www.google.com/maps/place/%D8%B5%D9%8A%D8%AF%D9%84%D9%8A%D9%87+%D8%A7%D9%84%D8%A8%D8%AF%D8%B1+%D8%A7%D9%84%D9%85%D8%B1%D9%83%D8%B2%D9%8A%D8%A9+%D8%A7%D8%A8%E2%80%AD/data=!4m7!3m6!1s0x161ce9d071036fa9:0x74478838b38bad4c!8m2!3d13.9566098!4d44.1816571!16s%2Fg%2F11lnr_1_y_!19sChIJqW8DcdDpHBYRTK2LsziIR3Q?authuser=0&hl=en&g_ep=EgoyMDI2MDkzMC4wIJJjKgBIAVAD&rclk=1,0x161ce9d071036fa9:0x74478838b38bad4c,وسط مدينة إب,صيدليات,discovered,"['صيدليات في وسط مدينة إب, إب, اليمن']"
,,,,,,,,,,https://www.google.com/maps/place/%D8%B5%D9%8A%D8%AF%D9%84%D9%8A%D9%87+%D9%88%D9%85%D8%AE%D8%AA%D8%A8%D8%B1%D8%A7%D8%AA+%D8%A7%D9%84%D9%88%D8%AA%D9%8A%D9%86%E2%80%AD/data=!4m7!3m6!1s0x161cebeda8f15b5b:0x3052bcbea78be6c5!8m2!3d13.9693436!4d44.1572261!16s%2Fg%2F11yxp8_k3h!19sChIJW1vxqO3rHBYRxeaLp768UjA?authuser=0&hl=en&g_ep=EgoyMDI2MDkzMC4wIJJjKgBIAVAD&rclk=1,0x161cebeda8f15b5b:0x3052bcbea78be6c5,وسط مدينة إب,صيدليات,discovered,"['صيدليات في وسط مدينة إب, إب, اليمن']"
,,,,,,,,,,https://www.google.com/maps/place/%D8%B5%D9%8A%D8%AF%D9%84%D9%8A%D8%A9+%D8%A7%D9%84%D8%B2%D9%87%D8%B1%D8%A7%D8%A1+1%E2%80%AD/data=!4m7!3m6!1s0x161ceb2ef636579d:0xcd73ebc1697f02e6!8m2!3d13.9760606!4d44.170827!16s%2Fg%2F11j8hjlbq2!19sChIJnVc29i7rHBYR5gJ_acHrc80?authuser=0&hl=en&g_ep=EgoyMDI2MDkzMC4wIJJjKgBIAVAD&rclk=1,0x161ceb2ef636579d:0xcd73ebc1697f02e6,وسط مدينة إب,صيدليات,discovered,"['صيدليات في العدين الاسفل, إب, اليمن', 'صيدليات في وسط مدينة إب, إب, اليمن']"
,,,,,,,,,,https://www.google.com/maps/place/%D8%B5%D9%8A%D8%AF%D9%84%D9%8A%D8%A9+%D8%A7%D9%84%D8%A7%D9%85%D8%A7%D9%86%E2%80%AD/data=!4m7!3m6!1s0x161ce9764d72557b:0x183fad7ed8a63cf2!8m2!3d13.974556!4d44.1840251!16s%2Fg%2F11g6_3wwp7!19sChIJe1VyTXbpHBYR8jym2H6tPxg?authuser=0&hl=en&g_ep=EgoyMDI2MDkzMC4wIJJjKgBIAVAD&rclk=1,0x161ce9764d72557b:0x183fad7ed8a63cf2,وسط مدينة إب,صيدليات,discovered,"['صيدليات في وسط مدينة إب, إب, اليمن']"
,,,,,,,,,,https://www.google.com/maps/place/%D8%B5%D9%8A%D8%AF%D9%84%D9%8A%D8%A9+%D8%A7%D8%A8+%D9%81%D8%A7%D8%B1%D9%85%D8%A7%E2%80%AD/data=!4m7!3m6!1s0x161ceb503b0f5629:0x83cbba75aea2fe88!8m2!3d13.9740866!4d44.1676588!16s%2Fg%2F11mvrr3qzd!19sChIJKVYPO1DrHBYRiP6irnW6y4M?authuser=0&hl=en&g_ep=EgoyMDI2MDkzMC4wIJJjKgBIAVAD&rclk=1,0x161ceb503b0f5629:0x83cbba75aea2fe88,وسط مدينة إب,صيدليات,discovered,"['صيدليات في وسط مدينة إب, إب, اليمن']"
,,,,,,,,,,https://www.google.com/maps/place/%D8%B5%D9%8A%D8%AF%D9%84%D9%8A%D9%87+%D9%84%D9%85%D8%B3%D9%87+%D8%A7%D9%84%D8%B9%D8%A7%D9%81%D9%8A%D9%87%E2%80%AD/data=!4m7!3m6!1s0x161cebae0f8e497b:0xa0ea5bfdd3233ca!8m2!3d13.9708885!4d44.1650616!16s%2Fg%2F11j7hqrz7t!19sChIJe0mOD67rHBYRyjMy3b-lDgo?authuser=0&hl=en&g_ep=EgoyMDI2MDkzMC4wIJJjKgBIAVAD&rclk=1,0x161cebae0f8e497b:0xa0ea5bfdd3233ca,وسط مدينة إب,صيدليات,discovered,"['صيدليات في وسط مدينة إب, إب, اليمن']"
,,,,,,,,,,https://www.google.com/maps/place/%D8%B5%D9%8A%D8%AF%D9%84%D9%8A%D9%87+%D8%A7%D9%84%D8%A8%D8%BA%D8%AF%D8%A7%D8%AF%D9%8A+%D8%A7%D8%A8%E2%80%AD/data=!4m7!3m6!1s0x161ce99d9117bb6b:0x8a308663bf490248!8m2!3d13.9765507!4d44.185049!16s%2Fg%2F11gfhb9bf4!19sChIJa7sXkZ3pHBYRSAJJv2OGMIo?authuser=0&hl=en&g_ep=EgoyMDI2MDkzMC4wIJJjKgBIAVAD&rclk=1,0x161ce99d9117bb6b:0x8a308663bf490248,وسط مدينة إب,صيدليات,discovered,"['صيدليات في وسط مدينة إب, إب, اليمن']"
,,,,,,,,,,https://www.google.com/maps/place/%D8%B5%D9%8A%D8%AF%D9%84%D9%8A%D8%A9+%D8%A7%D9%84%D9%85%D8%AA%D9%88%D9%83%D9%84+1+%D8%A7%D9%84%D9%83%D8%A8%D8%B1%D9%89%E2%80%AD/data=!4m7!3m6!1s0x161ceb003841aaa5:0xd26c4dd668c71e5f!8m2!3d13.9714084!4d44.1595565!16s%2Fg%2F11vwkhv8kz!19sChIJpapBOADrHBYRXx7HaNZNbNI?authuser=0&hl=en&g_ep=EgoyMDI2MDkzMC4wIJJjKgBIAVAD&rclk=1,0x161ceb003841aaa5:0xd26c4dd668c71e5f,وسط مدينة إب,صيدليات,discovered,"['صيدليات في وسط مدينة إب, إب, اليمن']"
,,,,,,,,,,https://www.google.com/maps/place/%D8%A7%D9%84%D8%B5%D9%8A%D8%AF%D9%84%D9%8A%D8%A9+%D8%A7%D9%84%D8%AA%D8%AE%D8%B5%D8%B5%D9%8A%D8%A9+%D9%81%D8%A7%D8%B1%D9%85%D8%A7%E2%80%AD/data=!4m7!3m6!1s0x161ce9170bf9e7c9:0xc76f5f616ea96914!8m2!3d13.9526362!4d44.1771423!16s%2Fg%2F11jlxfz5f5!19sChIJyef5CxfpHBYRFGmpbmFfb8c?authuser=0&hl=en&g_ep=EgoyMDI2MDkzMC4wIJJjKgBIAVAD&rclk=1,0x161ce9170bf9e7c9:0xc76f5f616ea96914,وسط مدينة إب,صيدليات,discovered,"['صيدليات في وسط مدينة إب, إب, اليمن']"
,,,,,,,,,,https://www.google.com/maps/place/%D8%B5%D9%8A%D8%AF%D9%84%D9%8A%D8%A9+%D8%A5%D8%A8%D9%86+%D8%B3%D9%8A%D9%86%D8%A7%D8%A1%E2%80%AD/data=!4m7!3m6!1s0x161ce98f0194b84f:0xd9e7e012cb43943e!8m2!3d13.9725969!4d44.1754067!16s%2Fg%2F11j3vj4m2l!19sChIJT7iUAY_pHBYRPpRDyxLg59k?authuser=0&hl=en&g_ep=EgoyMDI2MDkzMC4wIJJjKgBIAVAD&rclk=1,0x161ce98f0194b84f:0xd9e7e012cb43943e,وسط مدينة إب,صيدليات,discovered,"['صيدليات في وسط مدينة إب, إب, اليمن']"
,,,,,,,,,,https://www.google.com/maps/place/%D8%B5%D9%8A%D8%AF%D9%84%D9%8A%D8%A9+%D8%A3%D8%B3%D8%B1%D8%A7%D8%B1+%D8%A7%D9%84%D8%AF%D9%88%D8%A7%D8%A1%E2%80%AD/data=!4m7!3m6!1s0x161ceb792c41146f:0x174ec32c0f80ee8!8m2!3d13.976941!4d44.1594782!16s%2Fg%2F11hzx_2drk!19sChIJbxRBLHnrHBYR6A74wDLsdAE?authuser=0&hl=en&g_ep=EgoyMDI2MDkzMC4wIJJjKgBIAVAD&rclk=1,0x161ceb792c41146f:0x174ec32c0f80ee8,وسط مدينة إب,صيدليات,discovered,"['صيدليات في وسط مدينة إب, إب, اليمن']"
,,,,,,,,,,https://www.google.com/maps/place/%D8%B5%D9%8A%D8%AF%D9%84%D9%8A%D8%A9+%D8%A7%D9%84%D9%82%D8%AF%D9%8A%D9%85%D9%8A+AlQudimi+pharmacy%E2%80%AD/data=!4m7!3m6!1s0x161ceb003953c701:0xb5fcc1729f71e011!8m2!3d13.9703495!4d44.1635337!16s%2Fg%2F11wfr2xzr4!19sChIJAcdTOQDrHBYREeBxn3LB_LU?authuser=0&hl=en&g_ep=EgoyMDI2MDkzMC4wIJJjKgBIAVAD&rclk=1,0x161ceb003953c701:0xb5fcc1729f71e011,وسط مدينة إب,صيدليات,discovered,"['صيدليات في العدين, إب, اليمن', 'صيدليات في وسط مدينة إب, إب, اليمن']"
,,,,,,,,,,https://www.google.com/maps/place/%D8%B5%D9%8A%D8%AF%D9%84%D9%8A%D9%87+%D8%A7%D9%84%D8%AF%D9%88%D8%A7%D8%A1+%D8%A7%D9%84%D8%A7%D9%85%D8%AB%D9%84+%D8%AF%2F+%D8%B9%D8%A8%D8%AF%D8%A7%D9%84%D8%B1%D8%AD%D9%85%D9%86+%D8%A7%D9%84%D8%AD%D8%A7%D8%B4%D8%AF%D9%8A%E2%80%AD/data=!4m7!3m6!1s0x161ce9004c6a2cf3:0x902cc0b82a0d9439!8m2!3d13.95381!4d44.1834333!16s%2Fg%2F11xtbkl_y7!19sChIJ8yxqTADpHBYROZQNKrjALJA?authuser=0&hl=en&g_ep=EgoyMDI2MDkzMC4wIJJjKgBIAVAD&rclk=1,0x161ce9004c6a2cf3:0x902cc0b82a0d9439,وسط مدينة إب,صيدليات,discovered,"['صيدليات في العدين الاسفل, إب, اليمن', 'صيدليات في العدين, إب, اليمن', 'صيدليات في وسط مدينة إب, إب, اليمن']"
,,,,,,,,,,https://www.google.com/maps/place/%D8%B5%D9%8A%D8%AF%D9%84%D9%8A%D8%A9+%D8%A7%D9%84%D8%B9%D8%B2%D9%8A%E2%80%AD/data=!4m7!3m6!1s0x161ceb769570b323:0xe7aae7a7ae57c478!8m2!3d13.9579494!4d44.1662508!16s%2Fg%2F11n06c3v2c!19sChIJI7NwlXbrHBYReMRXrqfnquc?authuser=0&hl=en&g_ep=EgoyMDI2MDkzMC4wIJJjKgBIAVAD&rclk=1,0x161ceb769570b323:0xe7aae7a7ae57c478,وسط مدينة إب,صيدليات,discovered,"['صيدليات في وسط مدينة إب, إب, اليمن']"
,,,,,,,,,,https://www.google.com/maps/place/%D8%B5%D9%8A%D8%AF%D9%84%D9%8A%D8%A9+%D9%86%D8%A8%D8%B6+%D8%A7%D9%84%D8%AD%D9%8A%D8%A7%D8%A9+%D8%AF%2F%D8%B5%D9%87%D9%8A%D8%A8%E2%80%AD/data=!4m7!3m6!1s0x161ceb0008915a9f:0x17109890f77dd827!8m2!3d13.9566448!4d44.1686228!16s%2Fg%2F11vzx6n21g!19sChIJn1qRCADrHBYRJ9h995CYEBc?authuser=0&hl=en&g_ep=EgoyMDI2MDkzMC4wIJJjKgBIAVAD&rclk=1,0x161ceb0008915a9f:0x17109890f77dd827,وسط مدينة إب,صيدليات,discovered,"['صيدليات في وسط مدينة إب, إب, اليمن']"
,,,,,,,,,,https://www.google.com/maps/place/%D8%B5%D9%8A%D8%AF%D9%84%D9%8A%D9%87+%D8%A7%D9%84%D9%8A%D9%85%D9%86%D9%8A%D9%87+%D8%AF%2F%D9%87%D9%8A%D8%AB%D9%85+%D8%A7%D9%84%D8%B9%D8%B1%D9%88%D9%85%D9%8A%E2%80%AD/data=!4m7!3m6!1s0x161ce9ee15c35ca3:0x65a95d32a2c55a30!8m2!3d13.9511018!4d44.1875771!16s%2Fg%2F11jtdrj76q!19sChIJo1zDFe7pHBYRMFrFojJdqWU?authuser=0&hl=en&g_ep=EgoyMDI2MDkzMC4wIJJjKgBIAVAD&rclk=1,0x161ce9ee15c35ca3:0x65a95d32a2c55a30,وسط مدينة إب,صيدليات,discovered,"['صيدليات في العدين الاسفل, إب, اليمن', 'صيدليات في وسط مدينة إب, إب, اليمن']"
,,,,,,,,,,https://www.google.com/maps/place/%D8%B5%D9%8A%D8%AF%D9%84%D9%8A%D8%A9+%D8%A7%D9%84%D8%B2%D9%87%D8%B1%D8%A7%D9%88%D9%8A+_+Al-Zahrawi+Pharmacy+%28+772048653+%29%E2%80%AD/data=!4m7!3m6!1s0x161cebb799df24f1:0x1b5afb94a2a44751!8m2!3d13.9707725!4d44.1565603!16s%2Fg%2F11qj1_0rn7!19sChIJ8STfmbfrHBYRUUekopT7Whs?authuser=0&hl=en&g_ep=EgoyMDI2MDkzMC4wIJJjKgBIAVAD&rclk=1,0x161cebb799df24f1:0x1b5afb94a2a44751,وسط مدينة إب,صيدليات,discovered,"['صيدليات في العدين الاسفل, إب, اليمن', 'صيدليات في العدين, إب, اليمن', 'صيدليات في وسط مدينة إب, إب, اليمن']"
,,,,,,,,,,https://www.google.com/maps/place/%D8%B5%D9%8A%D8%AF%D9%84%D9%8A%D8%A9+%D9%86%D9%88%D8%B1+%D9%81%D8%A7%D8%B1%D9%85%D8%A7%E2%80%AD/data=!4m7!3m6!1s0x161ce90060ff8931:0x46077d6df38c755d!8m2!3d13.9595809!4d44.1807545!16s%2Fg%2F11yhzlj0gd!19sChIJMYn_YADpHBYRXXWM8219B0Y?authuser=0&hl=en&g_ep=EgoyMDI2MDkzMC4wIJJjKgBIAVAD&rclk=1,0x161ce90060ff8931:0x46077d6df38c755d,وسط مدينة إب,صيدليات,discovered,"['صيدليات في وسط مدينة إب, إب, اليمن']"
,,,,,,,,,,https://www.google.com/maps/place/%D8%B5%D9%8A%D8%AF%D9%84%D9%8A%D8%A9+%D8%AA%D8%AF%D8%A7%D9%88%D9%8A%D9%86%D8%A7+%D9%81%D8%A7%D8%B1%D9%85%D8%A7%E2%80%AD/data=!4m7!3m6!1s0x161ceb006a47b685:0xbf3729290f016329!8m2!3d13.973293!4d44.1716604!16s%2Fg%2F11vz8gy3tj!19sChIJhbZHagDrHBYRKWMBDykpN78?authuser=0&hl=en&g_ep=EgoyMDI2MDkzMC4wIJJjKgBIAVAD&rclk=1,0x161ceb006a47b685:0xbf3729290f016329,وسط مدينة إب,صيدليات,discovered,"['صيدليات في وسط مدينة إب, إب, اليمن']"
,,,,,,,,,,https://www.google.com/maps/place/%D8%B5%D9%8A%D8%AF%D9%84%D9%8A%D8%A9+%D8%A7%D9%84%D8%B9%D9%81%D9%8A%D9%81%E2%80%AD/data=!4m7!3m6!1s0x161ceb93833bbe9d:0xea2cfbdf472fee7!8m2!3d13.9708616!4d44.1567372!16s%2Fg%2F11vdd6lb1h!19sChIJnb47g5PrHBYR5_5y9L3Pog4?authuser=0&hl=en&g_ep=EgoyMDI2MDkzMC4wIJJjKgBIAVAD&rclk=1,0x161ceb93833bbe9d:0xea2cfbdf472fee7,وسط مدينة إب,صيدليات,discovered,"['صيدليات في وسط مدينة إب, إب, اليمن']"
,,,,,,,,,,https://www.google.com/maps/place/%D8%B5%D9%8A%D8%AF%D9%84%D9%8A%D8%A9+%D8%B5%D8%AF%D8%A7%D9%85%E2%80%AD/data=!4m7!3m6!1s0x161ceb004c8c702d:0x79a5a27b69e35bd0!8m2!3d13.9762401!4d44.1712283!16s%2Fg%2F11vst6mwyh!19sChIJLXCMTADrHBYR0FvjaXuipXk?authuser=0&hl=en&g_ep=EgoyMDI2MDkzMC4wIJJjKgBIAVAD&rclk=1,0x161ceb004c8c702d:0x79a5a27b69e35bd0,وسط مدينة إب,صيدليات,discovered,"['صيدليات في العدين الاسفل, إب, اليمن', 'صيدليات في وسط مدينة إب, إب, اليمن']"
,,,,,,,,,,https://www.google.com/maps/place/%D8%B5%D9%8A%D8%AF%D9%84%D9%8A%D8%A9+%D8%AA%D8%A7%D8%AC+%D8%A7%D9%84%D8%AF%D9%88%D8%A7%D8%A1%E2%80%AD/data=!4m7!3m6!1s0x161ce9900b0f9a45:0x117b71248d98cd30!8m2!3d13.9727935!4d44.1888576!16s%2Fg%2F11fml256_9!19sChIJRZoPC5DpHBYRMM2YjSRxexE?authuser=0&hl=en&g_ep=EgoyMDI2MDkzMC4wIJJjKgBIAVAD&rclk=1,0x161ce9900b0f9a45:0x117b71248d98cd30,وسط مدينة إب,صيدليات,discovered,"['صيدليات في العدين الاسفل, إب, اليمن', 'صيدليات في وسط مدينة إب, إب, اليمن']"
,,,,,,,,,,https://www.google.com/maps/place/%D8%B5%D9%8A%D8%AF%D9%84%D9%8A%D8%A9+%D8%A7%D9%84%D8%B9%D8%A7%D9%85%D8%B1%D9%8A%E2%80%AD/data=!4m7!3m6!1s0x161ce9b8b9d0fb0f:0xe746087c6f19e6e3!8m2!3d13.9757148!4d44.1849036!16s%2Fg%2F11h8brn7f5!19sChIJD_vQubjpHBYR4-YZb3wIRuc?authuser=0&hl=en&g_ep=EgoyMDI2MDkzMC4wIJJjKgBIAVAD&rclk=1,0x161ce9b8b9d0fb0f:0xe746087c6f19e6e3,وسط مدينة إب,صيدليات,discovered,"['صيدليات في وسط مدينة إب, إب, اليمن']"
,,,,,,,,,,https://www.google.com/maps/place/Hawah+Pharmacy/data=!4m7!3m6!1s0x161ce99dfd6f57fd:0xcd4f04c95deae93b!8m2!3d13.9762049!4d44.1862518!16s%2Fg%2F11c318v11g!19sChIJ_Vdv_Z3pHBYRO-nqXckET80?authuser=0&hl=en&g_ep=EgoyMDI2MDkzMC4wIJJjKgBIAVAD&rclk=1,0x161ce99dfd6f57fd:0xcd4f04c95deae93b,وسط مدينة إب,صيدليات,discovered,"['صيدليات في وسط مدينة إب, إب, اليمن']"
,,,,,,,,,,https://www.google.com/maps/place/%D9%85%D8%B9%D8%A7%D9%84%D9%85+%D8%A7%D9%84%D8%B7%D8%A8%D9%8A%D8%B9%D8%A9%E2%80%AD/data=!4m7!3m6!1s0x161ceb002100f505:0xef51dae71e69f381!8m2!3d13.9720804!4d44.1625265!16s%2Fg%2F11vylzcp97!19sChIJBfUAIQDrHBYRgfNpHufaUe8?authuser=0&hl=en&g_ep=EgoyMDI2MDkzMC4wIJJjKgBIAVAD&rclk=1,0x161ceb002100f505:0xef51dae71e69f381,وسط مدينة إب,صيدليات,discovered,"['صيدليات في وسط مدينة إب, إب, اليمن']"
,,,,,,,,,,https://www.google.com/maps/place/%D8%B5%D9%8A%D8%AF%D9%84%D9%8A%D9%87+%D9%81%D9%8A%D8%B1%D9%88%D8%B2%E2%80%AD/data=!4m7!3m6!1s0x161cebe172e17a45:0xf2991c5f5474557a!8m2!3d13.9673684!4d44.168467!16s%2Fg%2F11j2wmvf74!19sChIJRXrhcuHrHBYRelV0VF8cmfI?authuser=0&hl=en&g_ep=EgoyMDI2MDkzMC4wIJJjKgBIAVAD&rclk=1,0x161cebe172e17a45:0xf2991c5f5474557a,وسط مدينة إب,صيدليات,discovered,"['صيدليات في وسط مدينة إب, إب, اليمن']"
,,,,,,,,,,https://www.google.com/maps/place/%D8%B5%D9%8A%D8%AF%D9%84%D9%8A%D9%87+%D8%A7%D9%84%D8%B3%D8%AE%D8%A7%D8%A1%E2%80%AD/data=!4m7!3m6!1s0x161ce995074a50a7:0x1431c25e074839a6!8m2!3d13.9673721!4d44.1828659!16s%2Fg%2F11fl4hkcpg!19sChIJp1BKB5XpHBYRpjlIB17CMRQ?authuser=0&hl=en&g_ep=EgoyMDI2MDkzMC4wIJJjKgBIAVAD&rclk=1,0x161ce995074a50a7:0x1431c25e074839a6,وسط مدينة إب,صيدليات,discovered,"['صيدليات في وسط مدينة إب, إب, اليمن']"
,,,,,,,,,,https://www.google.com/maps/place/%D8%B5%D9%8A%D8%AF%D9%84%D9%8A%D9%87+%D8%B9%D8%B5%D8%A7%D9%85%E2%80%AD/data=!4m7!3m6!1s0x161ce9764203b709:0x92a76a98efc1272d!8m2!3d13.9745189!4d44.1850458!16s%2Fg%2F11f03xrkp_!19sChIJCbcDQnbpHBYRLSfB75hqp5I?authuser=0&hl=en&g_ep=EgoyMDI2MDkzMC4wIJJjKgBIAVAD&rclk=1,0x161ce9764203b709:0x92a76a98efc1272d,وسط مدينة إب,صيدليات,discovered,"['صيدليات في العدين الاسفل, إب, اليمن', 'صيدليات في وسط مدينة إب, إب, اليمن']"
,,,,,,,,,,https://www.google.com/maps/place/%D8%B5%D9%8A%D8%AF%D9%84%D9%8A%D8%A9+%D8%A7%D9%84%D8%B2%D9%87%D8%B1%D8%A7%D8%A1+4%E2%80%AD/data=!4m7!3m6!1s0x161ce9f24f521c73:0x578122254db81154!8m2!3d13.9521484!4d44.1757589!16s%2Fg%2F11l354vllx!19sChIJcxxST_LpHBYRVBG4TSUigVc?authuser=0&hl=en&g_ep=EgoyMDI2MDkzMC4wIJJjKgBIAVAD&rclk=1,0x161ce9f24f521c73:0x578122254db81154,وسط مدينة إب,صيدليات,discovered,"['صيدليات في وسط مدينة إب, إب, اليمن']"
,,,,,,,,,,https://www.google.com/maps/place/%D8%B5%D9%8A%D8%AF%D9%84%D9%8A%D9%87+%DA%A4%D9%8A%D8%AA%D8%A7%D9%85%D9%8A%D9%86+%D8%A7%D9%84%D9%85%D8%B1%D9%83%D8%B2%D9%8A%D9%87%E2%80%AD/data=!4m7!3m6!1s0x161cebdd1bbee0ef:0xebab7b12279832af!8m2!3d13.9765521!4d44.1573423!16s%2Fg%2F11zccmv0d8!19sChIJ7-C-G93rHBYRrzKYJxJ7q-s?authuser=0&hl=en&g_ep=EgoyMDI2MDkzMC4wIJJjKgBIAVAD&rclk=1,0x161cebdd1bbee0ef:0xebab7b12279832af,وسط مدينة إب,صيدليات,discovered,"['صيدليات في العدين الاسفل, إب, اليمن', 'صيدليات في وسط مدينة إب, إب, اليمن']"
,,,,,,,,,,https://www.google.com/maps/place/%D8%B5%D9%8A%D8%AF%D9%84%D9%8A%D8%A9+%D8%A7%D9%84%D8%B3%D8%A8%D9%84+%D9%81%D8%A7%D8%B1%D9%85%D8%A7%E2%80%AD/data=!4m7!3m6!1s0x161ceb17f87d630f:0xbca6a658450c83fe!8m2!3d13.9717615!4d44.1495776!16s%2Fg%2F11kqx13kt3!19sChIJD2N9-BfrHBYR_oMMRVimprw?authuser=0&hl=en&g_ep=EgoyMDI2MDkzMC4wIJJjKgBIAVAD&rclk=1,0x161ceb17f87d630f:0xbca6a658450c83fe,وسط مدينة إب,صيدليات,discovered,"['صيدليات في وسط مدينة إب, إب, اليمن']"
,,,,,,,,,,https://www.google.com/maps/place/%D8%B5%D9%8A%D8%AF%D9%84%D9%8A%D9%87+%D8%A7%D8%B1%D9%8A%D8%B3%E2%80%AD/data=!4m7!3m6!1s0x161ce900719ebff5:0x59040df5df4e9c5d!8m2!3d13.9655013!4d44.1848572!16s%2Fg%2F11y6dsy1jj!19sChIJ9b-ecQDpHBYRXZxO3_UNBFk?authuser=0&hl=en&g_ep=EgoyMDI2MDkzMC4wIJJjKgBIAVAD&rclk=1,0x161ce900719ebff5:0x59040df5df4e9c5d,وسط مدينة إب,صيدليات,discovered,"['صيدليات في وسط مدينة إب, إب, اليمن']"
,,,,,,,,,,https://www.google.com/maps/place/%D8%B5%D9%8A%D8%AF%D9%84%D9%8A%D8%A9+%D9%86%D9%88%D9%81%D8%A7+%E2%80%93+Nova+Pharmacy%E2%80%AD/data=!4m7!3m6!1s0x161ce90001b8ade5:0x4ef6caaea4d40e9e!8m2!3d13.9749077!4d44.1720587!16s%2Fg%2F11vwtlvzxn!19sChIJ5a24AQDpHBYRng7UpK7K9k4?authuser=0&hl=en&g_ep=EgoyMDI2MDkzMC4wIJJjKgBIAVAD&rclk=1,0x161ce90001b8ade5:0x4ef6caaea4d40e9e,وسط مدينة إب,صيدليات,discovered,"['صيدليات في العدين الاسفل, إب, اليمن', 'صيدليات في العدين, إب, اليمن', 'صيدليات في وسط مدينة إب, إب, اليمن']"
,,,,,,,,,,https://www.google.com/maps/place/%D8%B5%D9%8A%D8%AF%D9%84%D9%8A%D9%87+%D8%A7%D9%84%D8%B1%D8%B4%D9%8A%D8%AF%E2%80%AD/data=!4m7!3m6!1s0x161ceb005c63276d:0x8dcc59790481c0b6!8m2!3d13.9710726!4d44.1581687!16s%2Fg%2F11mf64jtkb!19sChIJbSdjXADrHBYRtsCBBHlZzI0?authuser=0&hl=en&g_ep=EgoyMDI2MDkzMC4wIJJjKgBIAVAD&rclk=1,0x161ceb005c63276d:0x8dcc59790481c0b6,وسط مدينة إب,صيدليات,discovered,"['صيدليات في وسط مدينة إب, إب, اليمن']"
,,,,,,,,,,https://www.google.com/maps/place/%D8%B5%D9%8A%D8%AF%D9%84%D9%8A%D9%87+%D8%A7%D9%84%D9%88%D8%B1%D8%A7%D9%81%D9%8A+%D8%B9%D8%A8%D9%88%D8%AF%D9%8A%E2%80%AD/data=!4m7!3m6!1s0x161ce9004df120ef:0x921c3c26ea39ddf0!8m2!3d13.9741099!4d44.1751359!16s%2Fg%2F11vt7ygbv8!19sChIJ7yDxTQDpHBYR8N056iY8HJI?authuser=0&hl=en&g_ep=EgoyMDI2MDkzMC4wIJJjKgBIAVAD&rclk=1,0x161ce9004df120ef:0x921c3c26ea39ddf0,وسط مدينة إب,صيدليات,discovered,"['صيدليات في وسط مدينة إب, إب, اليمن']"
,,,,,,,,,,https://www.google.com/maps/place/%D8%B5%D9%8A%D8%AF%D9%84%D9%8A%D8%A9%D8%B7%D9%84%D8%AD%D8%A9+%D8%A7%D9%84%D9%85%D8%B1%D9%83%D8%B2%D9%8A%D8%A9%E2%80%AD/data=!4m7!3m6!1s0x161ce9ea24a360ed:0xdeb7d9b5e1b7f37!8m2!3d13.9735588!4d44.1834041!16s%2Fg%2F11gmcq18lv!19sChIJ7WCjJOrpHBYRN38bXpt96w0?authuser=0&hl=en&g_ep=EgoyMDI2MDkzMC4wIJJjKgBIAVAD&rclk=1,0x161ce9ea24a360ed:0xdeb7d9b5e1b7f37,وسط مدينة إب,صيدليات,discovered,"['صيدليات في وسط مدينة إب, إب, اليمن']"
,,,,,,,,,,https://www.google.com/maps/place/%D8%B5%D9%8A%D8%AF%D9%84%D9%8A%D8%A9+%D8%A7%D9%84%D8%A7%D8%AD%D9%85%D8%AF%D9%8A%E2%80%AD/data=!4m7!3m6!1s0x161ceb2860496f15:0x5f8cacef17071da2!8m2!3d13.9709221!4d44.1651899!16s%2Fg%2F11lgkc_wn2!19sChIJFW9JYCjrHBYRoh0HF--sjF8?authuser=0&hl=en&g_ep=EgoyMDI2MDkzMC4wIJJjKgBIAVAD&rclk=1,0x161ceb2860496f15:0x5f8cacef17071da2,وسط مدينة إب,صيدليات,discovered,"['صيدليات في وسط مدينة إب, إب, اليمن']"
,,,,,,,,,,https://www.google.com/maps/place/%D8%B5%D9%8A%D8%AF%D9%84%D9%8A%D8%A9+%D8%A7%D9%84%D9%85%D9%84%D9%87%D9%85%E2%80%AD/data=!4m7!3m6!1s0x161cebef59d5797f:0xd972ad76d2b5c997!8m2!3d13.9761945!4d44.1710887!16s%2Fg%2F11lfq4vtw4!19sChIJf3nVWe_rHBYRl8m10natctk?authuser=0&hl=en&g_ep=EgoyMDI2MDkzMC4wIJJjKgBIAVAD&rclk=1,0x161cebef59d5797f:0xd972ad76d2b5c997,وسط مدينة إب,صيدليات,discovered,"['صيدليات في وسط مدينة إب, إب, اليمن']"
,,,,,,,,,,https://www.google.com/maps/place/%D8%B5%D9%8A%D8%AF%D9%84%D9%8A%D9%87+%D8%B5%D8%AD%D9%87+%D8%A7%D9%84%D8%A7%D8%B3%D8%B1%D9%87%E2%80%AD/data=!4m7!3m6!1s0x161ce9848ab5187d:0x194ad8c079099a!8m2!3d13.9627194!4d44.1858041!16s%2Fg%2F11v3pg89tg!19sChIJfRi1ioTpHBYRmgl5wNhKGQA?authuser=0&hl=en&g_ep=EgoyMDI2MDkzMC4wIJJjKgBIAVAD&rclk=1,0x161ce9848ab5187d:0x194ad8c079099a,وسط مدينة إب,صيدليات,discovered,"['صيدليات في وسط مدينة إب, إب, اليمن']"
,,,,,,,,,,https://www.google.com/maps/place/%D8%B5%D9%8A%D8%AF%D9%84%D9%8A%D9%87+%D8%A7%D9%84%D9%8A%D9%85%D8%A7%D9%85%D8%A9%E2%80%AD/data=!4m7!3m6!1s0x161cebc1ba4b529b:0x1328ec5217b3cec9!8m2!3d13.9707504!4d44.151805!16s%2Fg%2F11fmmnlx7x!19sChIJm1JLusHrHBYRyc6zF1LsKBM?authuser=0&hl=en&g_ep=EgoyMDI2MDkzMC4wIJJjKgBIAVAD&rclk=1,0x161cebc1ba4b529b:0x1328ec5217b3cec9,وسط مدينة إب,صيدليات,discovered,"['صيدليات في وسط مدينة إب, إب, اليمن']"
,,,,,,,,,,https://www.google.com/maps/place/%D8%B5%D9%8A%D8%AF%D9%84%D8%A9+%D8%B5%D8%AD%D8%AA%D9%8A%E2%80%AD/data=!4m7!3m6!1s0x161ce99ea128ecc1:0x24b13a774f2d07ee!8m2!3d13.9792749!4d44.1862047!16s%2Fg%2F11c7214zc6!19sChIJwewooZ7pHBYR7gctT3c6sSQ?authuser=0&hl=en&g_ep=EgoyMDI2MDkzMC4wIJJjKgBIAVAD&rclk=1,0x161ce99ea128ecc1:0x24b13a774f2d07ee,وسط مدينة إب,صيدليات,discovered,"['صيدليات في وسط مدينة إب, إب, اليمن']"
,,,,,,,,,,https://www.google.com/maps/place/%D8%B5%D9%8A%D8%AF%D9%84%D9%8A%D8%A9+%D8%AA%D8%A8%D8%A7%D8%B1%D9%83%E2%80%AD/data=!4m7!3m6!1s0x161ce95800639367:0xe149215ffdda87!8m2!3d13.9737109!4d44.1838933!16s%2Fg%2F11lllpy4dt!19sChIJZ5NjAFjpHBYRh9r9XyFJ4QA?authuser=0&hl=en&g_ep=EgoyMDI2MDkzMC4wIJJjKgBIAVAD&rclk=1,0x161ce95800639367:0xe149215ffdda87,وسط مدينة إب,صيدليات,discovered,"['صيدليات في وسط مدينة إب, إب, اليمن']"
,,,,,,,,,,https://www.google.com/maps/place/%D8%B5%D9%8A%D8%AF%D9%84%D9%8A%D8%A9+%D8%A7%D9%85+%D8%A7%D9%84%D9%82%D8%B1%D9%89%E2%80%AD/data=!4m7!3m6!1s0x161ce92250c02d8f:0xf67e15ec5826995!8m2!3d13.9748414!4d44.1851274!16s%2Fg%2F11fn49tcf0!19sChIJjy3AUCLpHBYRlWmCxV7hZw8?authuser=0&hl=en&g_ep=EgoyMDI2MDkzMC4wIJJjKgBIAVAD&rclk=1,0x161ce92250c02d8f:0xf67e15ec5826995,وسط مدينة إب,صيدليات,discovered,"['صيدليات في وسط مدينة إب, إب, اليمن']"
,,,,,,,,,,https://www.google.com/maps/place/%D8%A7%D9%84%D8%B5%D9%8A%D8%AF%D9%84%D9%8A%D8%A9+%D8%A7%D9%84%D9%85%D8%B5%D8%B1%D9%8A%D8%A9%E2%80%AD/data=!4m7!3m6!1s0x161ce90064f1f2bb:0x1a2eebe24b988d6!8m2!3d13.9672521!4d44.1822511!16s%2Fg%2F11ywd6klkc!19sChIJu_LxZADpHBYR1oi5JL7uogE?authuser=0&hl=en&g_ep=EgoyMDI2MDkzMC4wIJJjKgBIAVAD&rclk=1,0x161ce90064f1f2bb:0x1a2eebe24b988d6,وسط مدينة إب,صيدليات,discovered,"['صيدليات في وسط مدينة إب, إب, اليمن']"
,,,,,,,,,,https://www.google.com/maps/place/%D8%A7%D9%84%D8%B5%D9%8A%D8%AF%D9%84%D9%8A%D8%A9+%D8%A7%D9%84%D8%B3%D9%88%D9%8A%D8%B3%D8%B1%D9%8A%D8%A9%E2%80%AD/data=!4m7!3m6!1s0x161ce90059ce42f1:0xf4860262462cba73!8m2!3d13.974571!4d44.177597!16s%2Fg%2F11wpyg6h3_!19sChIJ8ULOWQDpHBYRc7osRmIChvQ?authuser=0&hl=en&g_ep=EgoyMDI2MDkzMC4wIJJjKgBIAVAD&rclk=1,0x161ce90059ce42f1:0xf4860262462cba73,وسط مدينة إب,صيدليات,discovered,"['صيدليات في وسط مدينة إب, إب, اليمن']"
,,,,,,,,,,https://www.google.com/maps/place/%D8%B5%D9%8A%D8%AF%D9%84%D9%8A%D9%87+%D8%AF%D9%88%D8%A7%D9%83%D9%85+%D9%81%D8%A7%D8%B1%D9%85%D8%A7+%D8%A7%D9%84%D8%AD%D8%AF%D9%8A%D8%AB%D9%87%E2%80%AD/data=!4m7!3m6!1s0x161ce9006876fbf7:0xe18d2e019ddcf07d!8m2!3d13.9562145!4d44.1814193!16s%2Fg%2F11y8w01_kk!19sChIJ9_t2aADpHBYRffDcnQEujeE?authuser=0&hl=en&g_ep=EgoyMDI2MDkzMC4wIJJjKgBIAVAD&rclk=1,0x161ce9006876fbf7:0xe18d2e019ddcf07d,وسط مدينة إب,صيدليات,discovered,"['صيدليات في العدين الاسفل, إب, اليمن', 'صيدليات في وسط مدينة إب, إب, اليمن']"
,,,,,,,,,,https://www.google.com/maps/place/%D8%B5%D9%8A%D8%AF%D9%84%D9%8A%D9%87+%D8%A7%D9%84%D8%AD%D9%83%D9%85%D8%A9%E2%80%AD/data=!4m7!3m6!1s0x161ce910c76d4ab9:0xc19406a07af57143!8m2!3d13.9749232!4d44.1773011!16s%2Fg%2F11g2zv6v_f!19sChIJuUptxxDpHBYRQ3H1eqAGlME?authuser=0&hl=en&g_ep=EgoyMDI2MDkzMC4wIJJjKgBIAVAD&rclk=1,0x161ce910c76d4ab9:0xc19406a07af57143,وسط مدينة إب,صيدليات,discovered,"['صيدليات في العدين الاسفل, إب, اليمن', 'صيدليات في العدين, إب, اليمن', 'صيدليات في وسط مدينة إب, إب, اليمن']"
,,,,,,,,,,https://www.google.com/maps/place/%D8%B5%D9%8A%D8%AF%D9%84%D9%8A%D8%A9+%D8%A7%D9%84%D9%81%D8%B1%D8%A7%D8%AA%E2%80%AD/data=!4m7!3m6!1s0x161ce9006cf4deb9:0x23f6ae8d6ff9b518!8m2!3d13.9522596!4d44.1848364!16s%2Fg%2F11vy8bb0zs!19sChIJud70bADpHBYRGLX5b42u9iM?authuser=0&hl=en&g_ep=EgoyMDI2MDkzMC4wIJJjKgBIAVAD&rclk=1,0x161ce9006cf4deb9:0x23f6ae8d6ff9b518,وسط مدينة إب,صيدليات,discovered,"['صيدليات في وسط مدينة إب, إب, اليمن']"
,,,,,,,,,,https://www.google.com/maps/place/%D8%B9%D8%A7%D9%84%D9%85+%D8%A7%D9%84%D8%B5%D9%8A%D8%AF%D9%84%D8%A9%E2%80%AD/data=!4m7!3m6!1s0x161cebc4069a4805:0x1fc24d1efcbadf36!8m2!3d13.9743644!4d44.1698137!16s%2Fg%2F11h_g0dwxs!19sChIJBUiaBsTrHBYRNt-6_B5Nwh8?authuser=0&hl=en&g_ep=EgoyMDI2MDkzMC4wIJJjKgBIAVAD&rclk=1,0x161cebc4069a4805:0x1fc24d1efcbadf36,وسط مدينة إب,صيدليات,discovered,"['صيدليات في وسط مدينة إب, إب, اليمن']"
,,,,,,,,,,https://www.google.com/maps/place/%D8%B5%D9%8A%D8%AF%D9%84%D9%8A%D8%A9+%D8%A7%D9%84%D8%B5%D8%AF%D8%A7%D9%82%D8%A9%E2%80%AD/data=!4m7!3m6!1s0x161ceb01198f4515:0xb93bc6a5bd9626b6!8m2!3d13.95572!4d44.167873!16s%2Fg%2F11v3pqb_4s!19sChIJFUWPGQHrHBYRtiaWvaXGO7k?authuser=0&hl=en&g_ep=EgoyMDI2MDkzMC4wIJJjKgBIAVAD&rclk=1,0x161ceb01198f4515:0xb93bc6a5bd9626b6,وسط مدينة إب,صيدليات,discovered,"['صيدليات في وسط مدينة إب, إب, اليمن']"
,,,,,,,,,,https://www.google.com/maps/place/%D8%B5%D9%8A%D8%AF%D9%84%D9%8A%D8%A9+%D8%A7%D8%A8%D9%86+%D8%A7%D9%84%D9%87%D9%8A%D8%AB%D9%85%E2%80%AD/data=!4m7!3m6!1s0x161cebe8c52c10c3:0x3a0d418c7afe1ad!8m2!3d13.9714335!4d44.159429!16s%2Fg%2F11g__5d77q!19sChIJwxAsxejrHBYRreGvxxjUoAM?authuser=0&hl=en&g_ep=EgoyMDI2MDkzMC4wIJJjKgBIAVAD&rclk=1,0x161cebe8c52c10c3:0x3a0d418c7afe1ad,وسط مدينة إب,صيدليات,discovered,"['صيدليات في العدين الاسفل, إب, اليمن', 'صيدليات في العدين, إب, اليمن', 'صيدليات في وسط مدينة إب, إب, اليمن']"
,,,,,,,,,,https://www.google.com/maps/place/%D8%B5%D9%8A%D8%AF%D9%84%D9%8A%D9%87+%D8%AF%D9%88%D8%A7%D8%A1+%D8%A7%D9%84%D9%85%D8%B1%D9%83%D8%B2%D9%8A%D9%87%E2%80%AD/data=!4m7!3m6!1s0x161ce996d537ead9:0xd9a010d260106637!8m2!3d13.9599286!4d44.1808668!16s%2Fg%2F11sshps32w!19sChIJ2eo31ZbpHBYRN2YQYNIQoNk?authuser=0&hl=en&g_ep=EgoyMDI2MDkzMC4wIJJjKgBIAVAD&rclk=1,0x161ce996d537ead9:0xd9a010d260106637,وسط مدينة إب,صيدليات,discovered,"['صيدليات في وسط مدينة إب, إب, اليمن']"
,,,,,,,,,,https://www.google.com/maps/place/%D9%85%D8%B1%D9%83%D8%B2+%D8%A7%D9%84%D8%A5%D8%AA%D8%AD%D8%A7%D8%AF%D9%84%D8%A7%D8%AD%D8%AF%D8%AB+%D8%A7%D9%84%D8%AE%D9%8A%D8%A7%D8%B7%D8%A9+%D8%A7%D9%84%D8%B1%D8%AC%D8%A7%D9%84%D9%8A%D8%A9%E2%80%AD/data=!4m7!3m6!1s0x161c914731cb8fdb:0xe49d69edd413522a!8m2!3d13.9691298!4d43.9989819!16s%2Fg%2F11ggkvdk51!19sChIJ24_LMUeRHBYRKlIT1O1pneQ?authuser=0&hl=en&g_ep=EgoyMDI2MDkzMC4wIJJjKgBIAVAD&rclk=1,0x161c914731cb8fdb:0xe49d69edd413522a,العدين,ملابس رجالية,discovered,"['ملابس رجالية في العدين, إب, اليمن']"
,,,,,,,,,,https://www.google.com/maps/place/Aldermn+Gents+Tailoring+Center/data=!4m7!3m6!1s0x161c9138ae60b2f1:0x7a30e82d8dc4b41c!8m2!3d13.9686657!4d44.0003818!16s%2Fg%2F11c6t6qjx7!19sChIJ8bJgrjiRHBYRHLTEjS3oMHo?authuser=0&hl=en&g_ep=EgoyMDI2MDkzMC4wIJJjKgBIAVAD&rclk=1,0x161c9138ae60b2f1:0x7a30e82d8dc4b41c,العدين,ملابس رجالية,discovered,"['ملابس رجالية في العدين, إب, اليمن']"
,,,,,,,,,,https://www.google.com/maps/place/%E2%9A%AB%28+%D8%A7%D9%84%D9%81%D9%8A%D8%A7%D8%B6+%D9%84%D9%84%D8%AE%D9%8A%D8%A7%D8%B7%D8%A9+%D8%A7%D9%84%D8%B1%D8%AC%D8%A7%D9%84%D9%8A%D8%A9+%29+%E2%9A%AB%E2%88%9A%E2%80%A2%E2%80%A2%E2%80%AD/data=!4m7!3m6!1s0x161c87d241b5e75b:0xd47b7ad68f71dbb1!8m2!3d13.8406211!4d43.8779351!16s%2Fg%2F11j23mrhgv!19sChIJW-e1QdKHHBYRsdtxj9Z6e9Q?authuser=0&hl=en&g_ep=EgoyMDI2MDkzMC4wIJJjKgBIAVAD&rclk=1,0x161c87d241b5e75b:0xd47b7ad68f71dbb1,العدين,ملابس رجالية,discovered,"['ملابس رجالية في العدين, إب, اليمن']"
,,,,,,,,,,https://www.google.com/maps/place/%D9%88%D9%86+%D8%AC%D9%8A%D9%86%D8%B2+%D9%84%D9%84%D9%85%D9%84%D8%A7%D8%A8%D8%B3+%D8%A7%D9%84%D8%B1%D8%AC%D8%A7%D9%84%D9%8A%D9%87%E2%80%AD/data=!4m7!3m6!1s0x161ceb003af8a32d:0x9ca45a01838d269e!8m2!3d13.9750657!4d44.1714926!16s%2Fg%2F11vsqxmf7d!19sChIJLaP4OgDrHBYRniaNgwFapJw?authuser=0&hl=en&g_ep=EgoyMDI2MDkzMC4wIJJjKgBIAVAD&rclk=1,0x161ceb003af8a32d:0x9ca45a01838d269e,العدين,ملابس رجالية,discovered,"['ملابس رجالية في العدين, إب, اليمن']"
,,,,,,,,,,https://www.google.com/maps/place/%D8%A7%D9%84%D9%88%D8%A7%D8%B5%D9%84%D9%8A%E2%80%AD/data=!4m7!3m6!1s0x161c91e5155a69f9:0xb2f98699558338af!8m2!3d13.9680053!4d44.0037159!16s%2Fg%2F11kb5bbdt5!19sChIJ-WlaFeWRHBYRrziDVZmG-bI?authuser=0&hl=en&g_ep=EgoyMDI2MDkzMC4wIJJjKgBIAVAD&rclk=1,0x161c91e5155a69f9:0xb2f98699558338af,العدين,ملابس رجالية,discovered,"['ملابس رجالية في العدين, إب, اليمن']"
,,,,,,,,,,https://www.google.com/maps/place/%D9%85%D8%B1%D9%83%D8%B2+%D8%A7%D9%84%D9%83%D8%A7%D9%85%D9%84+%D9%84%D9%84%D9%85%D9%84%D8%A7%D8%A8%D8%B3+%D8%A7%D9%84%D8%B1%D8%AC%D8%A7%D9%84%D9%8A%D9%87%E2%80%AD/data=!4m7!3m6!1s0x161ceba07207da7b:0xc4cb0c67b15791ee!8m2!3d13.9706826!4d44.1526259!16s%2Fg%2F11sbl52vd3!19sChIJe9oHcqDrHBYR7pFXsWcMy8Q?authuser=0&hl=en&g_ep=EgoyMDI2MDkzMC4wIJJjKgBIAVAD&rclk=1,0x161ceba07207da7b:0xc4cb0c67b15791ee,العدين,ملابس رجالية,discovered,"['ملابس رجالية في العدين, إب, اليمن', 'ملابس رجالية في جولة العدين, إب, اليمن', 'ملابس رجالية في شارع العدين الخلفي, إب, اليمن']"
,,,,,,,,,,https://www.google.com/maps/place/%D9%85%D8%B1%D9%83%D8%B2+%D8%A7%D9%84%D8%B0%D9%88%D9%82+%D8%A7%D9%84%D8%B1%D8%A7%D9%82%D9%8A+%D9%84%D9%84%D8%AE%D9%8A%D8%A7%D8%B7%D9%87+%D8%A7%D9%84%D8%B1%D8%AC%D8%A7%D9%84%D9%8A%D9%87%E2%80%AD/data=!4m7!3m6!1s0x161c915de45d9b05:0xd4f925fcaa5539a4!8m2!3d13.9686609!4d44.0004262!16s%2Fg%2F11jk0w9mwt!19sChIJBZtd5F2RHBYRpDlVqvwl-dQ?authuser=0&hl=en&g_ep=EgoyMDI2MDkzMC4wIJJjKgBIAVAD&rclk=1,0x161c915de45d9b05:0xd4f925fcaa5539a4,العدين,ملابس رجالية,discovered,"['ملابس رجالية في العدين, إب, اليمن']"
,,,,,,,,,,https://www.google.com/maps/place/%D8%A7%D9%84%D8%A8%D9%84%D8%A7%D8%AF+%D9%85%D8%A7%D9%83%D8%B3+%D9%84%D8%A3%D8%B1%D9%82%D9%89+%D8%A7%D9%84%D9%85%D9%84%D8%A7%D8%A8%D8%B3+%D8%A7%D9%84%D8%B1%D8%AC%D8%A7%D9%84%D9%8A%D8%A9+%D9%88%D8%A7%D9%84%D9%86%D8%B3%D8%A7%D8%A6%D9%8A%D8%A9+%D9%88%D9%85%D9%84%D8%A7%D8%A8%D8%B3+%D8%A7%D9%84%D8%A3%D8%B7%D9%81%D8%A7%D9%84+%D9%88%D8%A7%D9%84%D8%A7%D8%AD%D8%B0%D9%8A%D8%A9%E2%80%AD/data=!4m7!3m6!1s0x161cebe40690c7fb:0xc76407ea75bf858a!8m2!3d13.9675006!4d44.1163992!16s%2Fg%2F11hf40c3d5!19sChIJ-8eQBuTrHBYRioW_deoHZMc?authuser=0&hl=en&g_ep=EgoyMDI2MDkzMC4wIJJjKgBIAVAD&rclk=1,0x161cebe40690c7fb:0xc76407ea75bf858a,العدين,ملابس رجالية,discovered,"['ملابس أطفال وأحذية في العدين, إب, اليمن', 'ملابس رجالية في العدين, إب, اليمن']"
,,,,,,,,,,https://www.google.com/maps/place/%D9%87%D9%86%D8%AF%D8%A7%D9%85+%D9%81%D8%B1%D8%B9+%D8%A7%D8%A8%E2%80%AD/data=!4m7!3m6!1s0x161ceb004c4c0c9d:0xf39d6476fede1234!8m2!3d13.9561348!4d44.1681451!16s%2Fg%2F11m5d7lrcm!19sChIJnQxMTADrHBYRNBLe_nZknfM?authuser=0&hl=en&g_ep=EgoyMDI2MDkzMC4wIJJjKgBIAVAD&rclk=1,0x161ceb004c4c0c9d:0xf39d6476fede1234,العدين,ملابس رجالية,discovered,"['ملابس رجالية في العدين, إب, اليمن']"
,,,,,,,,,,https://www.google.com/maps/place/Al-+Udain+Mall/data=!4m7!3m6!1s0x161c9146baccf6cf:0x9de4362000d8cea1!8m2!3d13.968059!4d44.0046356!16s%2Fg%2F11g72fzr30!19sChIJz_bMukaRHBYRoc7YACA25J0?authuser=0&hl=en&g_ep=EgoyMDI2MDkzMC4wIJJjKgBIAVAD&rclk=1,0x161c9146baccf6cf:0x9de4362000d8cea1,العدين,ملابس رجالية,discovered,"['ملابس أطفال وأحذية في العدين, إب, اليمن', 'ملابس رجالية في العدين, إب, اليمن']"
,,,,,,,,,,https://www.google.com/maps/place/%D9%85%D8%AA%D8%AC%D8%B1+%D8%AA%D9%8A%D8%B4%D8%B1%D8%AA%E2%80%AD/data=!4m7!3m6!1s0x161ce9b0b7c5ca59:0x5d09cb0a17f4b31e!8m2!3d13.9764968!4d44.1798395!16s%2Fg%2F11z7dhyt88!19sChIJWcrFt7DpHBYRHrP0FwrLCV0?authuser=0&hl=en&g_ep=EgoyMDI2MDkzMC4wIJJjKgBIAVAD&rclk=1,0x161ce9b0b7c5ca59:0x5d09cb0a17f4b31e,العدين,ملابس رجالية,discovered,"['ملابس رجالية في العدين, إب, اليمن', 'ملابس رجالية في جولة العدين, إب, اليمن', 'ملابس رجالية في شارع العدين الخلفي, إب, اليمن']"
,,,,,,,,,,https://www.google.com/maps/place/%D9%85%D8%AA%D8%AC%D8%B1+%D8%A8%D9%86%D8%AA+%D8%A7%D9%84%D9%8A%D9%85%D9%86%E2%80%AD/data=!4m7!3m6!1s0x161cebf932df3c5b:0x2e54bc6dda7a8d72!8m2!3d13.9720929!4d44.1625338!16s%2Fg%2F11nv9xqw1y!19sChIJWzzfMvnrHBYRco162m28VC4?authuser=0&hl=en&g_ep=EgoyMDI2MDkzMC4wIJJjKgBIAVAD&rclk=1,0x161cebf932df3c5b:0x2e54bc6dda7a8d72,العدين,ملابس رجالية,discovered,"['ملابس رجالية في العدين, إب, اليمن']"
,,,,,,,,,,https://www.google.com/maps/place/%D9%85%D8%AA%D8%AC%D8%B1%D9%83+%D8%A7%D9%84%D8%A7%D9%84%D9%83%D8%AA%D8%B1%D9%88%D9%86%D9%8A+%D8%A5%D8%A8%E2%80%AD/data=!4m7!3m6!1s0x161ceb0019a7cebf:0xf86a17b8f563e5fb!8m2!3d13.974272!4d44.1681612!16s%2Fg%2F11v_5rcksn!19sChIJv86nGQDrHBYR--Vj9bgXavg?authuser=0&hl=en&g_ep=EgoyMDI2MDkzMC4wIJJjKgBIAVAD&rclk=1,0x161ceb0019a7cebf:0xf86a17b8f563e5fb,العدين,ملابس رجالية,discovered,"['ملابس رجالية في العدين, إب, اليمن', 'ملابس رجالية في شارع العدين الخلفي, إب, اليمن']"
,,,,,,,,,,https://www.google.com/maps/place/%D9%86%D9%8A%D9%88%D8%AC%D9%8A%D9%86%D8%B2+%D9%84%D9%84%D9%85%D9%84%D8%A7%D8%A8%D8%B3+%D8%A7%D9%84%D8%B1%D8%A7%D9%82%D9%8A%D8%A9%E2%80%AD/data=!4m7!3m6!1s0x161ceb0079ffdf61:0xd9c7ca57cb7b4be0!8m2!3d13.9706592!4d44.1526536!16s%2Fg%2F11yp0j2025!19sChIJYd__eQDrHBYR4Et7y1fKx9k?authuser=0&hl=en&g_ep=EgoyMDI2MDkzMC4wIJJjKgBIAVAD&rclk=1,0x161ceb0079ffdf61:0xd9c7ca57cb7b4be0,العدين,ملابس رجالية,discovered,"['ملابس رجالية في العدين, إب, اليمن']"
,,,,,,,,,,https://www.google.com/maps/place/%D8%B1%D9%88%D8%B4%D9%86+%D9%84%D8%AE%D9%8A%D8%A7%D8%B7%D8%A9+%D8%A7%D9%84%D8%AB%D9%88%D8%A8+%D8%A7%D9%84%D8%B9%D8%B1%D8%A8%D9%8A%E2%80%AD/data=!4m7!3m6!1s0x161ce9006e5654fb:0xf162d12ed7f5d5ec!8m2!3d13.9750858!4d44.1734756!16s%2Fg%2F11vq9340yc!19sChIJ-1RWbgDpHBYR7NX11y7RYvE?authuser=0&hl=en&g_ep=EgoyMDI2MDkzMC4wIJJjKgBIAVAD&rclk=1,0x161ce9006e5654fb:0xf162d12ed7f5d5ec,العدين,ملابس رجالية,discovered,"['ملابس رجالية في العدين, إب, اليمن']"
,,,,,,,,,,https://www.google.com/maps/place/%D9%85%D9%84%D9%83+%D8%A7%D9%84%D8%A7%D8%B2%D9%8A%D8%A7%D8%A1+%D9%84%D9%84%D9%85%D9%84%D8%A7%D8%A8%D8%B3+%D8%A7%D9%84%D8%B1%D8%A7%D9%82%D9%8A%D9%87+%D9%88%D9%81%D8%B3%D8%A7%D8%AA%D9%8A%D9%86+%D8%A7%D9%84%D8%B3%D9%87%D8%B1%D8%A7%D8%AA%E2%80%AD/data=!4m7!3m6!1s0x161ce9f5557b96c1:0x611cf5052f346fac!8m2!3d13.9743225!4d44.1777347!16s%2Fg%2F11px8mf0c1!19sChIJwZZ7VfXpHBYRrG80LwX1HGE?authuser=0&hl=en&g_ep=EgoyMDI2MDkzMC4wIJJjKgBIAVAD&rclk=1,0x161ce9f5557b96c1:0x611cf5052f346fac,العدين,ملابس رجالية,discovered,"['ملابس رجالية في العدين, إب, اليمن', 'ملابس رجالية في شارع العدين الخلفي, إب, اليمن', 'ملابس نسائية وعبايات في جولة العدين, إب, اليمن']"
,,,,,,,,,,https://www.google.com/maps/place/%D9%85%D8%AD%D9%84+%D8%A8%D8%B4%D8%A7%D8%B1+%D8%A7%D9%84%D8%B4%D8%A7%D9%85%D9%8A+%D9%84%D9%84%D9%85%D9%84%D8%A7%D8%A8%D8%B3%E2%80%AD/data=!4m7!3m6!1s0x161c89fbc464cb5d:0xb4e4e133527a5c24!8m2!3d13.8306181!4d43.9591605!16s%2Fg%2F11swrtq62_!19sChIJXctkxPuJHBYRJFx6UjPh5LQ?authuser=0&hl=en&g_ep=EgoyMDI2MDkzMC4wIJJjKgBIAVAD&rclk=1,0x161c89fbc464cb5d:0xb4e4e133527a5c24,العدين,ملابس رجالية,discovered,"['ملابس رجالية في العدين, إب, اليمن']"
,,,,,,,,,,https://www.google.com/maps/place/%D9%87%D8%A7%D9%8A%D9%84+%D8%B3%D8%B9%D9%8A%D8%AF+%D9%84%D9%84%D9%85%D9%84%D8%A7%D8%A8%D8%B3+%D8%A7%D9%84%D8%B1%D9%8A%D8%A7%D8%B6%D9%8A%D9%87+%D9%88%D9%85%D8%B3%D8%AA%D9%84%D8%B2%D9%85%D8%A7%D8%AA+%D8%A7%D9%84%D8%A7%D8%B9%D8%B1%D8%A7%D8%B3%E2%80%AD/data=!4m7!3m6!1s0x161c973ca23b163b:0xffbb0095caedfdfe!8m2!3d14.0023366!4d43.9711894!16s%2Fg%2F11f03zjfk1!19sChIJOxY7ojyXHBYR_v3typUAu_8?authuser=0&hl=en&g_ep=EgoyMDI2MDkzMC4wIJJjKgBIAVAD&rclk=1,0x161c973ca23b163b:0xffbb0095caedfdfe,العدين,ملابس رجالية,discovered,"['ملابس رجالية في العدين, إب, اليمن']"
,,,,,,,,,,https://www.google.com/maps/place/%D8%A7%D9%84%D8%A7%D8%B2%D8%B1%D9%82+%D9%84%D9%84%D8%AE%D9%8A%D8%A7%D8%B7%D8%A9+%D8%A7%D9%84%D8%B1%D8%AC%D8%A7%D9%84%D9%8A%D8%A9+%D8%A7%D9%84%D8%AD%D8%AF%D9%8A%D8%AB%D8%A9%E2%80%AD/data=!4m7!3m6!1s0x161ceb005459ec83:0xb02d5cfb88dce6ad!8m2!3d13.9711762!4d44.1584261!16s%2Fg%2F11y9l17bh8!19sChIJg-xZVADrHBYRrebciPtcLbA?authuser=0&hl=en&g_ep=EgoyMDI2MDkzMC4wIJJjKgBIAVAD&rclk=1,0x161ceb005459ec83:0xb02d5cfb88dce6ad,العدين,ملابس رجالية,discovered,"['ملابس رجالية في العدين, إب, اليمن']"
,,,,,,,,,,https://www.google.com/maps/place/%D8%A7%D9%84%D9%85%D8%B4%D8%A7%D9%87%D9%8A%D8%B1+%D9%84%D9%84%D8%AE%D9%8A%D8%A7%D8%B7%D9%87+%D8%A7%D9%84%D8%B1%D8%AC%D8%A7%D9%84%D9%8A%D9%87+%D9%88%D8%A7%D9%84%D8%AA%D8%B7%D8%B1%D9%8A%D8%B2%E2%80%AD/data=!4m7!3m6!1s0x161ceb8351ebe28b:0x2e784cb35d558a91!8m2!3d13.9730213!4d44.1660352!16s%2Fg%2F11mj_sv900!19sChIJi-LrUYPrHBYRkYpVXbNMeC4?authuser=0&hl=en&g_ep=EgoyMDI2MDkzMC4wIJJjKgBIAVAD&rclk=1,0x161ceb8351ebe28b:0x2e784cb35d558a91,العدين,ملابس رجالية,discovered,"['ملابس رجالية في العدين, إب, اليمن']"
,,,,,,,,,,https://www.google.com/maps/place/%D8%A7%D9%84%D8%B1%D8%A7%D8%AC%D8%AD%D9%8A+%D9%84%D9%84%D8%A7%D8%B2%D9%8A%D8%A7%D8%A1+%D8%A7%D9%84%D9%86%D8%B3%D8%A7%D8%A6%D9%8A%D8%A9%E2%80%AD/data=!4m7!3m6!1s0x161ce9165837da2b:0x67a1c61ea713635b!8m2!3d13.9732642!4d44.1759408!16s%2Fg%2F11h0308htm!19sChIJK9o3WBbpHBYRW2MTpx7GoWc?authuser=0&hl=en&g_ep=EgoyMDI2MDkzMC4wIJJjKgBIAVAD&rclk=1,0x161ce9165837da2b:0x67a1c61ea713635b,العدين,ملابس رجالية,discovered,"['ملابس رجالية في العدين, إب, اليمن']"
,,,,,,,,,,https://www.google.com/maps/place/%D9%8A%D9%88%D8%B1%D9%88+%D9%84%D9%84%D9%85%D9%84%D8%A7%D8%A8%D8%B3+%D9%88%D8%A7%D9%84%D8%A7%D8%AD%D8%B0%D9%8A%D8%A9+%D8%A7%D9%84%D8%B4%D8%A8%D8%A7%D8%A8%D9%8A%D8%A9+%D9%88%D8%A7%D9%84%D9%88%D9%84%D8%A7%D8%AF%D9%8A+%D9%A6%D9%A5%D9%A0%D9%A0+%D8%A7%D9%8A+%D9%82%D8%B7%D8%B9%D8%A9%E2%80%AD/data=!4m7!3m6!1s0x161ce900120ad9f1:0x7f921d320e3b66a7!8m2!3d13.975711!4d44.1727015!16s%2Fg%2F11vyqh578t!19sChIJ8dkKEgDpHBYRp2Y7DjIdkn8?authuser=0&hl=en&g_ep=EgoyMDI2MDkzMC4wIJJjKgBIAVAD&rclk=1,0x161ce900120ad9f1:0x7f921d320e3b66a7,العدين,ملابس رجالية,discovered,"['ملابس رجالية في العدين, إب, اليمن']"
,,,,,,,,,,https://www.google.com/maps/place/%D8%A7%D9%84%D8%B4%D8%BA%D8%AF%D8%B1%D9%8A+%D9%84%D8%AE%D9%8A%D8%A7%D8%B7%D9%87+%D8%A7%D9%84%D8%AB%D9%8A%D8%A7%D8%A8%D8%A7%D8%AA+%D8%A7%D9%84%D8%B1%D8%AC%D8%A7%D9%84%D9%8A%D9%87%E2%80%AD/data=!4m7!3m6!1s0x161ce9ac6cba16f3:0xbe5df6bc49511582!8m2!3d13.9757755!4d44.1786667!16s%2Fg%2F11tccvykd1!19sChIJ8xa6bKzpHBYRghVRSbz2Xb4?authuser=0&hl=en&g_ep=EgoyMDI2MDkzMC4wIJJjKgBIAVAD&rclk=1,0x161ce9ac6cba16f3:0xbe5df6bc49511582,العدين,ملابس رجالية,discovered,"['ملابس رجالية في العدين, إب, اليمن']"
,,,,,,,,,,https://www.google.com/maps/place/%D8%AA%D8%AE%D9%81%D9%8A%D8%B6%D8%A7%D8%AA+%D8%A7%D9%84%D8%B3%D8%B9%D8%B1+%D8%A7%D9%84%D9%85%D9%86%D8%A7%D8%B3%D8%A8+%D8%A8%D9%84%D8%A7%D8%B3+%D8%B4%D8%A7%D8%B1%D8%B9+%D8%A7%D9%84%D8%B9%D8%AF%D9%8A%D9%86+%D8%A7%D9%84%D8%B1%D8%A6%D9%8A%D8%B3%D9%8A%E2%80%AD/data=!4m7!3m6!1s0x161ce9007be56501:0xc2db9ca4b75ad03d!8m2!3d13.9766383!4d44.1783646!16s%2Fg%2F11yxhqgmqn!19sChIJAWXlewDpHBYRPdBat6Sc28I?authuser=0&hl=en&g_ep=EgoyMDI2MDkzMC4wIJJjKgBIAVAD&rclk=1,0x161ce9007be56501:0xc2db9ca4b75ad03d,العدين,ملابس رجالية,discovered,"['ملابس رجالية في العدين, إب, اليمن']"
,,,,,,,,,,https://www.google.com/maps/place/%D8%B1%D9%83%D9%86+%D8%A7%D9%84%D8%AF%D8%A8%D8%B9%D9%8A+%D9%84%D9%84%D9%85%D9%84%D8%A7%D8%A8%D8%B3+%D8%A7%D9%84%D8%B4%D8%A8%D8%A7%D8%A8%D9%8A%D8%A9+%D9%88%D8%A7%D9%84%D8%B1%D8%AC%D8%A7%D9%84%D9%8A%D9%87%E2%80%AD/data=!4m7!3m6!1s0x161ce9ffcbf368a5:0x2e303327a97967b6!8m2!3d13.9466582!4d44.1765247!16s%2Fg%2F11mv4vh4l3!19sChIJpWjzy__pHBYRtmd5qSczMC4?authuser=0&hl=en&g_ep=EgoyMDI2MDkzMC4wIJJjKgBIAVAD&rclk=1,0x161ce9ffcbf368a5:0x2e303327a97967b6,العدين,ملابس رجالية,discovered,"['ملابس رجالية في العدين, إب, اليمن']"
,,,,,,,,,,https://www.google.com/maps/place/%D9%85%D8%AA%D8%AC%D8%B1%D8%A7%D9%84%D8%AD%D9%88%D8%AFdhl%E2%80%AD/data=!4m7!3m6!1s0x161ce9f93106fa7f:0x3948a5c6e05bbeb7!8m2!3d13.9695455!4d44.1771144!16s%2Fg%2F11mx3sp3t6!19sChIJf_oGMfnpHBYRt75b4MalSDk?authuser=0&hl=en&g_ep=EgoyMDI2MDkzMC4wIJJjKgBIAVAD&rclk=1,0x161ce9f93106fa7f:0x3948a5c6e05bbeb7,العدين,ملابس رجالية,discovered,"['ملابس رجالية في العدين, إب, اليمن', 'ملابس رجالية في شارع العدين الخلفي, إب, اليمن']"
,,,,,,,,,,https://www.google.com/maps/place/%D8%AA%D8%AE%D9%81%D9%8A%D8%B6%D8%A7%D8%AA+%D8%A7%D9%84%D8%B3%D8%B9%D8%B1+%D8%A7%D9%84%D8%A7%D9%86%D8%B3%D8%A8.+%D9%84%D9%84%D8%A7%D9%86%E2%80%AD/data=!4m7!3m6!1s0x161ce9001b490127:0x44e76ec3c410207d!8m2!3d13.973916!4d44.178141!16s%2Fg%2F11vrx59n6y!19sChIJJwFJGwDpHBYRfSAQxMNu50Q?authuser=0&hl=en&g_ep=EgoyMDI2MDkzMC4wIJJjKgBIAVAD&rclk=1,0x161ce9001b490127:0x44e76ec3c410207d,العدين,ملابس رجالية,discovered,"['ملابس رجالية في العدين, إب, اليمن']"
,,,,,,,,,,https://www.google.com/maps/place/%D8%A7%D9%84%D9%8A%D9%85%D9%86+%D8%A7%D8%A8+%D8%B4%D8%A7%D8%B1%D8%B9+%D8%A7%D9%84%D8%B9%D8%AF%D9%8A%D9%86+%D8%AC%D9%88%D8%A7%D8%B1+%D9%85%D8%B1%D9%83%D8%B2+%D8%A7%D9%84%D9%86%D9%85%D8%B1+%D8%A7%D9%84%D8%AA%D8%AC%D8%A7%D8%B1%D9%8A%E2%80%AD/data=!4m7!3m6!1s0x161ce900383768bf:0x12c1c8d4fed90dc7!8m2!3d13.97583!4d44.178769!16s%2Fg%2F11yvy13cfc!19sChIJv2g3OADpHBYRxw3Z_tTIwRI?authuser=0&hl=en&g_ep=EgoyMDI2MDkzMC4wIJJjKgBIAVAD&rclk=1,0x161ce900383768bf:0x12c1c8d4fed90dc7,العدين,ملابس رجالية,discovered,"['ملابس أطفال وأحذية في العدين, إب, اليمن', 'ملابس رجالية في العدين, إب, اليمن', 'ملابس رجالية في جولة العدين, إب, اليمن', 'ملابس رجالية في شارع العدين الخلفي, إب, اليمن']"
,,,,,,,,,,https://www.google.com/maps/place/%D8%B9%D8%A7%D9%87%D8%AF+%D9%84%D9%84%D8%AE%D9%8A%D8%A7%D8%B7%D9%87+%D8%A7%D9%84%D8%B1%D8%AC%D8%A7%D9%84%D9%8A%D9%87%E2%80%AD/data=!4m7!3m6!1s0x161ce9243229668b:0x49419766f2e5b318!8m2!3d13.9749103!4d44.1775472!16s%2Fg%2F11j7hmpcrl!19sChIJi2YpMiTpHBYRGLPl8maXQUk?authuser=0&hl=en&g_ep=EgoyMDI2MDkzMC4wIJJjKgBIAVAD&rclk=1,0x161ce9243229668b:0x49419766f2e5b318,العدين,ملابس رجالية,discovered,"['ملابس رجالية في العدين, إب, اليمن']"
,,,,,,,,,,https://www.google.com/maps/place/%D8%A7%D9%84%D9%85%D8%AA%D9%85%D9%8A%D8%B2+%D9%84%D9%84%D8%AE%D9%8A%D8%A7%D8%B7%D8%A9+%D8%A7%D9%84%D8%B1%D8%AC%D8%A7%D9%84%D9%8A%D8%A9%E2%80%AD/data=!4m7!3m6!1s0x161c890050979811:0x78670e9ef0f25717!8m2!3d13.8170361!4d43.9613558!16s%2Fg%2F11vqsc6knb!19sChIJEZiXUACJHBYRF1fy8J4OZ3g?authuser=0&hl=en&g_ep=EgoyMDI2MDkzMC4wIJJjKgBIAVAD&rclk=1,0x161c890050979811:0x78670e9ef0f25717,العدين,ملابس رجالية,discovered,"['ملابس رجالية في العدين, إب, اليمن']"
,,,,,,,,,,https://www.google.com/maps/place/%D8%A7%D9%84%D9%86%D8%A7%D8%B5%D8%B1+%D9%84%D9%84%D8%A3%D9%82%D9%85%D8%B4%D8%A9+%D8%A7%D9%84%D8%B1%D8%AC%D8%A7%D9%84%D9%8A%D8%A9%E2%80%AD/data=!4m7!3m6!1s0x161ce91f029ae805:0x1dedd02abbef0232!8m2!3d13.9755246!4d44.1773685!16s%2Fg%2F11s4g4cq8p!19sChIJBeiaAh_pHBYRMgLvuyrQ7R0?authuser=0&hl=en&g_ep=EgoyMDI2MDkzMC4wIJJjKgBIAVAD&rclk=1,0x161ce91f029ae805:0x1dedd02abbef0232,العدين,ملابس رجالية,discovered,"['ملابس رجالية في العدين, إب, اليمن']"
,,,,,,,,,,https://www.google.com/maps/place/%D8%AA%D8%B1%D9%86%D8%AF+%D8%A7%D8%A8+%D9%84%D9%84%D9%85%D9%84%D8%A7%D8%A8%D8%B3+%D8%A7%D9%84%D8%AC%D8%A7%D9%87%D8%B2%D9%87%E2%80%AD/data=!4m7!3m6!1s0x161ceb0017cae59d:0x8ccb0676b451d7a8!8m2!3d13.9696327!4d44.1578373!16s%2Fg%2F11wnr3x_z5!19sChIJneXKFwDrHBYRqNdRtHYGy4w?authuser=0&hl=en&g_ep=EgoyMDI2MDkzMC4wIJJjKgBIAVAD&rclk=1,0x161ceb0017cae59d:0x8ccb0676b451d7a8,العدين,ملابس رجالية,discovered,"['ملابس رجالية في العدين, إب, اليمن']"
,,,,,,,,,,https://www.google.com/maps/place/%D8%B9%D8%A7%D8%A8%D8%AF+%D9%84%D9%84%D8%AE%D9%8A%D8%A7%D8%B7%D8%A9%E2%80%AD/data=!4m7!3m6!1s0x161ce90064e0159d:0x9378e273ff6cacdb!8m2!3d13.976269!4d44.1802545!16s%2Fg%2F11vpws5s25!19sChIJnRXgZADpHBYR26xs_3PieJM?authuser=0&hl=en&g_ep=EgoyMDI2MDkzMC4wIJJjKgBIAVAD&rclk=1,0x161ce90064e0159d:0x9378e273ff6cacdb,العدين,ملابس رجالية,discovered,"['ملابس رجالية في العدين, إب, اليمن', 'ملابس رجالية في جولة العدين, إب, اليمن', 'ملابس رجالية في شارع العدين الخلفي, إب, اليمن']"
,,,,,,,,,,https://www.google.com/maps/place/%D8%A7%D9%84%D9%85%D8%B3%D8%AA%D9%82%D8%A8%D9%84+%D9%84%D9%84%D8%AE%D9%8A%D8%A7%D8%B7%D8%A9+%D8%A7%D9%84%D8%B1%D8%AC%D8%A7%D9%84%D9%8A%D8%A9+%D9%88%D8%A7%D9%84%D8%B2%D9%8A+%D8%A7%D9%84%D9%85%D8%AF%D8%B1%D8%B3%D9%8A%E2%80%AD/data=!4m7!3m6!1s0x161ce92a727ebfa7:0x762ae563b924978a!8m2!3d13.9736502!4d44.1843408!16s%2Fg%2F11k9h1_xb_!19sChIJp79-cirpHBYRipckuWPlKnY?authuser=0&hl=en&g_ep=EgoyMDI2MDkzMC4wIJJjKgBIAVAD&rclk=1,0x161ce92a727ebfa7:0x762ae563b924978a,العدين,ملابس رجالية,discovered,"['ملابس رجالية في العدين, إب, اليمن']"
,,,,,,,,,,https://www.google.com/maps/place/%D8%AC%D9%86%D8%B2%D9%88%D9%8A%D8%B1+%D9%85%D9%84%D8%A7%D8%A8%D8%B3%E2%80%AD/data=!4m7!3m6!1s0x161ce97eb733c719:0xacf48ad4e357aa5b!8m2!3d13.974344!4d44.1761749!16s%2Fg%2F11g6_5cl2f!19sChIJGcczt37pHBYRW6pX49SK9Kw?authuser=0&hl=en&g_ep=EgoyMDI2MDkzMC4wIJJjKgBIAVAD&rclk=1,0x161ce97eb733c719:0xacf48ad4e357aa5b,العدين,ملابس رجالية,discovered,"['ملابس رجالية في العدين, إب, اليمن']"
,,,,,,,,,,https://www.google.com/maps/place/%D9%84%D9%88%D8%B1%D8%AF+LORD%E2%80%AD/data=!4m7!3m6!1s0x161ce913ce054845:0x341bf94083d3220f!8m2!3d13.9746071!4d44.17665!16s%2Fg%2F11pww89ll4!19sChIJRUgFzhPpHBYRDyLTg0D5GzQ?authuser=0&hl=en&g_ep=EgoyMDI2MDkzMC4wIJJjKgBIAVAD&rclk=1,0x161ce913ce054845:0x341bf94083d3220f,العدين,ملابس رجالية,discovered,"['ملابس رجالية في العدين, إب, اليمن']"
,,,,,,,,,,https://www.google.com/maps/place/%D9%85%D8%B1%D8%A7%D8%B3%D9%8A%D9%85+%D8%A7%D9%84%D8%A5%D9%85%D8%A7%D8%B1%D8%A7%D8%AA+770555544%E2%80%AD/data=!4m7!3m6!1s0x161ceb1b804ac25d:0x796cac8abbb8dade!8m2!3d13.9711489!4d44.1585676!16s%2Fg%2F11qz93mzf0!19sChIJXcJKgBvrHBYR3tq4u4qsbHk?authuser=0&hl=en&g_ep=EgoyMDI2MDkzMC4wIJJjKgBIAVAD&rclk=1,0x161ceb1b804ac25d:0x796cac8abbb8dade,العدين,ملابس رجالية,discovered,"['ملابس رجالية في العدين, إب, اليمن']"
,,,,,,,,,,https://www.google.com/maps/place/%D9%86%D8%A7%D9%8A%D8%B3+%D9%88%D9%8A%D8%B1+%D9%84%D9%84%D9%85%D9%84%D8%A7%D8%A8%D8%B3+%D8%A7%D9%84%D8%AC%D8%A7%D9%87%D8%B2%D9%87_%D8%A5%D8%A8%E2%80%AD/data=!4m7!3m6!1s0x161ce953a19cea2b:0xe89325def1143c3f!8m2!3d13.9562731!4d44.1804634!16s%2Fg%2F11v02zj418!19sChIJK-qcoVPpHBYRPzwU8d4lk-g?authuser=0&hl=en&g_ep=EgoyMDI2MDkzMC4wIJJjKgBIAVAD&rclk=1,0x161ce953a19cea2b:0xe89325def1143c3f,العدين,ملابس رجالية,discovered,"['ملابس رجالية في العدين, إب, اليمن']"
,,,,,,,,,,https://www.google.com/maps/place/%D8%A5%D8%A8+%D8%B4%D8%A7%D8%B1%D8%B9+%D8%A7%D9%84%D8%B9%D8%AF%D9%8A%D9%86+%D8%AC%D9%88%D8%A7%D8%B1+%D9%85%D8%B1%D9%83%D8%B2+%D8%A7%D9%84%D9%86%D9%85%D8%B1+%D8%A7%D9%84%D8%AA%D8%AC%D8%A7%D8%B1%D9%8A%E2%80%AD/data=!4m7!3m6!1s0x161ce900336b9cd7:0xfbc6b94f18d2ad15!8m2!3d13.9757922!4d44.1787099!16s%2Fg%2F11zk3sj3vx!19sChIJ15xrMwDpHBYRFa3SGE-5xvs?authuser=0&hl=en&g_ep=EgoyMDI2MDkzMC4wIJJjKgBIAVAD&rclk=1,0x161ce900336b9cd7:0xfbc6b94f18d2ad15,العدين,ملابس رجالية,discovered,"['ملابس أطفال وأحذية في العدين, إب, اليمن', 'ملابس رجالية في العدين, إب, اليمن', 'ملابس رجالية في شارع العدين الخلفي, إب, اليمن']"
,,,,,,,,,,https://www.google.com/maps/place/%D9%85%D8%B1%D8%A7%D8%B3%D9%8A%D9%85+%D8%A7%D8%A8+%D9%84%D9%84%D8%AE%D9%8A%D8%A7%D8%B7%D8%A9+%D8%A7%D9%84%D8%B1%D8%AC%D8%A7%D9%84%D9%8A%D8%A9%E2%80%AD/data=!4m7!3m6!1s0x161ceb002b7ee25f:0x9f08456106ac00f0!8m2!3d13.9712199!4d44.1500615!16s%2Fg%2F11y_zrg8zk!19sChIJX-J-KwDrHBYR8ACsBmFFCJ8?authuser=0&hl=en&g_ep=EgoyMDI2MDkzMC4wIJJjKgBIAVAD&rclk=1,0x161ceb002b7ee25f:0x9f08456106ac00f0,العدين,ملابس رجالية,discovered,"['ملابس رجالية في العدين, إب, اليمن']"
,,,,,,,,,,https://www.google.com/maps/place/%D8%AA%D8%AE%D9%81%D9%8A%D8%B6%D8%A7%D8%AA+%D8%A7%D9%86%D8%B3%D8%A8+%D8%B3%D8%B9%D8%B1%E2%80%AD/data=!4m7!3m6!1s0x161ce958e9e4b86d:0xc166d41dceda74a1!8m2!3d13.9727583!4d44.1747335!16s%2Fg%2F11t964vm0x!19sChIJbbjk6VjpHBYRoXTazh3UZsE?authuser=0&hl=en&g_ep=EgoyMDI2MDkzMC4wIJJjKgBIAVAD&rclk=1,0x161ce958e9e4b86d:0xc166d41dceda74a1,العدين,ملابس رجالية,discovered,"['ملابس رجالية في العدين, إب, اليمن']"
,,,,,,,,,,https://www.google.com/maps/place/%D8%A7%D9%84%D9%87%D8%B2%D8%A7%D8%B9+%D9%84%D9%84%D8%AE%D9%8A%D8%A7%D8%B7%D8%A9+%D8%A7%D9%84%D8%B1%D8%AC%D8%A7%D9%84%D9%8A%D8%A9%E2%80%AD/data=!4m7!3m6!1s0x161ce92a478e58b3:0x2fbd0bcbae7eca4c!8m2!3d13.9740407!4d44.1758054!16s%2Fg%2F11gm84wpvy!19sChIJs1iORyrpHBYRTMp-rssLvS8?authuser=0&hl=en&g_ep=EgoyMDI2MDkzMC4wIJJjKgBIAVAD&rclk=1,0x161ce92a478e58b3:0x2fbd0bcbae7eca4c,العدين,ملابس رجالية,discovered,"['ملابس رجالية في العدين, إب, اليمن']"
,,,,,,,,,,https://www.google.com/maps/place/%D9%85%D8%B9%D8%B1%D8%B6+%D9%85%D8%B1%D8%A7%D8%B3%D9%8A%D9%85+%D9%8A%D9%88%D8%B1%D9%88%E2%80%AD/data=!4m7!3m6!1s0x161ceb0050a7fb65:0xd6d26cfd567e0c31!8m2!3d13.9748459!4d44.178719!16s%2Fg%2F11x0tklwxq!19sChIJZfunUADrHBYRMQx-Vv1s0tY?authuser=0&hl=en&g_ep=EgoyMDI2MDkzMC4wIJJjKgBIAVAD&rclk=1,0x161ceb0050a7fb65:0xd6d26cfd567e0c31,العدين,ملابس رجالية,discovered,"['ملابس رجالية في العدين, إب, اليمن']"
,,,,,,,,,,https://www.google.com/maps/place/%D8%B4%D9%8A+%D8%A5%D9%86+SHEIN%E2%80%AD/data=!4m7!3m6!1s0x161ce9194daddf95:0x7102606955f982e2!8m2!3d13.9735086!4d44.1842229!16s%2Fg%2F11kbbt59zh!19sChIJld-tTRnpHBYR4oL5VWlgAnE?authuser=0&hl=en&g_ep=EgoyMDI2MDkzMC4wIJJjKgBIAVAD&rclk=1,0x161ce9194daddf95:0x7102606955f982e2,العدين,ملابس رجالية,discovered,"['ملابس رجالية في العدين, إب, اليمن']"
,,,,,,,,,,https://www.google.com/maps/place/%D9%85%D8%AD%D9%84%D8%A7%D8%AA+%D8%B6%D9%8A%D8%A7%D8%A1+%D8%A7%D9%84%D8%AF%D8%A8+%D9%84%D9%84%D8%B4%D9%8A%D9%84%D8%A7%D9%86+%D9%88%D8%A7%D9%84%D9%85%D8%B9%D8%A7%D9%88%D8%B2+%D9%88%D8%A7%D9%84%D8%A7%D8%B2%D9%8A%D8%A7%D8%A1+%D8%A7%D9%84%D8%B1%D8%AC%D8%A7%D9%84%D9%8A%D9%87%E2%80%AD/data=!4m7!3m6!1s0x161ce971225012b5:0x68e5f5f07732ba96!8m2!3d13.9750392!4d44.1736154!16s%2Fg%2F11hzwyc5dm!19sChIJtRJQInHpHBYRlroyd_D15Wg?authuser=0&hl=en&g_ep=EgoyMDI2MDkzMC4wIJJjKgBIAVAD&rclk=1,0x161ce971225012b5:0x68e5f5f07732ba96,العدين,ملابس رجالية,discovered,"['ملابس رجالية في العدين, إب, اليمن']"
,,,,,,,,,,https://www.google.com/maps/place/%D8%B3%D9%85%D8%A7+%D9%85%D8%A7%D9%83%D8%B3%E2%80%AD/data=!4m7!3m6!1s0x161ce9af3a43b843:0xf9ac390cb5c4f517!8m2!3d13.9743557!4d44.1765231!16s%2Fg%2F11vlm1_lrb!19sChIJQ7hDOq_pHBYRF_XEtQw5rPk?authuser=0&hl=en&g_ep=EgoyMDI2MDkzMC4wIJJjKgBIAVAD&rclk=1,0x161ce9af3a43b843:0xf9ac390cb5c4f517,العدين,ملابس رجالية,discovered,"['ملابس رجالية في العدين, إب, اليمن']"
,,,,,,,,,,https://www.google.com/maps/place/%D9%85%D8%B1%D9%83%D8%B2+%D9%85%D8%B1%D8%A7%D8%B3%D9%8A%D9%85+%D8%A7%D9%84%D8%A7%D9%85%D8%A7%D8%B1%D8%A7%D8%AA+2+%D9%84%D8%A7%D8%B1%D9%81%D9%89+%D8%A7%D9%84%D9%85%D9%84%D8%A7%D8%A8%D8%B3+%D8%A7%D9%84%D8%B1%D8%AC%D8%A7%D9%84%D9%8A%D8%A9+%D9%88%D8%A7%D9%84%D9%88%D9%84%D8%A7%D8%AF%D9%8A+z.+Al%E2%80%AD/data=!4m7!3m6!1s0x161ce9d448a5cec1:0xfa7e15c7a329f9e6!8m2!3d13.9726186!4d44.1761605!16s%2Fg%2F11rrv0l4nl!19sChIJwc6lSNTpHBYR5vkpo8cVfvo?authuser=0&hl=en&g_ep=EgoyMDI2MDkzMC4wIJJjKgBIAVAD&rclk=1,0x161ce9d448a5cec1:0xfa7e15c7a329f9e6,العدين,ملابس رجالية,discovered,"['ملابس رجالية في العدين, إب, اليمن']"
,,,,,,,,,,https://www.google.com/maps/place/%D9%85%D8%A7%D8%B1%D9%8A%D9%88%D8%AA+%D9%84%D9%84%D8%AE%D9%8A%D8%A7%D8%B7%D9%87+%D8%A7%D9%84%D8%B1%D8%AC%D8%A7%D9%84%D9%8A%D9%87%E2%80%AD/data=!4m7!3m6!1s0x161ceb99b5d54471:0x18701e1246bfcb63!8m2!3d13.9683637!4d44.1382348!16s%2Fg%2F11k3qn9pt7!19sChIJcUTVtZnrHBYRY8u_RhIecBg?authuser=0&hl=en&g_ep=EgoyMDI2MDkzMC4wIJJjKgBIAVAD&rclk=1,0x161ceb99b5d54471:0x18701e1246bfcb63,العدين,ملابس رجالية,discovered,"['ملابس رجالية في العدين, إب, اليمن']"
,,,,,,,,,,https://www.google.com/maps/place/%D8%A7%D9%84%D8%A8%D8%B5%D9%85%D8%A9+%D9%84%D9%84%D8%AE%D9%8A%D8%A7%D8%B7%D8%A9+%D8%A7%D9%84%D8%B1%D8%AC%D8%A7%D9%84%D9%8A%D8%A9+%D9%88%D8%A7%D9%84%D8%A7%D9%82%D9%85%D8%B4%D8%A9+%D8%A7%D9%84%D8%B1%D8%A7%D9%82%D9%8A%D8%A9%E2%80%AD/data=!4m7!3m6!1s0x161ceb312f86bd6d:0xc74d43c371441ba5!8m2!3d13.9713741!4d44.1565127!16s%2Fg%2F11fprtw252!19sChIJbb2GLzHrHBYRpRtEccNDTcc?authuser=0&hl=en&g_ep=EgoyMDI2MDkzMC4wIJJjKgBIAVAD&rclk=1,0x161ceb312f86bd6d:0xc74d43c371441ba5,العدين,ملابس رجالية,discovered,"['ملابس رجالية في العدين, إب, اليمن']"
,,,,,,,,,,https://www.google.com/maps/place/%D9%85%D8%B1%D9%83%D8%B2+%D8%B3%D9%8A%D8%B2%D8%A7%D8%B1+%D9%84%D9%84%D8%AE%D9%8A%D8%A7%D8%B7%D8%A9+%D8%A7%D9%84%D8%B1%D8%AC%D8%A7%D9%84%D9%8A+%D8%A7%D9%84%D8%AD%D8%AF%D9%8A%D8%AB%D8%A9%E2%80%AD/data=!4m7!3m6!1s0x161ce91814b8639d:0x1a6c7bb4f4138e9e!8m2!3d13.9711105!4d44.1722842!16s%2Fg%2F11kq7t11rj!19sChIJnWO4FBjpHBYRno4T9LR7bBo?authuser=0&hl=en&g_ep=EgoyMDI2MDkzMC4wIJJjKgBIAVAD&rclk=1,0x161ce91814b8639d:0x1a6c7bb4f4138e9e,العدين,ملابس رجالية,discovered,"['ملابس رجالية في العدين, إب, اليمن']"
,,,,,,,,,,https://www.google.com/maps/place/%D8%A3%D9%85%D9%8A%D8%B1+%D8%A7%D9%84%D8%B4%D8%A8%D8%A7%D8%A8+%D8%A7%D9%84%D8%AE%D9%8A%D8%A7%D8%B7%D8%A9+%D8%A7%D9%84%D8%B1%D8%AC%D8%A7%D9%84%D9%8A%D8%A9%E2%80%AD/data=!4m7!3m6!1s0x161ce9a830e42cf9:0x9fd8e9dd6afef20f!8m2!3d13.9756514!4d44.1784734!16s%2Fg%2F11p5hzx4n7!19sChIJ-SzkMKjpHBYRD_L-at3p2J8?authuser=0&hl=en&g_ep=EgoyMDI2MDkzMC4wIJJjKgBIAVAD&rclk=1,0x161ce9a830e42cf9:0x9fd8e9dd6afef20f,العدين,ملابس رجالية,discovered,"['ملابس رجالية في العدين, إب, اليمن']"
,,,,,,,,,,https://www.google.com/maps/place/%D9%85%D8%B2%D8%A7%D9%8A%D8%A7+%D8%B3%D9%86%D8%AA%D8%B1+Mazaia+Center%E2%80%AD/data=!4m7!3m6!1s0x161ce95d4c8e26cf:0xb1b6f14e9d28a9f3!8m2!3d13.9580032!4d44.1814223!16s%2Fg%2F11c52b6ztj!19sChIJzyaOTF3pHBYR86konU7xtrE?authuser=0&hl=en&g_ep=EgoyMDI2MDkzMC4wIJJjKgBIAVAD&rclk=1,0x161ce95d4c8e26cf:0xb1b6f14e9d28a9f3,العدين,ملابس رجالية,discovered,"['ملابس رجالية في العدين, إب, اليمن']"
,,,,,,,,,,https://www.google.com/maps/place/%D8%B5%D9%82%D8%B1+%D8%A7%D9%84%D8%AA%D9%88%D9%81%D9%8A%D8%B1+%D9%84%D9%84%D8%AA%D8%AE%D9%81%D9%8A%D8%B6%D8%A7%D8%AA%E2%80%AD/data=!4m7!3m6!1s0x161ce9002a5d0f0d:0xc52dbd4cc0fe629c!8m2!3d13.9768542!4d44.1798309!16s%2Fg%2F11m6bpt94c!19sChIJDQ9dKgDpHBYRnGL-wEy9LcU?authuser=0&hl=en&g_ep=EgoyMDI2MDkzMC4wIJJjKgBIAVAD&rclk=1,0x161ce9002a5d0f0d:0xc52dbd4cc0fe629c,العدين,ملابس رجالية,discovered,"['ملابس رجالية في العدين, إب, اليمن']"
,,,,,,,,,,https://www.google.com/maps/place/%D9%83%D8%B4%D8%AE%D8%A9+%D9%85%D9%84%D9%83+%D9%84%D9%84%D8%AE%D9%8A%D8%A7%D8%B7%D8%A9+%D8%A7%D9%84%D8%B4%D8%A8%D8%A7%D8%A8%D9%8A%D8%A9+%D9%88%D8%A7%D9%84%D8%B1%D8%AC%D8%A7%D9%84%D9%8A%D8%A9%E2%80%AD/data=!4m7!3m6!1s0x161ce900759ed78d:0xd21d9fba52f40463!8m2!3d13.9681553!4d44.1821237!16s%2Fg%2F11ltb3gfkm!19sChIJjdeedQDpHBYRYwT0UrqfHdI?authuser=0&hl=en&g_ep=EgoyMDI2MDkzMC4wIJJjKgBIAVAD&rclk=1,0x161ce900759ed78d:0xd21d9fba52f40463,العدين,ملابس رجالية,discovered,"['ملابس رجالية في العدين, إب, اليمن']"
,,,,,,,,,,https://www.google.com/maps/place/%D8%A3%D8%B2%D9%8A%D8%A7%D8%A1+%D8%AA%D9%86%D8%AF%D8%A7+%D9%84%D9%84%D9%85%D9%84%D8%A7%D8%A8%D8%B3+%D8%A7%D9%84%D9%86%D8%B3%D8%A7%D8%A6%D9%8A%D8%A9%E2%80%AD/data=!4m7!3m6!1s0x161cebe492b72337:0xe6e7219c03e3011a!8m2!3d13.9751768!4d44.1703616!16s%2Fg%2F11kk1f03bm!19sChIJNyO3kuTrHBYRGgHjA5wh5-Y?authuser=0&hl=en&g_ep=EgoyMDI2MDkzMC4wIJJjKgBIAVAD&rclk=1,0x161cebe492b72337:0xe6e7219c03e3011a,العدين,ملابس رجالية,discovered,"['ملابس رجالية في العدين, إب, اليمن']"
,,,,,,,,,,https://www.google.com/maps/place/%D9%85%D8%B1%D9%83%D8%B2+%D8%A7%D9%83%D8%B3+%D8%A7%D8%A8+%D9%84%D9%84%D9%85%D9%84%D8%A7%D8%A8%D8%B3+%D8%A7%D9%84%D8%AC%D8%A7%D9%87%D8%B2%D8%A9%E2%80%AD/data=!4m7!3m6!1s0x161cebada0a2381b:0xb0a290610af3ff86!8m2!3d13.967334!4d44.1618536!16s%2Fg%2F11pxnjvhxf!19sChIJGziioK3rHBYRhv_zCmGQorA?authuser=0&hl=en&g_ep=EgoyMDI2MDkzMC4wIJJjKgBIAVAD&rclk=1,0x161cebada0a2381b:0xb0a290610af3ff86,العدين,ملابس رجالية,discovered,"['ملابس رجالية في العدين, إب, اليمن']"
,,,,,,,,,,https://www.google.com/maps/place/%D8%A3%D8%B2%D9%8A%D8%A7%D8%A1+%D9%85%D8%AD%D9%85%D8%AF+%D8%A7%D9%84%D8%AC%D8%A8%D9%88%D8%B1%D9%8A+%28%D9%85%D9%84%D8%A7%D8%A8%D8%B3+%D9%88%D8%A7%D8%AD%D8%B0%D9%8A%D9%87+%D8%B1%D8%AC%D8%A7%D9%84%D9%8A%D9%87%29%E2%80%AD/data=!4m7!3m6!1s0x161ceba7dd20a963:0x1de9d0099d9af1fb!8m2!3d13.9720829!4d44.1625506!16s%2Fg%2F11q49_y2pn!19sChIJY6kg3afrHBYR-_GanQnQ6R0?authuser=0&hl=en&g_ep=EgoyMDI2MDkzMC4wIJJjKgBIAVAD&rclk=1,0x161ceba7dd20a963:0x1de9d0099d9af1fb,العدين,ملابس رجالية,discovered,"['ملابس رجالية في العدين, إب, اليمن']"
,,,,,,,,,,https://www.google.com/maps/place/%D9%85%D8%AD%D9%84+%D8%A7%D9%84%D8%AA%D8%A7%D8%AC+%D9%84%D9%84%D8%A3%D8%B2%D9%8A%D8%A7%D8%A1+%D8%A7%D9%84%D9%86%D8%B3%D8%A7%D8%A6%D9%8A%D9%87%E2%80%AD/data=!4m7!3m6!1s0x161ce9005c357635:0x7cf3d36db6af4f2c!8m2!3d13.973146!4d44.17687!16s%2Fg%2F11zz7ygvvt!19sChIJNXY1XADpHBYRLE-vtm3T83w?authuser=0&hl=en&g_ep=EgoyMDI2MDkzMC4wIJJjKgBIAVAD&rclk=1,0x161ce9005c357635:0x7cf3d36db6af4f2c,العدين,ملابس رجالية,discovered,"['ملابس رجالية في العدين, إب, اليمن']"
,,,,,,,,,,https://www.google.com/maps/place/%D9%85%D8%B1%D9%83%D8%B2+%D8%A7%D9%84%D9%81%D8%AE%D8%A7%D9%85%D8%A9+%D9%84%D9%84%D8%AE%D9%8A%D8%A7%D8%B7%D8%A9%E2%80%AD/data=!4m7!3m6!1s0x161ce929c99b15f1:0x8900d3fb494e8a0!8m2!3d13.9755162!4d44.1785548!16s%2Fg%2F11g2vfdxvq!19sChIJ8RWbySnpHBYRoOiUtD8NkAg?authuser=0&hl=en&g_ep=EgoyMDI2MDkzMC4wIJJjKgBIAVAD&rclk=1,0x161ce929c99b15f1:0x8900d3fb494e8a0,العدين,ملابس رجالية,discovered,"['ملابس رجالية في العدين, إب, اليمن']"
,,,,,,,,,,https://www.google.com/maps/place/%D9%85%D8%B7%D8%B9%D9%85+%D9%88%D8%A8%D8%B1%D9%88%D8%B3%D8%AA+%D8%A7%D9%84%D9%85%D8%B6%D9%8A%D8%A7%D9%81%E2%80%AD/data=!4m7!3m6!1s0x161c9111c4a192b7:0x2a7de78fca99d06b!8m2!3d13.9687862!4d44.0007122!16s%2Fg%2F11mnmyg6wr!19sChIJt5KhxBGRHBYRa9CZyo_nfSo?authuser=0&hl=en&g_ep=EgoyMDI2MDkzMC4wIJJjKgBIAVAD&rclk=1,0x161c9111c4a192b7:0x2a7de78fca99d06b,العدين,مطاعم,discovered,"['مطاعم في العدين, إب, اليمن']"
,,,,,,,,,,https://www.google.com/maps/place/%D9%85%D8%B7%D8%A7%D8%B9%D9%85+%D8%A7%D9%84%D8%AF%D9%8A%D9%88%D8%A7%D9%86+-+%D8%A7%D8%A8%E2%80%AD/data=!4m7!3m6!1s0x161ceb5a999512e3:0xbffb1305770d9ac8!8m2!3d13.9707835!4d44.1605129!16s%2Fg%2F11mrl5bcg0!19sChIJ4xKVmVrrHBYRyJoNdwUT-78?authuser=0&hl=en&g_ep=EgoyMDI2MDkzMC4wIJJjKgBIAVAD&rclk=1,0x161ceb5a999512e3:0xbffb1305770d9ac8,العدين,مطاعم,discovered,"['مطاعم في العدين, إب, اليمن', 'مطاعم في جولة العدين, إب, اليمن']"
,,,,,,,,,,https://www.google.com/maps/place/%D9%83%D9%81%D8%AA%D8%B1%D9%8A%D8%A7%D8%A1+%D8%A7%D9%84%D9%85%D8%B9%D8%A7%D8%B0%E2%80%AD/data=!4m7!3m6!1s0x161c9711d0e9c3f5:0x1bb8d0a412addc90!8m2!3d14.0259453!4d44.001311!16s%2Fg%2F11rxjjm82n!19sChIJ9cPp0BGXHBYRkNytEqTQuBs?authuser=0&hl=en&g_ep=EgoyMDI2MDkzMC4wIJJjKgBIAVAD&rclk=1,0x161c9711d0e9c3f5:0x1bb8d0a412addc90,العدين,مطاعم,discovered,"['مطاعم في العدين, إب, اليمن']"
,,,,,,,,,,https://www.google.com/maps/place/%D9%85%D8%B7%D8%A7%D8%B9%D9%85+%D8%B3%D8%B1%D8%A7%D9%8A%D8%A7+%D8%AD%D8%B1%D8%B6%E2%80%AD/data=!4m7!3m6!1s0x161c9120c598918f:0xcd589beab0757829!8m2!3d13.9691844!4d43.9775969!16s%2Fg%2F11h_1491d3!19sChIJj5GYxSCRHBYRKXh1sOqbWM0?authuser=0&hl=en&g_ep=EgoyMDI2MDkzMC4wIJJjKgBIAVAD&rclk=1,0x161c9120c598918f:0xcd589beab0757829,العدين,مطاعم,discovered,"['مطاعم في العدين, إب, اليمن']"
,,,,,,,,,,https://www.google.com/maps/place/%D9%85%D8%B7%D8%B9%D9%85+%D9%85%D8%B1%D8%A7%D8%B3%D9%8A%D9%85+%D8%A7%D9%84%D8%B6%D9%8A%D8%A7%D9%81%D8%A9%E2%80%AD/data=!4m7!3m6!1s0x161c91003f5631b7:0x390148b70f2b54ed!8m2!3d13.9691802!4d43.9776609!16s%2Fg%2F11yn_1tv07!19sChIJtzFWPwCRHBYR7VQrD7dIATk?authuser=0&hl=en&g_ep=EgoyMDI2MDkzMC4wIJJjKgBIAVAD&rclk=1,0x161c91003f5631b7:0x390148b70f2b54ed,العدين,مطاعم,discovered,"['مطاعم في العدين, إب, اليمن']"
,,,,,,,,,,https://www.google.com/maps/place/%D9%85%D8%B7%D8%A7%D8%B9%D9%85+%D8%AC%D9%84%D8%A7%D9%83%D8%B3%D9%8A%E2%80%AD/data=!4m7!3m6!1s0x161c913f928cd68d:0x9d8deb8b70d7b31a!8m2!3d13.9680244!4d44.0047807!16s%2Fg%2F11rfd82ls9!19sChIJjdaMkj-RHBYRGrPXcIvrjZ0?authuser=0&hl=en&g_ep=EgoyMDI2MDkzMC4wIJJjKgBIAVAD&rclk=1,0x161c913f928cd68d:0x9d8deb8b70d7b31a,العدين,مطاعم,discovered,"['مطاعم في العدين, إب, اليمن']"
,,,,,,,,,,https://www.google.com/maps/place/%D9%85%D8%B7%D8%B9%D9%85+%D9%85%D8%B1%D8%A7%D8%B3%D9%8A%D9%85+%D8%A7%D9%84%D8%B6%D9%8A%D8%A7%D9%81%D8%A9%E2%80%AD/data=!4m7!3m6!1s0x161c9188b0bc473b:0xc0d5dc95d2bc879!8m2!3d13.9692089!4d43.9776567!16s%2Fg%2F11yn9b274w!19sChIJO0e8sIiRHBYRecgrXcldDQw?authuser=0&hl=en&g_ep=EgoyMDI2MDkzMC4wIJJjKgBIAVAD&rclk=1,0x161c9188b0bc473b:0xc0d5dc95d2bc879,العدين,مطاعم,discovered,"['مطاعم في العدين, إب, اليمن']"
,,,,,,,,,,https://www.google.com/maps/place/%D9%85%D8%B7%D8%B9%D9%85+%D9%88%D8%A8%D8%B1%D9%88%D8%B3%D8%AA+%D9%88%D9%83%D9%81%D8%AA%D9%8A%D8%B1%D9%8A%D8%A7+%D8%B3%D9%84%D8%B3%D8%A8%D9%8A%D9%84%E2%80%AD/data=!4m7!3m6!1s0x161c9148d082d1bb:0xde8df970a9873f0e!8m2!3d13.9674243!4d44.0066078!16s%2Fg%2F11rgrn139h!19sChIJu9GC0EiRHBYRDj-HqXD5jd4?authuser=0&hl=en&g_ep=EgoyMDI2MDkzMC4wIJJjKgBIAVAD&rclk=1,0x161c9148d082d1bb:0xde8df970a9873f0e,العدين,مطاعم,discovered,"['مطاعم في العدين, إب, اليمن']"
,,,,,,,,,,https://www.google.com/maps/place/%D9%85%D8%B7%D8%B9%D9%85+%D8%A7%D9%84%D8%B1%D9%85%D9%86%D8%B3%D9%8A%D9%87+%D9%81%D9%8A+%D8%A7%D9%84%D8%B9%D8%AF%D9%8A%D9%86%E2%80%AD/data=!4m7!3m6!1s0x161c913f55bae753:0x95ca62434ff6e62a!8m2!3d13.9680791!4d44.0007638!16s%2Fg%2F11cp7jd5dg!19sChIJU-e6VT-RHBYRKub2T0NiypU?authuser=0&hl=en&g_ep=EgoyMDI2MDkzMC4wIJJjKgBIAVAD&rclk=1,0x161c913f55bae753:0x95ca62434ff6e62a,العدين,مطاعم,discovered,"['مطاعم في العدين, إب, اليمن']"
,,,,,,,,,,https://www.google.com/maps/place/%D9%85%D8%B7%D8%B9%D9%85+%D9%88%D8%A7%D8%AF%D9%8A+%D8%B9%D9%86%D9%87%E2%80%AD/data=!4m7!3m6!1s0x161c919c1502f84b:0x40cc2f0001975f64!8m2!3d13.9712556!4d43.9572862!16s%2Fg%2F11svr793t2!19sChIJS_gCFZyRHBYRZF-XAQAvzEA?authuser=0&hl=en&g_ep=EgoyMDI2MDkzMC4wIJJjKgBIAVAD&rclk=1,0x161c919c1502f84b:0x40cc2f0001975f64,العدين,مطاعم,discovered,"['مطاعم في العدين, إب, اليمن']"
,,,,,,,,,,https://www.google.com/maps/place/%D9%85%D8%B7%D8%A7%D8%B9%D9%85+%D8%A7%D9%84%D9%84%D9%88%D8%A7%D8%A1+%D8%A7%D9%84%D8%A7%D8%AE%D8%B6%D8%B1%E2%80%AD/data=!4m7!3m6!1s0x161c9333fe1d3da5:0x5ba3099e045f2e86!8m2!3d13.9587349!4d44.0737933!16s%2Fg%2F11h876n95k!19sChIJpT0d_jOTHBYRhi5fBJ4Jo1s?authuser=0&hl=en&g_ep=EgoyMDI2MDkzMC4wIJJjKgBIAVAD&rclk=1,0x161c9333fe1d3da5:0x5ba3099e045f2e86,العدين,مطاعم,discovered,"['مطاعم في العدين, إب, اليمن']"
,,,,,,,,,,https://www.google.com/maps/place/%D8%B4%D8%A7%D8%B1%D8%B9+%D8%A7%D9%84%D8%B9%D8%AF%D9%8A%D9%86%E2%80%AD/data=!4m7!3m6!1s0x161ce90056db7029:0x1a4c2905203f3e8c!8m2!3d13.9736746!4d44.1756601!16s%2Fg%2F11w_t7t_15!19sChIJKXDbVgDpHBYRjD4_IAUpTBo?authuser=0&hl=en&g_ep=EgoyMDI2MDkzMC4wIJJjKgBIAVAD&rclk=1,0x161ce90056db7029:0x1a4c2905203f3e8c,العدين,مطاعم,discovered,"['مطاعم في العدين, إب, اليمن', 'مطاعم في جولة العدين, إب, اليمن']"
,,,,,,,,,,https://www.google.com/maps/place/%D9%85%D8%B7%D8%B9%D9%85+%D8%B3%D9%85%D8%A7+%D8%A5%D8%A8%E2%80%AD/data=!4m7!3m6!1s0x161ceba1fd3b4647:0xc38c88942e00d2f!8m2!3d13.9687182!4d44.1382515!16s%2Fg%2F11c765yf6h!19sChIJR0Y7_aHrHBYRLw3gQonIOAw?authuser=0&hl=en&g_ep=EgoyMDI2MDkzMC4wIJJjKgBIAVAD&rclk=1,0x161ceba1fd3b4647:0xc38c88942e00d2f,العدين,مطاعم,discovered,"['مطاعم في العدين, إب, اليمن']"
,,,,,,,,,,https://www.google.com/maps/place/%D9%85%D8%B7%D8%A7%D8%B9%D9%85+%D8%A7%D9%84%D8%AF%D8%A7%D8%B1%E2%80%AD/data=!4m7!3m6!1s0x161ce95f0d658385:0x7c60c561003efd59!8m2!3d13.9580542!4d44.1730726!16s%2Fg%2F11g6rkp36g!19sChIJhYNlDV_pHBYRWf0-AGHFYHw?authuser=0&hl=en&g_ep=EgoyMDI2MDkzMC4wIJJjKgBIAVAD&rclk=1,0x161ce95f0d658385:0x7c60c561003efd59,العدين,مطاعم,discovered,"['مطاعم في العدين, إب, اليمن', 'مطاعم في جولة العدين, إب, اليمن']"
,,,,,,,,,,https://www.google.com/maps/place/%D9%85%D8%B7%D8%B9%D9%85+%D9%81%D9%86+%D8%A7%D9%84%D8%AA%D8%B1%D8%A7%D8%AB+%D8%A7%D9%84%D9%8A%D9%85%D9%86%D9%8A%E2%80%AD/data=!4m7!3m6!1s0x161ceb4069a09047:0x14711acadf2de46!8m2!3d13.9749604!4d44.1712729!16s%2Fg%2F11tsjgybh2!19sChIJR5CgaUDrHBYRRt7yrawRRwE?authuser=0&hl=en&g_ep=EgoyMDI2MDkzMC4wIJJjKgBIAVAD&rclk=1,0x161ceb4069a09047:0x14711acadf2de46,العدين,مطاعم,discovered,"['مطاعم في العدين, إب, اليمن', 'مطاعم في جولة العدين, إب, اليمن']"
,,,,,,,,,,https://www.google.com/maps/place/%D9%85%D8%B7%D8%B9%D9%85+%D9%86%D9%83%D9%87%D8%A9+%D8%B2%D9%85%D8%A7%D9%86%E2%80%AD/data=!4m7!3m6!1s0x161ceb0032e93389:0xcb1f63c5c86863c!8m2!3d13.9807738!4d44.1586286!16s%2Fg%2F11w1hk2r3r!19sChIJiTPpMgDrHBYRPIaGXDz2sQw?authuser=0&hl=en&g_ep=EgoyMDI2MDkzMC4wIJJjKgBIAVAD&rclk=1,0x161ceb0032e93389:0xcb1f63c5c86863c,العدين,مطاعم,discovered,"['مطاعم في العدين, إب, اليمن', 'مطاعم في جولة العدين, إب, اليمن']"
,,,,,,,,,,https://www.google.com/maps/place/%D9%81%D9%84%D8%A7%D9%81%D9%84+%D9%88%D8%B9%D8%B5%D8%A7%D8%A6%D8%B1+%D8%A7%D9%84%D9%85%D9%87%D9%8A%D9%88%D8%A8%E2%80%AD/data=!4m7!3m6!1s0x161c910015b37881:0x7498bf9e303451d7!8m2!3d13.966137!4d43.9998733!16s%2Fg%2F11wwgznqvq!19sChIJgXizFQCRHBYR11E0MJ6_mHQ?authuser=0&hl=en&g_ep=EgoyMDI2MDkzMC4wIJJjKgBIAVAD&rclk=1,0x161c910015b37881:0x7498bf9e303451d7,العدين,مطاعم,discovered,"['مطاعم في العدين, إب, اليمن']"
,,,,,,,,,,https://www.google.com/maps/place/%D8%B3%D9%88%D9%82+%D8%A7%D9%84%D8%B9%D8%AF%D9%8A%D9%86%E2%80%AD/data=!4m7!3m6!1s0x161c9188dbf26b83:0xd9ad0cddb3ccf6fa!8m2!3d13.9499998!4d43.981812!16s%2Fg%2F11t057xgm7!19sChIJg2vy24iRHBYR-vbMs90Mrdk?authuser=0&hl=en&g_ep=EgoyMDI2MDkzMC4wIJJjKgBIAVAD&rclk=1,0x161c9188dbf26b83:0xd9ad0cddb3ccf6fa,العدين,مطاعم,discovered,"['مطاعم في العدين, إب, اليمن']"
,,,,,,,,,,https://www.google.com/maps/place/%D9%85%D9%84%D9%83+%D8%A7%D9%84%D8%A8%D8%AD%D8%A7%D8%B1+%D9%84%D9%84%D8%A7%D8%B3%D9%85%D8%A7%D9%83+%D8%A7%D9%84%D8%B7%D8%A7%D8%B2%D8%AC%D8%A9%E2%80%AD/data=!4m7!3m6!1s0x161c9147361b73eb:0xab94e69afdc1f3c2!8m2!3d13.9682778!4d44.0020763!16s%2Fg%2F11c3177tz6!19sChIJ63MbNkeRHBYRwvPB_ZrmlKs?authuser=0&hl=en&g_ep=EgoyMDI2MDkzMC4wIJJjKgBIAVAD&rclk=1,0x161c9147361b73eb:0xab94e69afdc1f3c2,العدين,مطاعم,discovered,"['مطاعم في العدين, إب, اليمن']"
,,,,,,,,,,https://www.google.com/maps/place/%D9%85%D8%B7%D8%B9%D9%85+%D8%B9%D8%A7%D9%84%D9%85+%D8%A7%D9%84%D9%85%D8%A3%D9%83%D9%88%D9%84%D8%A7%D8%AA%E2%80%AD/data=!4m7!3m6!1s0x161ceb005aa07e63:0x5b58b1bf76da486f!8m2!3d13.970195!4d44.149613!16s%2Fg%2F11ywwkl1fv!19sChIJY36gWgDrHBYRb0jadr-xWFs?authuser=0&hl=en&g_ep=EgoyMDI2MDkzMC4wIJJjKgBIAVAD&rclk=1,0x161ceb005aa07e63:0x5b58b1bf76da486f,العدين,مطاعم,discovered,"['مطاعم في العدين, إب, اليمن', 'مطاعم في جولة العدين, إب, اليمن']"
,,,,,,,,,,https://www.google.com/maps/place/%D9%85%D8%B7%D8%B9%D9%85+%D9%88%D9%85%D8%AE%D8%A8%D8%A7%D8%B2%D8%A9+%D8%A7%D9%84%D8%B6%D8%A8%D8%A7%D8%A8%E2%80%AD/data=!4m7!3m6!1s0x161ceb00362a997b:0xae66e359bf221090!8m2!3d13.9749432!4d44.1716862!16s%2Fg%2F11w7jc1dnw!19sChIJe5kqNgDrHBYRkBAiv1njZq4?authuser=0&hl=en&g_ep=EgoyMDI2MDkzMC4wIJJjKgBIAVAD&rclk=1,0x161ceb00362a997b:0xae66e359bf221090,العدين,مطاعم,discovered,"['مطاعم في العدين, إب, اليمن', 'مطاعم في جولة العدين, إب, اليمن']"
,,,,,,,,,,https://www.google.com/maps/place/%D9%85%D8%B7%D8%B9%D9%85+%D8%A7%D9%84%D8%B5%D8%A8%D8%B1%D9%8A%E2%80%AD/data=!4m7!3m6!1s0x161ce91c8886356b:0x9bcf1ee54fae7f01!8m2!3d13.9752138!4d44.1851776!16s%2Fg%2F11h_3xd9tz!19sChIJazWGiBzpHBYRAX-uT-Uez5s?authuser=0&hl=en&g_ep=EgoyMDI2MDkzMC4wIJJjKgBIAVAD&rclk=1,0x161ce91c8886356b:0x9bcf1ee54fae7f01,العدين,مطاعم,discovered,"['مطاعم في العدين, إب, اليمن']"
,,,,,,,,,,https://www.google.com/maps/place/%D9%85%D8%B7%D8%B9%D9%85+%D8%A7%D9%84%D8%AE%D8%B7%D9%8A%D8%A8%E2%80%AD/data=!4m7!3m6!1s0x161ceb24c3566ead:0xc9cc6163d8f8dbb6!8m2!3d13.9745876!4d44.171185!16s%2Fg%2F11jscd68fn!19sChIJrW5WwyTrHBYRttv42GNhzMk?authuser=0&hl=en&g_ep=EgoyMDI2MDkzMC4wIJJjKgBIAVAD&rclk=1,0x161ceb24c3566ead:0xc9cc6163d8f8dbb6,العدين,مطاعم,discovered,"['مطاعم في العدين, إب, اليمن', 'مطاعم في جولة العدين, إب, اليمن']"
,,,,,,,,,,https://www.google.com/maps/place/%D8%B3%D9%84%D8%B3%D9%84%D8%A9+%D9%85%D8%B7%D8%A7%D8%B9%D9%85+%D8%A7%D9%84%D8%AA%D8%B1%D8%A7%D8%AB+%D8%A7%D9%84%D9%8A%D9%85%D9%86%D9%8A%E2%80%AD/data=!4m7!3m6!1s0x161ce9f5c3a40465:0xba06eb5afe7ed3f5!8m2!3d13.952825!4d44.1755684!16s%2Fg%2F11h0v1721t!19sChIJZQSkw_XpHBYR9dN-_lrrBro?authuser=0&hl=en&g_ep=EgoyMDI2MDkzMC4wIJJjKgBIAVAD&rclk=1,0x161ce9f5c3a40465:0xba06eb5afe7ed3f5,العدين,مطاعم,discovered,"['مطاعم في العدين, إب, اليمن']"
,,,,,,,,,,https://www.google.com/maps/place/%D9%81%D9%86%D8%AF%D9%82+%D9%88%D9%85%D8%B7%D8%B9%D9%85+%D9%85%D8%B6%D9%8A%D8%A7%D9%81+%D8%A7%D9%84%D8%B9%D8%B1%D8%A8%E2%80%AD/data=!4m7!3m6!1s0x161cebee53e902d7:0xcb9c24fb2e098612!8m2!3d13.9531995!4d44.1664318!16s%2Fg%2F11krbprj0c!19sChIJ1wLpU-7rHBYREoYJLvsknMs?authuser=0&hl=en&g_ep=EgoyMDI2MDkzMC4wIJJjKgBIAVAD&rclk=1,0x161cebee53e902d7:0xcb9c24fb2e098612,العدين,مطاعم,discovered,"['مطاعم في العدين, إب, اليمن']"
,,,,,,,,,,https://www.google.com/maps/place/%D8%A7%D9%84%D9%84%D8%B5%D8%A8+%D8%AD%D8%AF%D9%88%D8%AF+%D8%A3%D9%85%D9%84%D8%A7%D9%83+%D8%A7%D9%84%D9%88%D8%A7%D9%84%D8%AF+%D8%B9%D9%84%D9%8A+%D9%82%D8%A7%D9%8A%D8%AF+%D8%BA%D8%A7%D9%86%D9%85+%D8%A7%D9%84%D9%87%D9%86%D8%A7%D9%87%D9%8A%E2%80%AD/data=!4m7!3m6!1s0x161c99003da7d95d:0x1b5fbdcd0a118b44!8m2!3d14.0063044!4d43.942058!16s%2Fg%2F11y76_fb_h!19sChIJXdmnPQCZHBYRRIsRCs29Xxs?authuser=0&hl=en&g_ep=EgoyMDI2MDkzMC4wIJJjKgBIAVAD&rclk=1,0x161c99003da7d95d:0x1b5fbdcd0a118b44,العدين,مطاعم,discovered,"['مطاعم في العدين, إب, اليمن']"
,,,,,,,,,,https://www.google.com/maps/place/%D9%85%D8%B7%D8%B9%D9%85+%D8%A8%D9%8A%D8%AA+%D8%A7%D9%84%D8%AD%D8%B7%D8%A8%E2%80%AD/data=!4m7!3m6!1s0x161ceb0077f3e5cf:0xb3427494d8ee7e03!8m2!3d13.9714821!4d44.1614177!16s%2Fg%2F11ycwptrvd!19sChIJz-XzdwDrHBYRA37u2JR0QrM?authuser=0&hl=en&g_ep=EgoyMDI2MDkzMC4wIJJjKgBIAVAD&rclk=1,0x161ceb0077f3e5cf:0xb3427494d8ee7e03,العدين,مطاعم,discovered,"['مطاعم في العدين, إب, اليمن', 'مطاعم في جولة العدين, إب, اليمن']"
,,,,,,,,,,https://www.google.com/maps/place/%D9%85%D8%B7%D8%B9%D9%85+%D8%A7%D9%84%D8%B1%D8%A7%D8%B3%D9%86%D9%8A%E2%80%AD/data=!4m7!3m6!1s0x161ce967c61a359d:0x7dcd22a2be4a4c52!8m2!3d13.9588233!4d44.172354!16s%2Fg%2F11j9046c75!19sChIJnTUaxmfpHBYRUkxKvqIizX0?authuser=0&hl=en&g_ep=EgoyMDI2MDkzMC4wIJJjKgBIAVAD&rclk=1,0x161ce967c61a359d:0x7dcd22a2be4a4c52,العدين,مطاعم,discovered,"['مطاعم في العدين, إب, اليمن', 'مطاعم في جولة العدين, إب, اليمن']"
,,,,,,,,,,https://www.google.com/maps/place/AlRaseny+Resturant/data=!4m7!3m6!1s0x161ceb002827d19d:0xc3181d994c4f3b8d!8m2!3d13.9597471!4d44.1713684!16s%2Fg%2F11nr2vdz45!19sChIJndEnKADrHBYRjTtPTJkdGMM?authuser=0&hl=en&g_ep=EgoyMDI2MDkzMC4wIJJjKgBIAVAD&rclk=1,0x161ceb002827d19d:0xc3181d994c4f3b8d,العدين,مطاعم,discovered,"['مطاعم في العدين, إب, اليمن']"
,,,,,,,,,,https://www.google.com/maps/place/%D9%85%D8%B7%D8%A7%D8%B9%D9%85%E2%80%AD/data=!4m7!3m6!1s0x161ceb2d84aedac7:0x63534373e11b2624!8m2!3d13.9706592!4d44.1526536!16s%2Fg%2F11zy02mkz2!19sChIJx9quhC3rHBYRJCYb4XNDU2M?authuser=0&hl=en&g_ep=EgoyMDI2MDkzMC4wIJJjKgBIAVAD&rclk=1,0x161ceb2d84aedac7:0x63534373e11b2624,العدين,مطاعم,discovered,"['مطاعم في العدين, إب, اليمن', 'مطاعم في جولة العدين, إب, اليمن']"
,,,,,,,,,,https://www.google.com/maps/place/%D9%83%D9%81%D8%AA%D9%8A%D8%B1%D9%8A%D8%A7+%D8%A7%D9%84%D9%87%D9%86%D8%AF%D8%B3%D8%A9+%D9%84%D9%84%D9%88%D8%AC%D8%A8%D8%A7%D8%AA+%D8%A7%D9%84%D8%AE%D9%81%D9%8A%D9%81%D8%A9%E2%80%AD/data=!4m7!3m6!1s0x161cebb6427dadb7:0x1068e2460db84ef8!8m2!3d13.9726271!4d44.1644702!16s%2Fg%2F11jn67yj9p!19sChIJt619QrbrHBYR-E64DUbiaBA?authuser=0&hl=en&g_ep=EgoyMDI2MDkzMC4wIJJjKgBIAVAD&rclk=1,0x161cebb6427dadb7:0x1068e2460db84ef8,العدين,مطاعم,discovered,"['مطاعم في العدين, إب, اليمن', 'مطاعم في جولة العدين, إب, اليمن']"
,,,,,,,,,,https://www.google.com/maps/place/%D9%83%D8%A7%D9%81%D8%AA%D9%8A%D8%B1%D9%8A%D8%A7+%D8%A7%D9%84%D9%86%D8%AC%D9%85%E2%80%AD/data=!4m7!3m6!1s0x161ceb9aa5c2a501:0x47034c1ef96bb2c!8m2!3d13.9727923!4d44.166283!16s%2Fg%2F11jfvty4qv!19sChIJAaXCpZrrHBYRLLuW78E0cAQ?authuser=0&hl=en&g_ep=EgoyMDI2MDkzMC4wIJJjKgBIAVAD&rclk=1,0x161ceb9aa5c2a501:0x47034c1ef96bb2c,العدين,مطاعم,discovered,"['مطاعم في العدين, إب, اليمن', 'مطاعم في جولة العدين, إب, اليمن']"
,,,,,,,,,,https://www.google.com/maps/place/%D9%85%D8%B7%D8%A7%D8%B9%D9%85+%D8%A7%D9%84%D8%AF%D9%8A%D9%88%D9%86%E2%80%AD/data=!4m7!3m6!1s0x161ceb002d737267:0xfeeb3f021df8d768!8m2!3d13.9707843!4d44.1604108!16s%2Fg%2F11x7b5dy_m!19sChIJZ3JzLQDrHBYRaNf4HQI_6_4?authuser=0&hl=en&g_ep=EgoyMDI2MDkzMC4wIJJjKgBIAVAD&rclk=1,0x161ceb002d737267:0xfeeb3f021df8d768,العدين,مطاعم,discovered,"['مطاعم في العدين, إب, اليمن', 'مطاعم في جولة العدين, إب, اليمن']"
,,,,,,,,,,https://www.google.com/maps/place/%D9%85%D8%B7%D8%B9%D9%85+%D8%A7%D9%84%D9%87%D9%84%D8%A7%D9%84+%D9%84%D9%84%D9%81%D9%88%D9%84+%D8%B9%D9%84%D9%8A+%D8%AD%D9%85%D9%88%D8%AF%E2%80%AD/data=!4m7!3m6!1s0x161ce969d040808f:0xfa3cbc4d795c82f2!8m2!3d13.9754252!4d44.1839482!16s%2Fg%2F11j4gy1d25!19sChIJj4BA0GnpHBYR8oJceU28PPo?authuser=0&hl=en&g_ep=EgoyMDI2MDkzMC4wIJJjKgBIAVAD&rclk=1,0x161ce969d040808f:0xfa3cbc4d795c82f2,العدين,مطاعم,discovered,"['مطاعم في العدين, إب, اليمن']"
,,,,,,,,,,https://www.google.com/maps/place/EL-DAR+DARAK/data=!4m7!3m6!1s0x161ceb003b227725:0x15144b7868eabf15!8m2!3d13.9795466!4d44.1594011!16s%2Fg%2F11wq023__t!19sChIJJXciOwDrHBYRFb_qaHhLFBU?authuser=0&hl=en&g_ep=EgoyMDI2MDkzMC4wIJJjKgBIAVAD&rclk=1,0x161ceb003b227725:0x15144b7868eabf15,العدين,مطاعم,discovered,"['مطاعم في العدين, إب, اليمن']"
,,,,,,,,,,https://www.google.com/maps/place/%D9%85%D8%B7%D8%B9%D9%85+%D9%88%D9%85%D9%86%D8%AA%D8%B2%D9%87+%D8%AD%D8%B6%D8%B1%D9%85%D9%88%D8%AA%E2%80%AD/data=!4m7!3m6!1s0x161ceb7ced12148d:0x6a8e494b99146411!8m2!3d13.9706244!4d44.160487!16s%2Fg%2F11s4rxtjjy!19sChIJjRQS7XzrHBYREWQUmUtJjmo?authuser=0&hl=en&g_ep=EgoyMDI2MDkzMC4wIJJjKgBIAVAD&rclk=1,0x161ceb7ced12148d:0x6a8e494b99146411,العدين,مطاعم,discovered,"['مطاعم في العدين, إب, اليمن', 'مطاعم في جولة العدين, إب, اليمن']"
,,,,,,,,,,https://www.google.com/maps/place/%D8%A3%D9%85%D9%8A%D9%86+%D8%A8%D9%8A%D8%AA%D8%B2%D8%A7%E2%80%AD/data=!4m7!3m6!1s0x161ce980c2f6dbb3:0x6f23a8e539a3bd8a!8m2!3d13.9737922!4d44.1776998!16s%2Fg%2F11rf7bxm5x!19sChIJs9v2woDpHBYRir2jOeWoI28?authuser=0&hl=en&g_ep=EgoyMDI2MDkzMC4wIJJjKgBIAVAD&rclk=1,0x161ce980c2f6dbb3:0x6f23a8e539a3bd8a,العدين,مطاعم,discovered,"['مطاعم في العدين, إب, اليمن', 'مطاعم في جولة العدين, إب, اليمن']"
,,,,,,,,,,https://www.google.com/maps/place/%D9%85%D8%B3%D8%AA%D8%B1+%D8%B3%D8%A7%D9%86%D8%AF%D9%88%D8%AA%D8%B4%E2%80%AD/data=!4m7!3m6!1s0x161ce9c29c2f6eb5:0xff80ce2557f950ad!8m2!3d13.9705151!4d44.1833083!16s%2Fg%2F11nwlplxxx!19sChIJtW4vnMLpHBYRrVD5VyXOgP8?authuser=0&hl=en&g_ep=EgoyMDI2MDkzMC4wIJJjKgBIAVAD&rclk=1,0x161ce9c29c2f6eb5:0xff80ce2557f950ad,العدين,مطاعم,discovered,"['مطاعم في العدين, إب, اليمن', 'مطاعم في جولة العدين, إب, اليمن']"
,,,,,,,,,,https://www.google.com/maps/place/%D8%A7%D9%84%D9%86%D9%87%D9%85%D9%8A%E2%80%AD/data=!4m7!3m6!1s0x161c8f928c6bd92d:0xffd4910212f690c1!8m2!3d13.9002891!4d43.9541629!16s%2Fg%2F1thzxz2q!19sChIJLdlrjJKPHBYRwZD2EgKR1P8?authuser=0&hl=en&g_ep=EgoyMDI2MDkzMC4wIJJjKgBIAVAD&rclk=1,0x161c8f928c6bd92d:0xffd4910212f690c1,العدين,مطاعم,discovered,"['مطاعم في العدين, إب, اليمن']"
,,,,,,,,,,https://www.google.com/maps/place/%D8%A8%D9%88%D9%81%D9%8A%D8%A9+%D8%A7%D9%84%D9%82%D9%84%D9%85+%D9%85%D8%AD%D9%85%D8%AF+%D8%B7%D8%B1%D8%A7%D8%B7%D9%85%E2%80%AD/data=!4m7!3m6!1s0x161ceb0058557b4d:0x16bc5d95c2604008!8m2!3d13.9679952!4d44.1379829!16s%2Fg%2F11mlgphjng!19sChIJTXtVWADrHBYRCEBgwpVdvBY?authuser=0&hl=en&g_ep=EgoyMDI2MDkzMC4wIJJjKgBIAVAD&rclk=1,0x161ceb0058557b4d:0x16bc5d95c2604008,العدين,مطاعم,discovered,"['مطاعم في العدين, إب, اليمن', 'مطاعم في جولة العدين, إب, اليمن']"
,,,,,,,,,,https://www.google.com/maps/place/%D8%AE%D8%B2%D8%A7%D9%86+%D9%85%D8%A7%D8%A1%E2%80%AD/data=!4m7!3m6!1s0x161c85bf73707227:0x499c1f0edb072cb3!8m2!3d13.907535!4d43.8955247!16s%2Fg%2F11swqb3d4c!19sChIJJ3Jwc7-FHBYRsywH2w4fnEk?authuser=0&hl=en&g_ep=EgoyMDI2MDkzMC4wIJJjKgBIAVAD&rclk=1,0x161c85bf73707227:0x499c1f0edb072cb3,العدين,مطاعم,discovered,"['مطاعم في العدين, إب, اليمن']"
,,,,,,,,,,https://www.google.com/maps/place/%D9%85%D8%B7%D8%B9%D9%85+%D9%88%D9%85%D8%AE%D8%A8%D8%A7%D8%B2%D8%A9+%D8%A7%D9%84%D9%83%D9%81+%D8%A7%D9%84%D8%B0%D9%87%D8%A8%D9%8A%E2%80%AD/data=!4m7!3m6!1s0x161c919bf098b6a7:0x29c7224200a0f0ce!8m2!3d13.9682036!4d44.0022848!16s%2Fg%2F11qgk82ly8!19sChIJp7aY8JuRHBYRzvCgAEIixyk?authuser=0&hl=en&g_ep=EgoyMDI2MDkzMC4wIJJjKgBIAVAD&rclk=1,0x161c919bf098b6a7:0x29c7224200a0f0ce,العدين,مطاعم,discovered,"['مطاعم في العدين, إب, اليمن']"
,,,,,,,,,,https://www.google.com/maps/place/%D9%85%D8%B7%D8%B9%D9%85+%D9%88%D8%A8%D8%B1%D8%B3%D8%AA+%D8%A7%D9%84%D8%B7%D9%88%D9%8A%D9%84+%D8%AD%D8%B6%D8%B1%D9%85%D9%88%D8%AA+%D9%84%D9%84%D9%85%D8%A3%D9%83%D9%88%D9%84%D8%A7%D8%AA+%D8%A7%D9%84%D8%B4%D9%87%D9%8A%D8%A9+%D9%88%D8%A7%D9%84%D8%B4%D8%B9%D8%A8%D9%8A%D8%A9%E2%80%AD/data=!4m7!3m6!1s0x161ce97ff910aab5:0x23f22b9742c38dc2!8m2!3d13.9572662!4d44.1808925!16s%2Fg%2F11tc8wpm_v!19sChIJtaoQ-X_pHBYRwo3DQpcr8iM?authuser=0&hl=en&g_ep=EgoyMDI2MDkzMC4wIJJjKgBIAVAD&rclk=1,0x161ce97ff910aab5:0x23f22b9742c38dc2,العدين,مطاعم,discovered,"['مطاعم في العدين, إب, اليمن']"
,,,,,,,,,,https://www.google.com/maps/place/%D9%85%D8%B7%D8%A7%D8%B9%D9%85+%D8%AA%D8%A7%D8%AC+%D8%B3%D8%A8%D8%A3%E2%80%AD/data=!4m7!3m6!1s0x161cebc5096d6dd5:0x102c4a104b7b81dd!8m2!3d13.9711479!4d44.1602606!16s%2Fg%2F11c5h5l9bq!19sChIJ1W1tCcXrHBYR3YF7SxBKLBA?authuser=0&hl=en&g_ep=EgoyMDI2MDkzMC4wIJJjKgBIAVAD&rclk=1,0x161cebc5096d6dd5:0x102c4a104b7b81dd,العدين,مطاعم,discovered,"['مطاعم في العدين, إب, اليمن', 'مطاعم في جولة العدين, إب, اليمن']"
,,,,,,,,,,https://www.google.com/maps/place/%D9%85%D8%B7%D8%B9%D9%85+%D9%88%D9%85%D8%AE%D8%A8%D8%A7%D8%B2%D8%A9+%D9%88%D9%83%D9%81%D8%AA%D9%8A%D8%B1%D9%8A%D8%A7+%D8%A7%D9%84%D9%86%D8%A7%D8%B6%D8%AC+%D9%84%D9%84%D9%85%D8%A3%D9%83%D9%88%D9%84%D8%A7%D8%AA+%D8%A7%D9%84%D8%B4%D9%87%D9%8A%D8%A9%E2%80%AD/data=!4m7!3m6!1s0x161c9b67302c03fd:0xdedac8e40ccea4a5!8m2!3d13.9785217!4d43.9025516!16s%2Fg%2F11p1h9ktfd!19sChIJ_QMsMGebHBYRpaTODOTI2t4?authuser=0&hl=en&g_ep=EgoyMDI2MDkzMC4wIJJjKgBIAVAD&rclk=1,0x161c9b67302c03fd:0xdedac8e40ccea4a5,العدين,مطاعم,discovered,"['مطاعم في العدين, إب, اليمن']"
,,,,,,,,,,https://www.google.com/maps/place/%D8%A5%D8%A8+%D8%A7%D9%84%D8%B6%D9%87%D8%A7%D8%B1+%D8%A7%D9%85%D8%A7%D9%85+%D9%85%D8%B7%D8%A7%D8%B9%D9%85+%D8%AD%D8%B6%D8%B1%D9%85%D9%88%D8%AA+%D8%A8%D8%A7%D8%AD%D8%A7%D8%AC%E2%80%AD/data=!4m7!3m6!1s0x161ceb3d6a4a770f:0x7c09b46390c59c6f!8m2!3d13.9706826!4d44.1526259!16s%2Fg%2F11rzcw55wl!19sChIJD3dKaj3rHBYRb5zFkGO0CXw?authuser=0&hl=en&g_ep=EgoyMDI2MDkzMC4wIJJjKgBIAVAD&rclk=1,0x161ceb3d6a4a770f:0x7c09b46390c59c6f,العدين,مطاعم,discovered,"['مطاعم في العدين, إب, اليمن', 'مطاعم في جولة العدين, إب, اليمن']"
,,,,,,,,,,https://www.google.com/maps/place/%D9%85%D8%B7%D8%B9%D9%85+%D8%A7%D9%84%D9%87%D8%A7%D9%85%D9%88%D8%B1%E2%80%AD/data=!4m7!3m6!1s0x161ce96f10a2216b:0x1e63cc4d90d8cb66!8m2!3d13.9722109!4d44.1754779!16s%2Fg%2F11l32nxm3d!19sChIJayGiEG_pHBYRZsvYkE3MYx4?authuser=0&hl=en&g_ep=EgoyMDI2MDkzMC4wIJJjKgBIAVAD&rclk=1,0x161ce96f10a2216b:0x1e63cc4d90d8cb66,العدين,مطاعم,discovered,"['مطاعم في العدين, إب, اليمن']"
,,,,,,,,,,https://www.google.com/maps/place/%D8%A8%D9%88%D9%81%D9%8A%D8%A9+%D8%A7%D9%84%D8%B9%D9%8A%D8%AF%D8%B1%D9%88%D8%B3%E2%80%AD/data=!4m7!3m6!1s0x161ce9c9896ac25d:0x208c8c52a76eeb9e!8m2!3d13.9755718!4d44.1785732!16s%2Fg%2F11t64pg5mv!19sChIJXcJqicnpHBYRnutup1KMjCA?authuser=0&hl=en&g_ep=EgoyMDI2MDkzMC4wIJJjKgBIAVAD&rclk=1,0x161ce9c9896ac25d:0x208c8c52a76eeb9e,العدين,مطاعم,discovered,"['مطاعم في العدين, إب, اليمن', 'مطاعم في جولة العدين, إب, اليمن']"
,,,,,,,,,,https://www.google.com/maps/place/%D9%83%D9%81%D8%AA%D9%8A%D8%B1%D9%8A%D8%A7+%D8%A7%D9%84%D8%AD%D8%B3%D8%A7%D9%85%E2%80%AD/data=!4m7!3m6!1s0x161c97ebf2036537:0x75b979c3da688981!8m2!3d13.9966299!4d43.9816792!16s%2Fg%2F11xtlhvkxg!19sChIJN2UD8uuXHBYRgYlo2sN5uXU?authuser=0&hl=en&g_ep=EgoyMDI2MDkzMC4wIJJjKgBIAVAD&rclk=1,0x161c97ebf2036537:0x75b979c3da688981,العدين,مطاعم,discovered,"['مطاعم في العدين, إب, اليمن']"
,,,,,,,,,,https://www.google.com/maps/place/%D8%A7%D9%84%D8%B4%D9%87%D8%AF+%D9%83%D8%A7%D9%81%D9%8A%E2%80%AD/data=!4m7!3m6!1s0x161ce9004cb6ab05:0x7dcee05ba90320f4!8m2!3d13.9739805!4d44.1752137!16s%2Fg%2F11mykx4wfj!19sChIJBau2TADpHBYR9CADqVvgzn0?authuser=0&hl=en&g_ep=EgoyMDI2MDkzMC4wIJJjKgBIAVAD&rclk=1,0x161ce9004cb6ab05:0x7dcee05ba90320f4,العدين,مطاعم,discovered,"['مطاعم في العدين, إب, اليمن', 'مطاعم في جولة العدين, إب, اليمن', 'مقاهي وكوفي في العدين, إب, اليمن']"
,,,,,,,,,,https://www.google.com/maps/place/%D9%86%D9%83%D9%87%D8%A9+%D9%81%D9%84%D8%A7%D9%81%D9%84%E2%80%AD/data=!4m7!3m6!1s0x161ceb003bdb2283:0xcc56f88250c3fb8!8m2!3d13.9732642!4d44.1683148!16s%2Fg%2F11yt0v9pt9!19sChIJgyLbOwDrHBYRuD8MJYhvxQw?authuser=0&hl=en&g_ep=EgoyMDI2MDkzMC4wIJJjKgBIAVAD&rclk=1,0x161ceb003bdb2283:0xcc56f88250c3fb8,العدين,مطاعم,discovered,"['مطاعم في العدين, إب, اليمن', 'مطاعم في جولة العدين, إب, اليمن']"
,,,,,,,,,,https://www.google.com/maps/place/%D9%85%D8%B7%D8%B9%D9%85+%D8%A7%D9%84%D8%B5%D9%84%D9%88%D9%8A+%D9%84%D9%84%D9%85%D8%A3%D9%83%D9%88%D9%84%D8%A7%D8%AA+%D8%A7%D9%84%D8%B4%D8%B9%D8%A8%D9%8A%D8%A9+%C2%AF%D8%B9%D8%B1%D9%81%D8%A7%D8%AA+%D8%A7%D9%84%D8%B4%D9%85%D8%B3%D8%A7%D9%86%D9%8A%E2%80%AD/data=!4m7!3m6!1s0x161ceb003e995b19:0xe5e3981de2d7bae9!8m2!3d13.9745827!4d44.1713141!16s%2Fg%2F11xnlp23z3!19sChIJGVuZPgDrHBYR6brX4h2Y4-U?authuser=0&hl=en&g_ep=EgoyMDI2MDkzMC4wIJJjKgBIAVAD&rclk=1,0x161ceb003e995b19:0xe5e3981de2d7bae9,العدين,مطاعم,discovered,"['مطاعم في العدين, إب, اليمن', 'مطاعم في جولة العدين, إب, اليمن']"
,,,,,,,,,,https://www.google.com/maps/place/%D9%85%D8%B7%D8%B9%D9%85+%D9%88%D8%A8%D8%B1%D8%B3%D8%AA+%D9%85%D8%B1%D8%A7%D8%B3%D9%8A%D9%85+%D8%A5%D8%A8%E2%80%AD/data=!4m7!3m6!1s0x161ce9778a4382c9:0xd2680defd230f509!8m2!3d13.9510128!4d44.1798101!16s%2Fg%2F11p6682j9b!19sChIJyYJDinfpHBYRCfUw0u8NaNI?authuser=0&hl=en&g_ep=EgoyMDI2MDkzMC4wIJJjKgBIAVAD&rclk=1,0x161ce9778a4382c9:0xd2680defd230f509,العدين,مطاعم,discovered,"['مطاعم في العدين, إب, اليمن']"
,,,,,,,,,,https://www.google.com/maps/place/%D9%85%D8%B7%D8%A7%D8%B9%D9%85+%D8%B4%D9%88%D8%A7%D9%8A%D8%A9+%D8%A7%D9%84%D8%A8%D9%84%D8%AF%22%D8%B4%D8%A7%D8%B1%D8%B9+%D8%A8%D8%BA%D8%AF%D8%A7%D8%AF%E2%80%AD/data=!4m7!3m6!1s0x161ce98d24830689:0x2eb12470232f8d53!8m2!3d13.9662714!4d44.1755627!16s%2Fg%2F11kb9nsv6n!19sChIJiQaDJI3pHBYRU40vI3AksS4?authuser=0&hl=en&g_ep=EgoyMDI2MDkzMC4wIJJjKgBIAVAD&rclk=1,0x161ce98d24830689:0x2eb12470232f8d53,العدين,مطاعم,discovered,"['مطاعم في العدين, إب, اليمن', 'مطاعم في جولة العدين, إب, اليمن']"
,,,,,,,,,,https://www.google.com/maps/place/%D9%85%D8%B7%D8%B9%D9%85+%D8%AC%D8%B1%D8%A7%D9%86%D8%AF%D8%A5%D8%A8+%D8%A7%D9%84%D8%B3%D9%8A%D8%A7%D8%AD%D9%8A%E2%80%AD/data=!4m7!3m6!1s0x161ceb16a73c0b1d:0x4e5f729523701ca7!8m2!3d13.9666501!4d44.1627327!16s%2Fg%2F11fqxwwjps!19sChIJHQs8pxbrHBYRpxxwI5VyX04?authuser=0&hl=en&g_ep=EgoyMDI2MDkzMC4wIJJjKgBIAVAD&rclk=1,0x161ceb16a73c0b1d:0x4e5f729523701ca7,العدين,مطاعم,discovered,"['مطاعم في العدين, إب, اليمن', 'مطاعم في جولة العدين, إب, اليمن']"
,,,,,,,,,,https://www.google.com/maps/place/%D9%85%D8%B7%D8%B9%D9%85+%D8%A7%D9%84%D9%81%D9%88%D9%84%E2%80%AD/data=!4m7!3m6!1s0x161ceb1903616c8b:0xc89377f648f44947!8m2!3d13.9712692!4d44.1498391!16s%2Fg%2F11gnrx7sg1!19sChIJi2xhAxnrHBYRR0n0SPZ3k8g?authuser=0&hl=en&g_ep=EgoyMDI2MDkzMC4wIJJjKgBIAVAD&rclk=1,0x161ceb1903616c8b:0xc89377f648f44947,العدين,مطاعم,discovered,"['مطاعم في العدين, إب, اليمن', 'مطاعم في جولة العدين, إب, اليمن']"
,,,,,,,,,,https://www.google.com/maps/place/%D8%AA%D8%B4%D9%8A%D9%83%D9%86+%D9%81%D8%B1%D8%A7%D9%8A%D8%B2%E2%80%AD/data=!4m7!3m6!1s0x161ceb007a204e85:0x4d2260f840710a79!8m2!3d13.9747139!4d44.1792634!16s%2Fg%2F11wg8v2wqy!19sChIJhU4gegDrHBYReQpxQPhgIk0?authuser=0&hl=en&g_ep=EgoyMDI2MDkzMC4wIJJjKgBIAVAD&rclk=1,0x161ceb007a204e85:0x4d2260f840710a79,العدين,مطاعم,discovered,"['مطاعم في العدين, إب, اليمن', 'مطاعم في جولة العدين, إب, اليمن']"
,,,,,,,,,,https://www.google.com/maps/place/%D9%83%D9%81%D8%AA%D9%8A%D8%B1%D9%8A%D8%A7+%D8%A8%D8%AF%D9%88%D9%86+%D8%A7%D8%B3%D9%85%E2%80%AD/data=!4m7!3m6!1s0x161ce99462994cb9:0xa0aa0ba146ac0970!8m2!3d13.9460606!4d44.1766516!16s%2Fg%2F11h0ms1vr1!19sChIJuUyZYpTpHBYRcAmsRqELqqA?authuser=0&hl=en&g_ep=EgoyMDI2MDkzMC4wIJJjKgBIAVAD&rclk=1,0x161ce99462994cb9:0xa0aa0ba146ac0970,العدين,مطاعم,discovered,"['مطاعم في العدين, إب, اليمن']"
,,,,,,,,,,https://www.google.com/maps/place/%D9%85%D8%B2%D8%A7%D8%B1%D8%B9+%D8%A7%D9%84%D8%AF%D9%88%D8%A8%D9%84%D9%8A+%D8%AF%D8%AC%D8%A7%D8%AC%E2%80%AD/data=!4m7!3m6!1s0x161c91006631273d:0x9f0cd1ca066df764!8m2!3d13.9156958!4d43.9986175!16s%2Fg%2F11w2h5x02n!19sChIJPScxZgCRHBYRZPdtBsrRDJ8?authuser=0&hl=en&g_ep=EgoyMDI2MDkzMC4wIJJjKgBIAVAD&rclk=1,0x161c91006631273d:0x9f0cd1ca066df764,العدين,مطاعم,discovered,"['مطاعم في العدين, إب, اليمن']"
,,,,,,,,,,https://www.google.com/maps/place/%D8%A8%D9%88%D9%81%D9%8A%D9%87%E2%80%AD/data=!4m7!3m6!1s0x161ce960667a5267:0xe876ab2fb5e5773c!8m2!3d13.9752361!4d44.173298!16s%2Fg%2F11fw9ltw8x!19sChIJZ1J6ZmDpHBYRPHfltS-rdug?authuser=0&hl=en&g_ep=EgoyMDI2MDkzMC4wIJJjKgBIAVAD&rclk=1,0x161ce960667a5267:0xe876ab2fb5e5773c,العدين,مطاعم,discovered,"['مطاعم في العدين, إب, اليمن', 'مطاعم في جولة العدين, إب, اليمن']"
,,,,,,,,,,https://www.google.com/maps/place/%D9%85%D8%BA%D8%B3%D9%84%D8%A9+%D9%88%D8%AF%D9%8A%D8%B9+%D8%A7%D9%84%D8%B9%D8%AF%D9%8A%D9%86%D9%8A+%D9%84%D8%BA%D8%B3%D9%84+%D9%88%D9%83%D9%88%D9%8A+%D8%AC%D9%85%D9%8A%D8%B9+%D8%A7%D9%84%D9%85%D9%84%D8%A7%D8%A8%D8%B3%E2%80%AD/data=!4m7!3m6!1s0x15fdfd96eb64994d:0xc71a6de9129a217d!8m2!3d16.8411807!4d43.7400756!16s%2Fg%2F11tb_8ny5v!19sChIJTZlk65b9_RURfSGaEultGsc?authuser=0&hl=en&g_ep=EgoyMDI2MDkzMC4wIJJjKgBIAVAD&rclk=1,0x15fdfd96eb64994d:0xc71a6de9129a217d,العدين,مغاسل وحلاقين وكوافير,discovered,"['مغاسل وحلاقين وكوافير في العدين, إب, اليمن']"
,,,,,,,,,,https://www.google.com/maps/place/%D8%A3%D9%84+%D8%AD%D9%8A%D9%85%D8%AF%E2%80%AD/data=!4m7!3m6!1s0x161cbff5f3886b23:0x44573afafb84749c!8m2!3d14.042022!4d44.063365!16s%2Fg%2F11k9hq782x!19sChIJI2uI8_W_HBYRnHSE-_o6V0Q?authuser=0&hl=en&g_ep=EgoyMDI2MDkzMC4wIJJjKgBIAVAD&rclk=1,0x161cbff5f3886b23:0x44573afafb84749c,العدين,مغاسل وحلاقين وكوافير,discovered,"['مغاسل وحلاقين وكوافير في العدين, إب, اليمن']"
,,,,,,,,,,https://www.google.com/maps/place/%D8%B3%D9%88%D8%A8%D8%B1+%D9%85%D8%A7%D8%B1%D9%83%D8%AA+%D8%A7%D9%84%D8%B1%D8%B4%D9%8A%D8%AF%E2%80%AD/data=!4m7!3m6!1s0x161cebc8dfdb54ab:0x8cce84870b99c9e!8m2!3d13.9714551!4d44.1585454!16s%2Fg%2F11hjfh1xv_!19sChIJq1Tb38jrHBYRnpy5cEjozAg?authuser=0&hl=en&g_ep=EgoyMDI2MDkzMC4wIJJjKgBIAVAD&rclk=1,0x161cebc8dfdb54ab:0x8cce84870b99c9e,جولة العدين,بقالات وسوبر ماركت,discovered,"['بقالات وسوبر ماركت في جولة العدين, إب, اليمن', 'بقالات وسوبر ماركت في وسط مدينة إب, إب, اليمن']"
,,,,,,,,,,https://www.google.com/maps/place/%D8%B3%D9%88%D8%A8%D8%B1+%D9%85%D8%A7%D8%B1%D9%83%D8%AA+%D8%A7%D9%84%D8%AE%D9%88%D9%84%D8%A7%D9%86%D9%8A%E2%80%AD/data=!4m7!3m6!1s0x161ceb002860391d:0x6ea813856c78fd69!8m2!3d13.9728993!4d44.1672431!16s%2Fg%2F11ynvlqn07!19sChIJHTlgKADrHBYRaf14bIUTqG4?authuser=0&hl=en&g_ep=EgoyMDI2MDkzMC4wIJJjKgBIAVAD&rclk=1,0x161ceb002860391d:0x6ea813856c78fd69,جولة العدين,بقالات وسوبر ماركت,discovered,"['بقالات وسوبر ماركت في جولة العدين, إب, اليمن', 'بقالات وسوبر ماركت في وسط مدينة إب, إب, اليمن']"
,,,,,,,,,,https://www.google.com/maps/place/%D8%B3%D9%88%D8%A8%D8%B1+%D9%85%D8%A7%D8%B1%D9%83%D8%AA+%D8%A7%D9%84%D9%84%D9%88%D8%A7%D8%A1+%D8%A7%D9%84%D8%A3%D8%AE%D8%B6%D8%B1%E2%80%AD/data=!4m7!3m6!1s0x161ce976312b7a31:0xf3c34bb062d012a3!8m2!3d13.9754608!4d44.1844301!16s%2Fg%2F11c1szkhd5!19sChIJMXorMXbpHBYRoxLQYrBLw_M?authuser=0&hl=en&g_ep=EgoyMDI2MDkzMC4wIJJjKgBIAVAD&rclk=1,0x161ce976312b7a31:0xf3c34bb062d012a3,جولة العدين,بقالات وسوبر ماركت,discovered,"['بقالات وسوبر ماركت في العدين الاسفل, إب, اليمن', 'بقالات وسوبر ماركت في جولة العدين, إب, اليمن', 'بقالات وسوبر ماركت في وسط مدينة إب, إب, اليمن']"
,,,,,,,,,,https://www.google.com/maps/place/%D8%B3%D9%88%D8%A8%D8%B1+%D8%A7%D9%84%D9%85%D9%84%D9%83%E2%80%AD/data=!4m7!3m6!1s0x161cebfdefa30d9d:0xb7c7b73334fd44c8!8m2!3d13.9714373!4d44.1594716!16s%2Fg%2F11sxvxvxf5!19sChIJnQ2j7_3rHBYRyET9NDO3x7c?authuser=0&hl=en&g_ep=EgoyMDI2MDkzMC4wIJJjKgBIAVAD&rclk=1,0x161cebfdefa30d9d:0xb7c7b73334fd44c8,جولة العدين,بقالات وسوبر ماركت,discovered,"['بقالات وسوبر ماركت في جولة العدين, إب, اليمن', 'بقالات وسوبر ماركت في وسط مدينة إب, إب, اليمن']"
,,,,,,,,,,https://www.google.com/maps/place/%D8%B3%D9%88%D8%A8%D8%B1+%D9%85%D8%A7%D8%B1%D9%83%D8%AA+%D8%A7%D9%84%D9%84%D9%88%D8%A7%D8%A1+%D8%A7%D9%84%D8%A3%D8%AE%D8%B6%D8%B1%E2%80%AD/data=!4m7!3m6!1s0x161ceb0022187471:0x1f44e60a1671db55!8m2!3d13.9740738!4d44.1490604!16s%2Fg%2F11yg1fngc4!19sChIJcXQYIgDrHBYRVdtxFgrmRB8?authuser=0&hl=en&g_ep=EgoyMDI2MDkzMC4wIJJjKgBIAVAD&rclk=1,0x161ceb0022187471:0x1f44e60a1671db55,جولة العدين,بقالات وسوبر ماركت,discovered,"['بقالات وسوبر ماركت في جولة العدين, إب, اليمن', 'بقالات وسوبر ماركت في وسط مدينة إب, إب, اليمن']"
,,,,,,,,,,https://www.google.com/maps/place/%D8%B3%D9%88%D8%A8%D8%B1+%D9%85%D8%A7%D8%B1%D9%83%D8%AA+%D8%A7%D9%84%D8%B4%D8%AC%D8%A7%D8%B9%E2%80%AD/data=!4m7!3m6!1s0x161cebd0636756d9:0x1be1a1b326981988!8m2!3d13.9717581!4d44.1602878!16s%2Fg%2F11l2mkk1ws!19sChIJ2VZnY9DrHBYRiBmYJrOh4Rs?authuser=0&hl=en&g_ep=EgoyMDI2MDkzMC4wIJJjKgBIAVAD&rclk=1,0x161cebd0636756d9:0x1be1a1b326981988,جولة العدين,بقالات وسوبر ماركت,discovered,"['بقالات وسوبر ماركت في جولة العدين, إب, اليمن']"
,,,,,,,,,,https://www.google.com/maps/place/%D8%B3%D9%88%D9%82+%D8%A7%D9%84%D8%B6%D9%87%D8%A7%D8%B1+%D9%81%D9%88%D9%82+%D8%A7%D9%84%D9%86%D9%8A%D8%A7%D8%A8%D9%87+%D8%A7%D9%84%D8%B9%D8%A7%D9%85%D9%87%E2%80%AD/data=!4m7!3m6!1s0x161ceb001fa92dad:0x5fbf70ce9217f99!8m2!3d13.9720805!4d44.1625264!16s%2Fg%2F11w3wgjg64!19sChIJrS2pHwDrHBYRmX8h6Qz3-wU?authuser=0&hl=en&g_ep=EgoyMDI2MDkzMC4wIJJjKgBIAVAD&rclk=1,0x161ceb001fa92dad:0x5fbf70ce9217f99,جولة العدين,بقالات وسوبر ماركت,discovered,"['بقالات وسوبر ماركت في جولة العدين, إب, اليمن']"
,,,,,,,,,,https://www.google.com/maps/place/%D8%B9%D8%A7%D9%84%D9%85+%D8%A7%D9%84%D8%A8%D9%87%D8%A7%D8%B1%D8%A7%D8%AA+%D9%88%D8%A7%D9%84%D9%85%D9%88%D8%A7%D8%AF+%D8%A7%D9%84%D8%BA%D8%B0%D8%A7%D8%A6%D9%8A%D9%87%E2%80%AD/data=!4m7!3m6!1s0x161cebc5d6186b7d:0x6d2a959bfd3c3f7a!8m2!3d13.9712641!4d44.1578186!16s%2Fg%2F11gd1vn54w!19sChIJfWsY1sXrHBYRej88_ZuVKm0?authuser=0&hl=en&g_ep=EgoyMDI2MDkzMC4wIJJjKgBIAVAD&rclk=1,0x161cebc5d6186b7d:0x6d2a959bfd3c3f7a,جولة العدين,بقالات وسوبر ماركت,discovered,"['بقالات وسوبر ماركت في جولة العدين, إب, اليمن']"
,,,,,,,,,,https://www.google.com/maps/place/One+mole/data=!4m7!3m6!1s0x161ceb6407fe5a89:0x97f5555774f3a730!8m2!3d13.9720805!4d44.1625264!16s%2Fg%2F11l6x09dqk!19sChIJiVr-B2TrHBYRMKfzdFdV9Zc?authuser=0&hl=en&g_ep=EgoyMDI2MDkzMC4wIJJjKgBIAVAD&rclk=1,0x161ceb6407fe5a89:0x97f5555774f3a730,جولة العدين,بقالات وسوبر ماركت,discovered,"['بقالات وسوبر ماركت في جولة العدين, إب, اليمن']"
,,,,,,,,,,https://www.google.com/maps/place/%D8%A8%D9%82%D8%A7%D9%84%D8%A9+%D8%A7%D9%84%D8%B3%D9%85%D8%B9%D9%84%D9%8A%E2%80%AD/data=!4m7!3m6!1s0x161ceb00305e6577:0xbfebae03180523f8!8m2!3d13.9720805!4d44.1625264!16s%2Fg%2F11vxsnmd6s!19sChIJd2VeMADrHBYR-CMFGAOu678?authuser=0&hl=en&g_ep=EgoyMDI2MDkzMC4wIJJjKgBIAVAD&rclk=1,0x161ceb00305e6577:0xbfebae03180523f8,جولة العدين,بقالات وسوبر ماركت,discovered,"['بقالات وسوبر ماركت في جولة العدين, إب, اليمن']"
,,,,,,,,,,https://www.google.com/maps/place/%D8%AC%D9%85%D9%8A%D9%84+%D8%A5%D8%B3%D8%A8%D8%A7%D9%8A%D8%B3%E2%80%AD/data=!4m7!3m6!1s0x161ceb00701bfc3b:0xb85794415245a300!8m2!3d13.9720805!4d44.1625264!16s%2Fg%2F11vsvy1138!19sChIJO_wbcADrHBYRAKNFUkGUV7g?authuser=0&hl=en&g_ep=EgoyMDI2MDkzMC4wIJJjKgBIAVAD&rclk=1,0x161ceb00701bfc3b:0xb85794415245a300,جولة العدين,بقالات وسوبر ماركت,discovered,"['بقالات وسوبر ماركت في جولة العدين, إب, اليمن']"
,,,,,,,,,,https://www.google.com/maps/place/%D8%A8%D9%82%D8%A7%D9%84%D8%A9+%D9%87%D9%8A%D8%AB%D9%85+%D8%AD%D9%85%D9%88%D8%AF+%D8%A7%D9%84%D8%B4%D8%B9%D9%8A%D8%A8%D9%8A%E2%80%AD/data=!4m7!3m6!1s0x161ceb007fc569cb:0x43d58dbb4d4f92e9!8m2!3d13.9720805!4d44.1625264!16s%2Fg%2F11w7dddy3v!19sChIJy2nFfwDrHBYR6ZJPTbuN1UM?authuser=0&hl=en&g_ep=EgoyMDI2MDkzMC4wIJJjKgBIAVAD&rclk=1,0x161ceb007fc569cb:0x43d58dbb4d4f92e9,جولة العدين,بقالات وسوبر ماركت,discovered,"['بقالات وسوبر ماركت في جولة العدين, إب, اليمن']"
,,,,,,,,,,https://www.google.com/maps/place/%D8%A8%D9%82%D8%A7%D9%84%D9%87+%D9%88%D8%A7%D8%AF%D9%8A+%D8%B4%D8%A8%D8%A7%D9%86%E2%80%AD/data=!4m7!3m6!1s0x161ceb085c9b4f49:0xdec9db484a9a7aa0!8m2!3d13.9720805!4d44.1625264!16s%2Fg%2F11vjq03909!19sChIJSU-bXAjrHBYRoHqaSkjbyd4?authuser=0&hl=en&g_ep=EgoyMDI2MDkzMC4wIJJjKgBIAVAD&rclk=1,0x161ceb085c9b4f49:0xdec9db484a9a7aa0,جولة العدين,بقالات وسوبر ماركت,discovered,"['بقالات وسوبر ماركت في جولة العدين, إب, اليمن']"
,,,,,,,,,,https://www.google.com/maps/place/%D8%A8%D9%82%D8%A7%D9%84%D8%A9+%D8%B9%D9%85%D8%A7%D8%B1+%D8%AE%D8%A7%D9%84%D8%AF+%D8%B9%D9%81%D9%8A%D9%81%E2%80%AD/data=!4m7!3m6!1s0x161ceb0078b049d7:0x6a80191d577a30ff!8m2!3d13.9720805!4d44.1625264!16s%2Fg%2F11vr969v_m!19sChIJ10mweADrHBYR_zB6Vx0ZgGo?authuser=0&hl=en&g_ep=EgoyMDI2MDkzMC4wIJJjKgBIAVAD&rclk=1,0x161ceb0078b049d7:0x6a80191d577a30ff,جولة العدين,بقالات وسوبر ماركت,discovered,"['بقالات وسوبر ماركت في جولة العدين, إب, اليمن']"
,,,,,,,,,,https://www.google.com/maps/place/%D8%B3%D9%88%D8%A8%D8%B1+%D9%85%D8%A7%D8%B1%D9%83%D8%AA+%D9%87%D8%A7%D9%8A+%D9%83%D9%84%D8%A7%D8%B3+%28%D8%A7%D9%84%D8%B9%D9%85%D8%A7%D8%B1%D9%8A%29%E2%80%AD/data=!4m7!3m6!1s0x161cdfe2a52a2243:0x4d4db583cdbebaa9!8m2!3d13.9893429!4d44.3579431!16s%2Fg%2F11sgj4sybw!19sChIJQyIqpeLfHBYRqbq-zYO1TU0?authuser=0&hl=en&g_ep=EgoyMDI2MDkzMC4wIJJjKgBIAVAD&rclk=1,0x161cdfe2a52a2243:0x4d4db583cdbebaa9,جولة العدين,بقالات وسوبر ماركت,discovered,"['بقالات وسوبر ماركت في جولة العدين, إب, اليمن']"
,,,,,,,,,,https://www.google.com/maps/place/%D8%A8%D9%82%D8%A7%D9%84%D8%A9+%D8%A7%D9%84%D8%B9%D9%82%D8%A7%D8%A8%E2%80%AD/data=!4m7!3m6!1s0x161ceb0002838695:0x9e1534dbba6be38a!8m2!3d13.9720805!4d44.1625264!16s%2Fg%2F11vs04622v!19sChIJlYaDAgDrHBYRiuNruts0FZ4?authuser=0&hl=en&g_ep=EgoyMDI2MDkzMC4wIJJjKgBIAVAD&rclk=1,0x161ceb0002838695:0x9e1534dbba6be38a,جولة العدين,بقالات وسوبر ماركت,discovered,"['بقالات وسوبر ماركت في جولة العدين, إب, اليمن']"
,,,,,,,,,,https://www.google.com/maps/place/%D9%85%D8%AD%D9%84%D8%A7%D8%AA+%D8%B4%D9%87%D8%AF%D8%A7%D8%A1+%D8%A7%D9%84%D9%88%D8%B7%D9%86+%D9%84%D9%82%D8%B7%D8%B9+%D8%BA%D9%8A%D8%A7%D8%B1+%D8%A7%D9%84%D8%B3%D9%8A%D8%A7%D8%B1%D8%A7%D8%AA+%D8%A7%D9%84%D8%A7%D8%B5%D9%84%D9%8A%D9%87%E2%80%AD/data=!4m7!3m6!1s0x161ceb98f256d42f:0x49be937dad92ac2c!8m2!3d13.9717142!4d44.1610633!16s%2Fg%2F11hwcr9g_0!19sChIJL9RW8pjrHBYRLKySrX2Tvkk?authuser=0&hl=en&g_ep=EgoyMDI2MDkzMC4wIJJjKgBIAVAD&rclk=1,0x161ceb98f256d42f:0x49be937dad92ac2c,جولة العدين,قطع غيار سيارات,discovered,"['قطع غيار سيارات في جولة العدين, إب, اليمن']"
,,,,,,,,,,https://www.google.com/maps/place/%D9%85%D8%AD%D9%84%D8%A7%D8%AA+%D8%A7%D8%A8%D9%88+%D8%A7%D9%86%D9%88%D8%B1+%D8%A7%D9%84%D8%A8%D8%B9%D8%AF%D8%A7%D9%86%D9%8A+%D9%84%D9%82%D8%B7%D8%B9+%D8%A7%D9%84%D8%BA%D9%8A%D8%A7%D8%B1+%D8%A7%D9%84%D8%B3%D9%8A%D8%A7%D8%B1%D8%A7%D8%AA+%D8%A7%D9%84%D8%A7%D8%B5%D9%84%D9%8A%D8%A9%E2%80%AD/data=!4m7!3m6!1s0x161ceb0046e2ff61:0x49e5834a0394225b!8m2!3d13.9717232!4d44.1615301!16s%2Fg%2F11zdrtrpmq!19sChIJYf_iRgDrHBYRWyKUA0qD5Uk?authuser=0&hl=en&g_ep=EgoyMDI2MDkzMC4wIJJjKgBIAVAD&rclk=1,0x161ceb0046e2ff61:0x49e5834a0394225b,جولة العدين,قطع غيار سيارات,discovered,"['قطع غيار سيارات في جولة العدين, إب, اليمن']"
,,,,,,,,,,https://www.google.com/maps/place/%D8%B9%D8%A7%D9%84%D9%85+%D8%A7%D9%84%D8%AA%D8%B4%D9%84%D9%8A%D8%AD+%D9%84%D9%82%D8%B7%D8%B9+%D8%BA%D9%8A%D8%A7%D8%B1+%D8%A7%D9%84%D8%B3%D9%8A%D8%A7%D8%B1%D8%A7%D8%AA%E2%80%AD/data=!4m7!3m6!1s0x161ce99be412a95d:0x50d7186e0a051ea6!8m2!3d13.9615023!4d44.1775298!16s%2Fg%2F11jtywn_ty!19sChIJXakS5JvpHBYRph4FCm4Y11A?authuser=0&hl=en&g_ep=EgoyMDI2MDkzMC4wIJJjKgBIAVAD&rclk=1,0x161ce99be412a95d:0x50d7186e0a051ea6,جولة العدين,قطع غيار سيارات,discovered,"['قطع غيار سيارات في العدين الاسفل, إب, اليمن', 'قطع غيار سيارات في جولة العدين, إب, اليمن', 'قطع غيار سيارات في وسط مدينة إب, إب, اليمن']"
,,,,,,,,,,https://www.google.com/maps/place/%D8%A7%D9%84%D9%88%D9%83%D8%A7%D9%84%D9%87+%D9%82%D8%B7%D8%B9+%D8%BA%D9%8A%D8%A7%D8%B1+%D8%A7%D9%84%D8%AF%D8%B1%D8%A7%D8%AC%D8%A7%D8%AA+%D8%A7%D9%84%D9%86%D8%A7%D8%B1%D9%8A%D9%87+_+%D8%B9%D9%84%D9%8A+%D8%A7%D9%84%D8%B5%D8%B1%D8%A7%D8%B1%D9%8A%E2%80%AD/data=!4m7!3m6!1s0x161ceb002d5a7123:0xfd7af2b51e832c48!8m2!3d13.9707602!4d44.1596429!16s%2Fg%2F11w3l250sp!19sChIJI3FaLQDrHBYRSCyDHrXyev0?authuser=0&hl=en&g_ep=EgoyMDI2MDkzMC4wIJJjKgBIAVAD&rclk=1,0x161ceb002d5a7123:0xfd7af2b51e832c48,جولة العدين,قطع غيار سيارات,discovered,"['دراجات وقطع غيار في جولة العدين, إب, اليمن', 'قطع غيار سيارات في جولة العدين, إب, اليمن']"
,,,,,,,,,,https://www.google.com/maps/place/%D8%A7%D9%84%D8%B9%D8%B3%D9%85%D9%84%D9%8A+%D9%84%D9%84%D8%A7%D8%B7%D8%A7%D8%B1%D8%A7%D8%AA+%D9%88%D8%A7%D9%84%D8%A8%D8%B7%D8%A7%D8%B1%D9%8A%D8%A7%D8%AA+%D9%88%D8%A7%D9%84%D8%B2%D9%8A%D9%88%D8%AA%E2%80%AD/data=!4m7!3m6!1s0x161ceba3374b452b:0x5dbb1f772800a29!8m2!3d13.9717164!4d44.1608447!16s%2Fg%2F11hf2bn0b7!19sChIJK0VLN6PrHBYRKQqAcvex2wU?authuser=0&hl=en&g_ep=EgoyMDI2MDkzMC4wIJJjKgBIAVAD&rclk=1,0x161ceba3374b452b:0x5dbb1f772800a29,جولة العدين,قطع غيار سيارات,discovered,"['قطع غيار سيارات في جولة العدين, إب, اليمن']"
,,,,,,,,,,https://www.google.com/maps/place/%D9%81%D8%B1%D8%B9+%D9%85%D8%B3%D8%AA%D9%88%D8%AF%D8%B9%D8%A7%D8%AA+%D8%A7%D9%84%D8%AD%D9%86%D8%B6%D9%8A+%D9%84%D9%82%D8%B7%D8%B9+%D8%BA%D9%8A%D8%A7%D8%B1+%D8%A7%D9%84%D8%B3%D9%8A%D8%A7%D8%B1%D8%A7%D8%AA+%D8%A7%D9%84%D8%A7%D8%B5%D9%84%D9%8A%D8%A9%E2%80%AD/data=!4m7!3m6!1s0x16031f404a6759f5:0x38c885ae25e401a6!8m2!3d14.5466744!4d44.3896157!16s%2Fg%2F11fjz_th3q!19sChIJ9VlnSkAfAxYRpgHkJa6FyDg?authuser=0&hl=en&g_ep=EgoyMDI2MDkzMC4wIJJjKgBIAVAD&rclk=1,0x16031f404a6759f5:0x38c885ae25e401a6,جولة العدين,قطع غيار سيارات,discovered,"['قطع غيار سيارات في جولة العدين, إب, اليمن']"
,,,,,,,,,,https://www.google.com/maps/place/%D9%85%D9%84%D9%83+%D8%A7%D9%84%D8%A7%D8%B7%D8%A7%D8%B1%D8%A7%D8%AA+%D9%88%D8%A7%D9%84%D8%A8%D8%B7%D8%A7%D8%B1%D9%8A%D8%A7%D8%AA+%D9%88%D8%A7%D9%84%D8%B2%D9%8A%D9%88%D8%AA%E2%80%AD/data=!4m7!3m6!1s0x161ceb006dcde97d:0x6ae8159803ba5371!8m2!3d13.971477!4d44.161027!16s%2Fg%2F11lngchlnx!19sChIJfenNbQDrHBYRcVO6A5gV6Go?authuser=0&hl=en&g_ep=EgoyMDI2MDkzMC4wIJJjKgBIAVAD&rclk=1,0x161ceb006dcde97d:0x6ae8159803ba5371,جولة العدين,قطع غيار سيارات,discovered,"['قطع غيار سيارات في جولة العدين, إب, اليمن']"
,,,,,,,,,,https://www.google.com/maps/place/%D8%B2%D9%83%D8%B1%D9%8A%D8%A7+%D8%A7%D9%84%D9%82%D8%A7%D8%B3%D9%85%D9%8A+%D9%84%D9%82%D8%B7%D8%B9+%D8%BA%D9%8A%D8%A7%D8%B1+%D8%A7%D9%84%D8%B3%D9%8A%D8%A7%D8%B1%D8%A7%D8%AA+%D8%A8%D8%AC%D9%85%D9%8A%D8%B9+%D8%A7%D9%86%D9%88%D8%A7%D8%B9%D9%87%D8%A7%E2%80%AD/data=!4m7!3m6!1s0x16031ff09df00a1d:0xcb9ddf95860ef6ff!8m2!3d14.5470076!4d44.3898347!16s%2Fg%2F11gbxcx_m1!19sChIJHQrwnfAfAxYR__YOhpXfncs?authuser=0&hl=en&g_ep=EgoyMDI2MDkzMC4wIJJjKgBIAVAD&rclk=1,0x16031ff09df00a1d:0xcb9ddf95860ef6ff,جولة العدين,قطع غيار سيارات,discovered,"['قطع غيار سيارات في جولة العدين, إب, اليمن']"
,,,,,,,,,,https://www.google.com/maps/place/%D8%B3%D9%85%D9%8A%D8%B1+%D9%82%D8%AD%D8%B7%D8%A7%D9%86+%D8%A7%D9%84%D9%85%D8%AD%D9%8A%D8%A7%D8%A1%E2%80%AD/data=!4m7!3m6!1s0x161ceb7105f5c36d:0xc4dbeae4ea35a2e9!8m2!3d13.9714785!4d44.1615016!16s%2Fg%2F11qn0dx25j!19sChIJbcP1BXHrHBYR6aI16uTq28Q?authuser=0&hl=en&g_ep=EgoyMDI2MDkzMC4wIJJjKgBIAVAD&rclk=1,0x161ceb7105f5c36d:0xc4dbeae4ea35a2e9,جولة العدين,قطع غيار سيارات,discovered,"['دراجات وقطع غيار في جولة العدين, إب, اليمن', 'قطع غيار سيارات في جولة العدين, إب, اليمن']"
,,,,,,,,,,https://www.google.com/maps/place/%D9%85%D8%AC%D9%88%D9%87%D8%B1%D8%A7%D8%AA+%D8%A7%D9%84%D8%B9%D9%88%D8%A7%D8%B6%D9%8A%E2%80%AD/data=!4m7!3m6!1s0x161ce979300bffff:0x99e19ee7062cdb92!8m2!3d13.9748394!4d44.1774027!16s%2Fg%2F11g9jdvvkw!19sChIJ__8LMHnpHBYRktssBuee4Zk?authuser=0&hl=en&g_ep=EgoyMDI2MDkzMC4wIJJjKgBIAVAD&rclk=1,0x161ce979300bffff:0x99e19ee7062cdb92,العدين الاسفل,مجوهرات وذهب,discovered,"['مجوهرات وذهب في العدين الاسفل, إب, اليمن']"
,,,,,,,,,,https://www.google.com/maps/place/%D9%85%D8%AC%D9%88%D9%87%D8%B1%D8%A7%D8%AA+%D8%A7%D9%84%D8%B9%D8%A8%D8%A7%D8%B3%D9%8A%E2%80%AD/data=!4m7!3m6!1s0x161ce921ebb76c25:0x7c7ad5d4853d725e!8m2!3d13.9738454!4d44.1839477!16s%2Fg%2F11fct34m87!19sChIJJWy36yHpHBYRXnI9hdTVenw?authuser=0&hl=en&g_ep=EgoyMDI2MDkzMC4wIJJjKgBIAVAD&rclk=1,0x161ce921ebb76c25:0x7c7ad5d4853d725e,العدين الاسفل,مجوهرات وذهب,discovered,"['مجوهرات وذهب في العدين الاسفل, إب, اليمن']"
,,,,,,,,,,https://www.google.com/maps/place/%D9%85%D8%AC%D9%88%D9%87%D8%B1%D8%A7%D8%AA+%D8%A7%D9%84%D8%AD%D8%A8%D9%8A%D8%B4%D9%8A%E2%80%AD/data=!4m7!3m6!1s0x161ce96f81f5c4cb:0xfe126c7a785a5939!8m2!3d13.965512!4d44.181808!16s%2Fg%2F1w42hpkn!19sChIJy8T1gW_pHBYROVlaeHpsEv4?authuser=0&hl=en&g_ep=EgoyMDI2MDkzMC4wIJJjKgBIAVAD&rclk=1,0x161ce96f81f5c4cb:0xfe126c7a785a5939,العدين الاسفل,مجوهرات وذهب,discovered,"['مجوهرات وذهب في العدين الاسفل, إب, اليمن']"
,,,,,,,,,,https://www.google.com/maps/place/%D9%85%D8%AC%D9%88%D9%87%D8%B1%D8%A7%D8%AA+%D8%A7%D9%84%D8%B2%D9%8A%D9%86%E2%80%AD/data=!4m7!3m6!1s0x161ce96f7e544489:0xfbe4c1d8ac15eb76!8m2!3d13.9653293!4d44.1816436!16s%2Fg%2F11f01hjsrv!19sChIJiURUfm_pHBYRdusVrNjB5Ps?authuser=0&hl=en&g_ep=EgoyMDI2MDkzMC4wIJJjKgBIAVAD&rclk=1,0x161ce96f7e544489:0xfbe4c1d8ac15eb76,العدين الاسفل,مجوهرات وذهب,discovered,"['مجوهرات وذهب في العدين الاسفل, إب, اليمن']"
,,,,,,,,,,https://www.google.com/maps/place/%D8%B2%D9%8A%D9%86%D9%88%D9%86+%D9%84%D8%AE%D8%AF%D9%85%D8%A7%D8%AA+%D8%A7%D9%84%D9%83%D9%85%D8%A8%D9%8A%D9%88%D8%AA%D8%B1%E2%80%AD/data=!4m7!3m6!1s0x161ce97e02b33b21:0x47bc4deb46bf942c!8m2!3d13.9746048!4d44.1719548!16s%2Fg%2F11fxwt12gk!19sChIJITuzAn7pHBYRLJS_RutNvEc?authuser=0&hl=en&g_ep=EgoyMDI2MDkzMC4wIJJjKgBIAVAD&rclk=1,0x161ce97e02b33b21:0x47bc4deb46bf942c,وسط مدينة إب,إلكترونيات وكمبيوتر,discovered,"['إلكترونيات وكمبيوتر في وسط مدينة إب, إب, اليمن']"
,,,,,,,,,,https://www.google.com/maps/place/%D8%A7%D9%84%D9%86%D8%A7%D8%B0%D8%B1+%D9%83%D9%85%D8%A8%D9%8A%D9%88%D8%AA%D8%B1%E2%80%AD/data=!4m7!3m6!1s0x161cebd6896444f5:0x6f394511b2cf671f!8m2!3d13.9742629!4d44.1694397!16s%2Fg%2F11d_tk5zby!19sChIJ9URkidbrHBYRH2fPshFFOW8?authuser=0&hl=en&g_ep=EgoyMDI2MDkzMC4wIJJjKgBIAVAD&rclk=1,0x161cebd6896444f5:0x6f394511b2cf671f,وسط مدينة إب,إلكترونيات وكمبيوتر,discovered,"['إلكترونيات وكمبيوتر في العدين الاسفل, إب, اليمن', 'إلكترونيات وكمبيوتر في وسط مدينة إب, إب, اليمن']"
,,,,,,,,,,https://www.google.com/maps/place/%D8%AC%D9%88%D8%AC%D9%84+%D9%84%D9%84%D8%AA%D9%82%D9%86%D9%8A%D8%A9+%D9%88%D8%A7%D9%84%D9%83%D9%85%D9%8A%D8%A8%D9%88%D8%AA%D8%B1%E2%80%AD/data=!4m7!3m6!1s0x161ce9406f292ad3:0x1486e37d5746719e!8m2!3d13.9650031!4d44.1804054!16s%2Fg%2F11j0q4xd_t!19sChIJ0yopb0DpHBYRnnFGV33jhhQ?authuser=0&hl=en&g_ep=EgoyMDI2MDkzMC4wIJJjKgBIAVAD&rclk=1,0x161ce9406f292ad3:0x1486e37d5746719e,وسط مدينة إب,إلكترونيات وكمبيوتر,discovered,"['إلكترونيات وكمبيوتر في وسط مدينة إب, إب, اليمن']"
,,,,,,,,,,https://www.google.com/maps/place/Ben+Usher+Goods+Trading/data=!4m7!3m6!1s0x161cebd0edc6cbb1:0xf8a29eeaed57e916!8m2!3d13.9739079!4d44.1690644!16s%2Fg%2F11c20b773p!19sChIJscvG7dDrHBYRFulX7eqeovg?authuser=0&hl=en&g_ep=EgoyMDI2MDkzMC4wIJJjKgBIAVAD&rclk=1,0x161cebd0edc6cbb1:0xf8a29eeaed57e916,وسط مدينة إب,إلكترونيات وكمبيوتر,discovered,"['أجهزة كهربائية وطاقة شمسية في وسط مدينة إب, إب, اليمن', 'إلكترونيات وكمبيوتر في العدين الاسفل, إب, اليمن', 'إلكترونيات وكمبيوتر في وسط مدينة إب, إب, اليمن']"
,,,,,,,,,,https://www.google.com/maps/place/%D8%AA%D9%88%D9%84%D9%8A%D8%A8+%D9%84%D9%84%D9%87%D8%AF%D8%A7%D9%8A%D8%A7%E2%80%AD/data=!4m7!3m6!1s0x161ce9746d6d57b5:0x3ff58bef108bca7f!8m2!3d13.9737466!4d44.1754507!16s%2Fg%2F11rk0bqzmw!19sChIJtVdtbXTpHBYRf8qLEO-L9T8?authuser=0&hl=en&g_ep=EgoyMDI2MDkzMC4wIJJjKgBIAVAD&rclk=1,0x161ce9746d6d57b5:0x3ff58bef108bca7f,وسط مدينة إب,هدايا وورد,discovered,"['هدايا وورد في وسط مدينة إب, إب, اليمن']"
,,,,,,,,,,https://www.google.com/maps/place/%D8%A7%D9%84%D9%88%D8%B1%D8%AF%D9%87+%D8%A7%D9%84%D8%AD%D9%85%D8%B1%D8%A7%D8%A1+%D9%87%D8%AF%D8%A7%D9%8A%D8%A7+%D9%88%D8%B1%D9%88%D8%AF+%D8%B7%D8%A8%D9%8A%D8%B9%D9%8A%D9%87+%D8%B9%D8%B7%D9%88%D8%B1+%D8%B3%D8%A7%D8%B9%D8%A7%D8%AA+%D9%88%D8%AA%D8%B3%D8%AC%D9%8A%D9%84+%D8%A7%D9%84%D8%B2%D9%81%D8%A7%D8%AA+%D8%A8%D8%A7%D9%84%D8%A7%D8%B3%D9%85+%D9%85%D8%AA%D8%B9%D9%87%D8%AF+%D8%AD%D9%81%D9%84%D8%A7%D8%AA+%D8%B7%D8%A8%D8%A7%D8%B9%D9%87+%D9%88%D9%86%D8%AD%D8%AA+%D8%A7%D9%84%D8%A7%D8%B3%D9%85%D8%A7+%D8%A8%D8%AC%D9%85%D9%8A%D8%B9+%D8%A7%D8%A8+%D9%85%D8%B1%D9%83%D8%B2+%D9%88%D9%86+%D9%85%D9%88%D9%84%E2%80%AD/data=!4m7!3m6!1s0x161cebfe1de3fb35:0x862637aad5405a3c!8m2!3d13.9711196!4d44.1449771!16s%2Fg%2F11qr9_jtrn!19sChIJNfvjHf7rHBYRPFpA1ao3JoY?authuser=0&hl=en&g_ep=EgoyMDI2MDkzMC4wIJJjKgBIAVAD&rclk=1,0x161cebfe1de3fb35:0x862637aad5405a3c,وسط مدينة إب,هدايا وورد,discovered,"['هدايا وورد في وسط مدينة إب, إب, اليمن']"
,,,,,,,,,,https://www.google.com/maps/place/%D9%84%D9%8A%D9%81%D8%A7%D9%86%D8%AA%D9%8A+%D9%84%D9%84%D9%87%D8%AF%D8%A7%D9%8A%D8%A7%E2%80%AD/data=!4m7!3m6!1s0x161ce9d04a84e31f:0x4decbeb2d2a8261f!8m2!3d13.9752286!4d44.1738811!16s%2Fg%2F11hfvpsqm3!19sChIJH-OEStDpHBYRHyao0rK-7E0?authuser=0&hl=en&g_ep=EgoyMDI2MDkzMC4wIJJjKgBIAVAD&rclk=1,0x161ce9d04a84e31f:0x4decbeb2d2a8261f,وسط مدينة إب,هدايا وورد,discovered,"['أسواق ومحلات متنوعة في وسط مدينة إب, إب, اليمن', 'هدايا وورد في وسط مدينة إب, إب, اليمن']"
,,,,,,,,,,https://www.google.com/maps/place/%D8%A7%D9%84%D8%AC%D9%88%D8%B1%D9%8A_%D9%84%D9%84%D9%87%D8%AF%D8%A7%D9%8A%D8%A7_%D9%88%D8%A7%D9%84%D9%88%D8%B1%D8%AF+%D8%A7%D9%84%D8%B7%D8%A8%D9%8A%D8%B9%D9%8A%E2%80%AD/data=!4m7!3m6!1s0x161ce922e744cc9f:0x50858e90c0d3566e!8m2!3d13.9684091!4d44.1821495!16s%2Fg%2F11tx68yqhl!19sChIJn8xE5yLpHBYRblbTwJCOhVA?authuser=0&hl=en&g_ep=EgoyMDI2MDkzMC4wIJJjKgBIAVAD&rclk=1,0x161ce922e744cc9f:0x50858e90c0d3566e,وسط مدينة إب,هدايا وورد,discovered,"['هدايا وورد في وسط مدينة إب, إب, اليمن']"
,,,,,,,,,,https://www.google.com/maps/place/%D8%B3%D9%8A%D8%AA%D9%8A+%D8%B1%D9%88%D8%B2+%D9%84%D9%84%D9%86%D8%AD%D8%AA+%D9%88%D8%A7%D9%84%D9%87%D8%AF%D8%A7%D9%8A%D8%A7%E2%80%AD/data=!4m7!3m6!1s0x161ce96aeaddae97:0x634df83e1637c3c4!8m2!3d13.9715784!4d44.1768508!16s%2Fg%2F11sjgbkxbw!19sChIJl67d6mrpHBYRxMM3Fj74TWM?authuser=0&hl=en&g_ep=EgoyMDI2MDkzMC4wIJJjKgBIAVAD&rclk=1,0x161ce96aeaddae97:0x634df83e1637c3c4,وسط مدينة إب,هدايا وورد,discovered,"['هدايا وورد في وسط مدينة إب, إب, اليمن']"
,,,,,,,,,,https://www.google.com/maps/place/%D9%85%D8%AD%D9%84+%D8%AC%D9%86%D8%A7%D8%AA+%D8%A7%D9%84%D9%81%D9%84+%D9%88%D8%A7%D9%84%D9%88%D8%B1%D8%AF+%D8%A7%D9%84%D8%B7%D8%A8%D9%8A%D8%B9%D9%8A%E2%80%AD/data=!4m7!3m6!1s0x161ceb0066b1766d:0xd9cacd82f8f8802!8m2!3d13.9726329!4d44.1670594!16s%2Fg%2F11y41ny9wg!19sChIJbXaxZgDrHBYRAoiPL9isnA0?authuser=0&hl=en&g_ep=EgoyMDI2MDkzMC4wIJJjKgBIAVAD&rclk=1,0x161ceb0066b1766d:0xd9cacd82f8f8802,وسط مدينة إب,هدايا وورد,discovered,"['هدايا وورد في وسط مدينة إب, إب, اليمن']"
,,,,,,,,,,https://www.google.com/maps/place/%D8%B9%D8%A8%D8%AF%D8%A7%D9%84%D9%84%D9%87+%D8%AD%D8%B3%D9%86+%D8%A7%D9%84%D8%A8%D8%B9%D8%AF%D8%A7%D9%86%D9%8A+%D9%84%D9%85%D9%88%D8%A7%D8%AF+%D8%A7%D9%84%D8%A8%D9%86%D8%A7%D8%A1%E2%80%AD/data=!4m7!3m6!1s0x161ce95a92046b53:0xc4064a7de5ea3d62!8m2!3d13.9510445!4d44.1797614!16s%2Fg%2F11c5869vx6!19sChIJU2sEklrpHBYRYj3q5X1KBsQ?authuser=0&hl=en&g_ep=EgoyMDI2MDkzMC4wIJJjKgBIAVAD&rclk=1,0x161ce95a92046b53:0xc4064a7de5ea3d62,وسط مدينة إب,مواد بناء وخردوات,discovered,"['مواد بناء وخردوات في وسط مدينة إب, إب, اليمن']"
,,,,,,,,,,https://www.google.com/maps/place/%D9%85%D8%AD%D9%84%D8%A7%D8%AA+%D8%A8%D9%86+%D8%B9%D8%A8%D9%8A%D8%AF+%D8%A7%D9%84%D8%AA%D8%AC%D8%A7%D8%B1%D9%8A%D9%87+%D9%88%D9%83%D9%84%D8%A7%D8%A1+%D9%88%D9%85%D9%88%D8%B2%D8%B9%D9%88+%D8%AC%D9%85%D9%8A%D8%B9+%D9%85%D9%88%D8%A7%D8%AF+%D8%A7%D9%84%D8%A8%D9%86%D8%A7%D8%A1+%D9%88%D8%A7%D9%84%D9%83%D9%87%D8%B1%D8%A8%D8%A7%D8%A1%E2%80%AD/data=!4m7!3m6!1s0x161ce97c44adad07:0x925d1769a3ef8ec6!8m2!3d13.9716441!4d44.1755037!16s%2Fg%2F11c6ls_6px!19sChIJB62tRHzpHBYRxo7vo2kXXZI?authuser=0&hl=en&g_ep=EgoyMDI2MDkzMC4wIJJjKgBIAVAD&rclk=1,0x161ce97c44adad07:0x925d1769a3ef8ec6,وسط مدينة إب,مواد بناء وخردوات,discovered,"['مواد بناء وخردوات في وسط مدينة إب, إب, اليمن']"
,,,,,,,,,,https://www.google.com/maps/place/%D9%85%D8%AD%D9%84%D8%A7%D8%AA+%D8%A7%D9%84%D8%A8%D8%B1%D9%83%D8%A9+%D9%84%D9%85%D9%88%D8%A7%D8%AF+%D8%A7%D9%84%D8%A8%D9%86%D8%A7%D8%A1+%D9%88%D8%A7%D9%84%D8%AD%D8%AF%D9%8A%D8%AF%E2%80%AD/data=!4m7!3m6!1s0x161ce93a16940533:0xa10b3a723e998728!8m2!3d13.9494545!4d44.1764064!16s%2Fg%2F11qn6nx84r!19sChIJMwWUFjrpHBYRKIeZPnI6C6E?authuser=0&hl=en&g_ep=EgoyMDI2MDkzMC4wIJJjKgBIAVAD&rclk=1,0x161ce93a16940533:0xa10b3a723e998728,وسط مدينة إب,مواد بناء وخردوات,discovered,"['مواد بناء وخردوات في وسط مدينة إب, إب, اليمن']"
,,,,,,,,,,https://www.google.com/maps/place/%D9%85%D8%AD%D9%84%D8%A7%D8%AA+%D8%A7%D9%84%D8%B1%D8%BA%D8%AF+%D9%84%D9%85%D9%88%D8%A7%D8%AF+%D8%A7%D9%84%D8%A8%D9%86%D8%A7%D8%A1%E2%80%AD/data=!4m7!3m6!1s0x161ce946166c0399:0x8603a8eb61b8bf73!8m2!3d13.9606629!4d44.1803353!16s%2Fg%2F11mb5kccbc!19sChIJmQNsFkbpHBYRc7-4YeuoA4Y?authuser=0&hl=en&g_ep=EgoyMDI2MDkzMC4wIJJjKgBIAVAD&rclk=1,0x161ce946166c0399:0x8603a8eb61b8bf73,وسط مدينة إب,مواد بناء وخردوات,discovered,"['مواد بناء وخردوات في العدين الاسفل, إب, اليمن', 'مواد بناء وخردوات في وسط مدينة إب, إب, اليمن']"
,,,,,,,,,,https://www.google.com/maps/place/%D9%85%D8%AD%D9%84%D8%A7%D8%AA+%D8%B9%D9%84%D9%8A+%D8%A7%D8%AD%D9%85%D8%AF+%D8%A7%D9%84%D8%AD%D8%A7%D8%AC+%D9%88%D8%A7%D9%88%D9%84%D8%A7%D8%AF%D9%87+%D9%84%D9%84%D8%A7%D8%AE%D8%B4%D8%A7%D8%A8+%D9%88%D9%84%D8%A7%D8%B3%D9%85%D9%86%D8%AA+%D9%88%D9%85%D9%88%D8%A7%D8%AF+%D8%A7%D9%84%D8%A8%D9%86%D8%A7%D8%A1%E2%80%AD/data=!4m7!3m6!1s0x161ce9cbe3441dc5:0x781bc6843d9a3cef!8m2!3d13.9524889!4d44.1760694!16s%2Fg%2F11h0vwqkgn!19sChIJxR1E48vpHBYR7zyaPYTGG3g?authuser=0&hl=en&g_ep=EgoyMDI2MDkzMC4wIJJjKgBIAVAD&rclk=1,0x161ce9cbe3441dc5:0x781bc6843d9a3cef,وسط مدينة إب,مواد بناء وخردوات,discovered,"['مواد بناء وخردوات في وسط مدينة إب, إب, اليمن']"
,,,,,,,,,,https://www.google.com/maps/place/%D9%85%D8%AD%D9%84%D8%A7%D8%AA+%D8%A7%D9%84%D8%B9%D9%88%D8%A7%D8%B6%D9%8A+%D9%84%D9%84%D8%A3%D8%AE%D8%B4%D8%A7%D8%A8%E2%80%AD/data=!4m7!3m6!1s0x161cebb92f443d5d:0x89e09bbe96b53654!8m2!3d13.9708673!4d44.1502663!16s%2Fg%2F11gbwl3wdv!19sChIJXT1EL7nrHBYRVDa1lr6b4Ik?authuser=0&hl=en&g_ep=EgoyMDI2MDkzMC4wIJJjKgBIAVAD&rclk=1,0x161cebb92f443d5d:0x89e09bbe96b53654,وسط مدينة إب,مواد بناء وخردوات,discovered,"['مواد بناء وخردوات في وسط مدينة إب, إب, اليمن']"
,,,,,,,,,,https://www.google.com/maps/place/%D9%85%D8%B3%D8%AA%D9%88%D8%AF%D8%B9+%D8%B9%D9%8A%D8%B3%D9%89+%D8%A7%D9%84%D9%85%D9%86%D9%8A%D9%81%D9%8A+%D9%84%D9%84%D9%85%D9%88%D8%A7%D8%AF+%D8%A7%D9%84%D8%A8%D9%86%D8%A7%D8%A1+%D9%88%D8%A7%D9%84%D8%A5%D8%B3%D9%85%D9%86%D8%AA+%D9%81%D8%B1%D8%B9+%D8%B9%D9%85%D8%B1+%D8%A7%D9%84%D9%85%D9%86%D9%8A%D9%81%D9%8A%E2%80%AD/data=!4m7!3m6!1s0x161d1f004effb71f:0xbefe0806502f60b3!8m2!3d13.8965828!4d44.4335546!16s%2Fg%2F11wh5mn3tf!19sChIJH7f_TgAfHRYRs2AvUAYI_r4?authuser=0&hl=en&g_ep=EgoyMDI2MDkzMC4wIJJjKgBIAVAD&rclk=1,0x161d1f004effb71f:0xbefe0806502f60b3,وسط مدينة إب,مواد بناء وخردوات,discovered,"['مواد بناء وخردوات في وسط مدينة إب, إب, اليمن']"
,,,,,,,,,,https://www.google.com/maps/place/%D8%B9%D8%A7%D8%AF%D9%84.%D8%A7%D9%84%D8%AD%D9%85%D9%8A%D8%AF%D9%8A%E2%80%AD/data=!4m7!3m6!1s0x161ced00244949d3:0x97ee447d0ebf15bb!8m2!3d13.9439409!4d44.1620058!16s%2Fg%2F11zyyxz429!19sChIJ00lJJADtHBYRuxW_Dn1E7pc?authuser=0&hl=en&g_ep=EgoyMDI2MDkzMC4wIJJjKgBIAVAD&rclk=1,0x161ced00244949d3:0x97ee447d0ebf15bb,وسط مدينة إب,مواد بناء وخردوات,discovered,"['مواد بناء وخردوات في وسط مدينة إب, إب, اليمن']"
,,,,,,,,,,https://www.google.com/maps/place/%D9%85%D9%83%D8%AA%D8%A8+%D8%A7%D9%84%D8%B2%D8%B1%D8%A7%D8%B9%D8%A9+%D9%88%D8%A7%D9%84%D8%B1%D9%8A+%D8%A5%D8%A8%E2%80%AD/data=!4m7!3m6!1s0x161ceb97c59a42ad:0x9b29e7c426322e09!8m2!3d13.9642197!4d44.1713416!16s%2Fg%2F11v675q733!19sChIJrUKaxZfrHBYRCS4yJsTnKZs?authuser=0&hl=en&g_ep=EgoyMDI2MDkzMC4wIJJjKgBIAVAD&rclk=1,0x161ceb97c59a42ad:0x9b29e7c426322e09,وسط مدينة إب,مستلزمات زراعية,discovered,"['مستلزمات زراعية في وسط مدينة إب, إب, اليمن']"
,,,,,,,,,,https://www.google.com/maps/place/%D8%A7%D9%84%D9%85%D8%B1%D9%83%D8%B2%D9%8A%E2%80%AD/data=!4m7!3m6!1s0x161ceb001b6bd323:0xfb9a91c04d8e8a7d!8m2!3d13.9720929!4d44.1625338!16s%2Fg%2F11zdcn_4j5!19sChIJI9NrGwDrHBYRfYqOTcCRmvs?authuser=0&hl=en&g_ep=EgoyMDI2MDkzMC4wIJJjKgBIAVAD&rclk=1,0x161ceb001b6bd323:0xfb9a91c04d8e8a7d,وسط مدينة إب,مستلزمات زراعية,discovered,"['أسواق ومحلات متنوعة في وسط مدينة إب, إب, اليمن', 'مستلزمات زراعية في وسط مدينة إب, إب, اليمن']"
,,,,,,,,,,https://www.google.com/maps/place/%D8%AC%D8%A7+%D8%A8%D9%8A%D8%A8%D9%8A%E2%80%AD/data=!4m7!3m6!1s0x161ce96e1cb8eb19:0xa837e30f0cca5ec1!8m2!3d13.9776831!4d44.1813678!16s%2Fg%2F11gnsdj7fc!19sChIJGeu4HG7pHBYRwV7KDA_jN6g?authuser=0&hl=en&g_ep=EgoyMDI2MDkzMC4wIJJjKgBIAVAD&rclk=1,0x161ce96e1cb8eb19:0xa837e30f0cca5ec1,العدين,ملابس أطفال وأحذية,discovered,"['ملابس أطفال وأحذية في العدين, إب, اليمن']"
,,,,,,,,,,https://www.google.com/maps/place/%D8%A7%D9%84%D8%B3%D9%86%D8%A7%D9%81%D8%B1+%D9%84%D9%85%D9%84%D8%A7%D8%A8%D8%B3+%D8%A7%D9%84%D8%A3%D8%B7%D9%81%D8%A7%D9%84%E2%80%AD/data=!4m7!3m6!1s0x161ce9b603c5c017:0x98daed43db6f439e!8m2!3d13.9737986!4d44.1839725!16s%2Fg%2F11r_c2nrbk!19sChIJF8DFA7bpHBYRnkNv20Pt2pg?authuser=0&hl=en&g_ep=EgoyMDI2MDkzMC4wIJJjKgBIAVAD&rclk=1,0x161ce9b603c5c017:0x98daed43db6f439e,العدين,ملابس أطفال وأحذية,discovered,"['ملابس أطفال وأحذية في العدين, إب, اليمن']"
,,,,,,,,,,https://www.google.com/maps/place/%D8%A7%D8%A8%D9%86%D9%8A+%D9%88%D8%A7%D8%A8%D9%86%D8%AA%D9%8A+%D9%84%D9%85%D9%84%D8%A7%D8%A8%D8%B3+%D8%A7%D9%84%D8%A7%D8%B7%D9%81%D8%A7%D9%84%E2%80%AD/data=!4m7!3m6!1s0x161ce9ef1a60abad:0x8e599f3f7ca3a836!8m2!3d13.9744244!4d44.1849962!16s%2Fg%2F11j900mjbb!19sChIJratgGu_pHBYRNqijfD-fWY4?authuser=0&hl=en&g_ep=EgoyMDI2MDkzMC4wIJJjKgBIAVAD&rclk=1,0x161ce9ef1a60abad:0x8e599f3f7ca3a836,العدين,ملابس أطفال وأحذية,discovered,"['ملابس أطفال وأحذية في العدين, إب, اليمن']"
,,,,,,,,,,https://www.google.com/maps/place/%D8%A7%D9%84%D8%B3%D9%86%D8%A7%D9%81%D8%B1+%D9%84%D9%85%D9%84%D8%A7%D8%A8%D8%B3+%D8%A7%D9%84%D8%A3%D8%B7%D9%81%D8%A7%D9%84%E2%80%AD/data=!4m7!3m6!1s0x161ce9f8a1d3ef95:0x436a0d627a8c7205!8m2!3d13.9696568!4d44.1771436!16s%2Fg%2F11tryfhgbd!19sChIJle_TofjpHBYRBXKMemINakM?authuser=0&hl=en&g_ep=EgoyMDI2MDkzMC4wIJJjKgBIAVAD&rclk=1,0x161ce9f8a1d3ef95:0x436a0d627a8c7205,العدين,ملابس أطفال وأحذية,discovered,"['ملابس أطفال وأحذية في العدين, إب, اليمن']"
,,,,,,,,,,https://www.google.com/maps/place/%D9%85%D8%AD%D9%84%D8%A7%D8%AA+%D8%B7%D9%81%D9%84%D9%8A+%D9%84%D9%84%D9%85%D9%84%D8%A7%D8%A8%D8%B3+%D8%A7%D9%84%D8%A7%D8%B7%D9%81%D8%A7%D9%84%E2%80%AD/data=!4m7!3m6!1s0x161ce9e1d96a343d:0x97f80bcd5893f8b2!8m2!3d13.9720347!4d44.1765362!16s%2Fg%2F11mpv1h2mz!19sChIJPTRq2eHpHBYRsviTWM0L-Jc?authuser=0&hl=en&g_ep=EgoyMDI2MDkzMC4wIJJjKgBIAVAD&rclk=1,0x161ce9e1d96a343d:0x97f80bcd5893f8b2,العدين,ملابس أطفال وأحذية,discovered,"['ملابس أطفال وأحذية في العدين, إب, اليمن']"
,,,,,,,,,,https://www.google.com/maps/place/%D9%81%D9%84%D8%A9+%D9%85%D9%84%D8%A7%D8%A8%D8%B3+%D8%A3%D8%B7%D9%81%D8%A7%D9%84%E2%80%AD/data=!4m7!3m6!1s0x161cf50037faa9e9:0x628abb32aecb6d2b!8m2!3d13.754927!4d44.13122!16s%2Fg%2F11ms1c89dt!19sChIJ6an6NwD1HBYRK23LrjK7imI?authuser=0&hl=en&g_ep=EgoyMDI2MDkzMC4wIJJjKgBIAVAD&rclk=1,0x161cf50037faa9e9:0x628abb32aecb6d2b,العدين,ملابس أطفال وأحذية,discovered,"['ملابس أطفال وأحذية في العدين, إب, اليمن']"
,,,,,,,,,,https://www.google.com/maps/place/%D9%83%D9%8A%D8%A7%D9%86+%D9%83%D8%A7%D9%81%D9%8A%E2%80%AD/data=!4m7!3m6!1s0x161ce932a9615bbf:0x127aed450dd7a58b!8m2!3d13.9743107!4d44.1768607!16s%2Fg%2F11tmsxjf1q!19sChIJv1thqTLpHBYRi6XXDUXtehI?authuser=0&hl=en&g_ep=EgoyMDI2MDkzMC4wIJJjKgBIAVAD&rclk=1,0x161ce932a9615bbf:0x127aed450dd7a58b,العدين,مقاهي وكوفي,discovered,"['مطاعم في جولة العدين, إب, اليمن', 'مقاهي وكوفي في العدين, إب, اليمن']"
,,,,,,,,,,https://www.google.com/maps/place/%D9%81%D9%88%D9%81%D9%8A%D8%A9+%D8%A7%D8%AD%D9%85%D8%AF+%D8%A7%D9%84%D8%B9%D8%A7%D9%82%D9%84%E2%80%AD/data=!4m7!3m6!1s0x161c91a70cf8748d:0x90f416678a1e3ba3!8m2!3d13.9695547!4d43.9951694!16s%2Fg%2F11q9_9j5hc!19sChIJjXT4DKeRHBYRozseimcW9JA?authuser=0&hl=en&g_ep=EgoyMDI2MDkzMC4wIJJjKgBIAVAD&rclk=1,0x161c91a70cf8748d:0x90f416678a1e3ba3,العدين,مقاهي وكوفي,discovered,"['مقاهي وكوفي في العدين, إب, اليمن']"
,,,,,,,,,,https://www.google.com/maps/place/%D8%A8%D9%86%D9%8A%D8%A7%D9%86+%D8%A7%D9%84%D9%8A%D9%85%D9%86%E2%80%AD/data=!4m7!3m6!1s0x161c91c3ff20aea9:0xfbca74b327989a05!8m2!3d13.9499998!4d43.981812!16s%2Fg%2F11zz4qt70_!19sChIJqa4g_8ORHBYRBZqYJ7N0yvs?authuser=0&hl=en&g_ep=EgoyMDI2MDkzMC4wIJJjKgBIAVAD&rclk=1,0x161c91c3ff20aea9:0xfbca74b327989a05,العدين,مقاهي وكوفي,discovered,"['مقاهي وكوفي في العدين, إب, اليمن']"
,,,,,,,,,,https://www.google.com/maps/place/%D8%B9%D8%A8%D8%AF+%D8%A7%D9%84%D9%83%D8%B1%D9%8A%D9%85+%D9%84%D8%AC%D9%85%D9%8A%D8%B9+%D8%A7%D9%86%D9%88%D8%A7%D8%B9+%D8%A7%D9%84%D8%B3%D9%83%D8%B1%D9%8A%D9%85%E2%80%AD/data=!4m7!3m6!1s0x161c9300504904c5:0x8720b50acfd6e09c!8m2!3d13.9255257!4d44.0833158!16s%2Fg%2F11lnws5x48!19sChIJxQRJUACTHBYRnODWzwq1IIc?authuser=0&hl=en&g_ep=EgoyMDI2MDkzMC4wIJJjKgBIAVAD&rclk=1,0x161c9300504904c5:0x8720b50acfd6e09c,العدين,مقاهي وكوفي,discovered,"['مقاهي وكوفي في العدين, إب, اليمن']"
,,,,,,,,,,https://www.google.com/maps/place/%D9%83%D9%81%D8%AA%D8%B1%D9%8A%D8%A7+%D8%A7%D9%84%D9%88%D8%A7%D8%AF%D9%8A%E2%80%AD/data=!4m7!3m6!1s0x161c912aa95c37d5:0x7e1ba55b8467cc87!8m2!3d13.9688176!4d43.9784744!16s%2Fg%2F11tbzw8l0y!19sChIJ1TdcqSqRHBYRh8xnhFulG34?authuser=0&hl=en&g_ep=EgoyMDI2MDkzMC4wIJJjKgBIAVAD&rclk=1,0x161c912aa95c37d5:0x7e1ba55b8467cc87,العدين,مقاهي وكوفي,discovered,"['مقاهي وكوفي في العدين, إب, اليمن']"
,,,,,,,,,,https://www.google.com/maps/place/%D8%B3%D8%AF+%D8%AC%D8%B1%D8%A8%D8%A7%D8%A1+%D8%B3%D8%AF+%D8%AA%D8%A7%D8%B1%D9%8A%D8%AE%D9%8A+%D9%82%D8%AF%D9%8A%D9%85+%D8%B4%D9%8F%D9%8A%D9%91%D8%AF+%D9%85%D9%86%D8%B0+%D9%82%D8%B1%D9%88%D9%86%E2%80%AD/data=!4m7!3m6!1s0x161c850019e2264f:0x23a16b1f182e279b!8m2!3d13.9133952!4d43.9033557!16s%2Fg%2F11z865t5j4!19sChIJTybiGQCFHBYRmycuGB9roSM?authuser=0&hl=en&g_ep=EgoyMDI2MDkzMC4wIJJjKgBIAVAD&rclk=1,0x161c850019e2264f:0x23a16b1f182e279b,العدين,مقاهي وكوفي,discovered,"['مقاهي وكوفي في العدين, إب, اليمن']"
,,,,,,,,,,https://www.google.com/maps/place/%D9%85%D9%82%D9%87%D9%89%D8%B9%D8%A8%D8%AF+%D8%A8%D9%86+%D8%B9%D9%84%D9%8A%E2%80%AD/data=!4m7!3m6!1s0x161c91a05a3677c7:0x8fe38b6bc671b97b!8m2!3d13.9499998!4d43.981812!16s%2Fg%2F11t6_qjpkq!19sChIJx3c2WqCRHBYRe7lxxmuL448?authuser=0&hl=en&g_ep=EgoyMDI2MDkzMC4wIJJjKgBIAVAD&rclk=1,0x161c91a05a3677c7:0x8fe38b6bc671b97b,العدين,مقاهي وكوفي,discovered,"['مقاهي وكوفي في العدين, إب, اليمن']"
,,,,,,,,,,https://www.google.com/maps/place/%D9%88%D8%B5%D8%A7%D9%84+%D9%83%D8%A7%D9%81%D9%8A%D9%87%7C%D9%82%D9%87%D9%88%D8%A9+%D9%85%D8%AE%D8%AA%D8%B5%D8%A9%E2%80%AD/data=!4m7!3m6!1s0x161ceb006635747b:0xbd8be4a66325b469!8m2!3d13.9727741!4d44.1670272!16s%2Fg%2F11yv19m007!19sChIJe3Q1ZgDrHBYRabQlY6bki70?authuser=0&hl=en&g_ep=EgoyMDI2MDkzMC4wIJJjKgBIAVAD&rclk=1,0x161ceb006635747b:0xbd8be4a66325b469,العدين,مقاهي وكوفي,discovered,"['مقاهي وكوفي في العدين, إب, اليمن']"
,,,,,,,,,,https://www.google.com/maps/place/%D8%A7%D9%88%D8%B1%D9%86%D8%AC+%D9%83%D8%A7%D9%81%D9%8A%E2%80%AD/data=!4m7!3m6!1s0x161ce9000c9aa383:0x3f75665bb5b6f0b9!8m2!3d13.9740485!4d44.1752251!16s%2Fg%2F11vqyy0wxr!19sChIJg6OaDADpHBYRufC2tVtmdT8?authuser=0&hl=en&g_ep=EgoyMDI2MDkzMC4wIJJjKgBIAVAD&rclk=1,0x161ce9000c9aa383:0x3f75665bb5b6f0b9,العدين,مقاهي وكوفي,discovered,"['مقاهي وكوفي في العدين, إب, اليمن']"
,,,,,,,,,,https://www.google.com/maps/place/%D8%A7%D9%86+%D9%83%D8%A7%D9%81%D9%8A%D8%A9+-+N+cafe%E2%80%AD/data=!4m7!3m6!1s0x161ceb01f5e8b917:0xaa4539c79320a624!8m2!3d13.966241!4d44.1711545!16s%2Fg%2F11zds76mgl!19sChIJF7no9QHrHBYRJKYgk8c5Rao?authuser=0&hl=en&g_ep=EgoyMDI2MDkzMC4wIJJjKgBIAVAD&rclk=1,0x161ceb01f5e8b917:0xaa4539c79320a624,العدين,مقاهي وكوفي,discovered,"['مقاهي وكوفي في العدين, إب, اليمن']"
,,,,,,,,,,https://www.google.com/maps/place/%D9%85%D8%B9%D9%88%D8%B0+%D8%A7%D9%84%D8%AD%D8%B0%D9%8A%D9%81%D9%8A%E2%80%AD/data=!4m7!3m6!1s0x161c8500012cf9b5:0xd4430710c27baebc!8m2!3d13.9130607!4d43.8976979!16s%2Fg%2F11x16dj6_0!19sChIJtfksAQCFHBYRvK57whAHQ9Q?authuser=0&hl=en&g_ep=EgoyMDI2MDkzMC4wIJJjKgBIAVAD&rclk=1,0x161c8500012cf9b5:0xd4430710c27baebc,العدين,مقاهي وكوفي,discovered,"['مقاهي وكوفي في العدين, إب, اليمن']"
,,,,,,,,,,https://www.google.com/maps/place/Luqmma/data=!4m7!3m6!1s0x161ceb148824277d:0x6995fba5f65bed4!8m2!3d13.9661958!4d44.1643648!16s%2Fg%2F11k3_tbwcq!19sChIJfSckiBTrHBYR1L5lX7pfmQY?authuser=0&hl=en&g_ep=EgoyMDI2MDkzMC4wIJJjKgBIAVAD&rclk=1,0x161ceb148824277d:0x6995fba5f65bed4,العدين,مقاهي وكوفي,discovered,"['مقاهي وكوفي في العدين, إب, اليمن']"
,,,,,,,,,,https://www.google.com/maps/place/%D8%A7%D8%A8%E2%80%AD/data=!4m7!3m6!1s0x161ce98bcfa6915d:0xf4da4a509577737f!8m2!3d13.9717964!4d44.1862248!16s%2Fg%2F11v5w1mh38!19sChIJXZGmz4vpHBYRf3N3lVBK2vQ?authuser=0&hl=en&g_ep=EgoyMDI2MDkzMC4wIJJjKgBIAVAD&rclk=1,0x161ce98bcfa6915d:0xf4da4a509577737f,العدين,مقاهي وكوفي,discovered,"['مقاهي وكوفي في العدين, إب, اليمن']"
,,,,,,,,,,https://www.google.com/maps/place/%D8%B9%D8%B5%D8%A7%D9%8A%D8%B1+%D8%A7%D9%84%D9%85%D8%B9%D9%84%D9%85%E2%80%AD/data=!4m7!3m6!1s0x161ceb001fa69e31:0xcb52006d3b567e1a!8m2!3d13.9684905!4d44.160262!16s%2Fg%2F11zyvbzm73!19sChIJMZ6mHwDrHBYRGn5WO20AUss?authuser=0&hl=en&g_ep=EgoyMDI2MDkzMC4wIJJjKgBIAVAD&rclk=1,0x161ceb001fa69e31:0xcb52006d3b567e1a,العدين,مقاهي وكوفي,discovered,"['مقاهي وكوفي في العدين, إب, اليمن']"
,,,,,,,,,,https://www.google.com/maps/place/%D9%83%D9%88%D9%81%D9%8A%D9%87+%D9%A1%D9%A3+%D8%AF%D8%B1%D8%AC%D9%87%E2%80%AD/data=!4m7!3m6!1s0x161ce945c0e9e443:0x863b50bb2f10eb0e!8m2!3d13.9680629!4d44.1723853!16s%2Fg%2F11t_zjwl_f!19sChIJQ-TpwEXpHBYRDusQL7tQO4Y?authuser=0&hl=en&g_ep=EgoyMDI2MDkzMC4wIJJjKgBIAVAD&rclk=1,0x161ce945c0e9e443:0x863b50bb2f10eb0e,العدين,مقاهي وكوفي,discovered,"['مقاهي وكوفي في العدين, إب, اليمن']"
,,,,,,,,,,https://www.google.com/maps/place/%D9%85%D9%86%D8%AA%D8%B2%D9%87+%D8%AF%D9%84%D9%8A%E2%80%AD/data=!4m7!3m6!1s0x161ceb4aba2b6c89:0x2649ceff49a4e2b8!8m2!3d13.9713607!4d44.1457175!16s%2Fg%2F11j3m0t_f7!19sChIJiWwrukrrHBYRuOKkSf_OSSY?authuser=0&hl=en&g_ep=EgoyMDI2MDkzMC4wIJJjKgBIAVAD&rclk=1,0x161ceb4aba2b6c89:0x2649ceff49a4e2b8,العدين,مقاهي وكوفي,discovered,"['مقاهي وكوفي في العدين, إب, اليمن']"
,,,,,,,,,,https://www.google.com/maps/place/%D8%A5%D8%A8+%D9%83%D8%A7%D9%81%D9%8A%D8%A9+%D8%A7%D9%84%D9%85%D9%86%D8%AA%D8%AC%D8%B9+%D8%A7%D9%84%D8%B3%D9%8A%D8%A7%D8%AD%D9%8A%E2%80%AD/data=!4m7!3m6!1s0x161ceb00391c1e8b:0x64d6ef0ac8a0b1a1!8m2!3d13.9542391!4d44.1709187!16s%2Fg%2F11vjtf674w!19sChIJix4cOQDrHBYRobGgyArv1mQ?authuser=0&hl=en&g_ep=EgoyMDI2MDkzMC4wIJJjKgBIAVAD&rclk=1,0x161ceb00391c1e8b:0x64d6ef0ac8a0b1a1,العدين,مقاهي وكوفي,discovered,"['مقاهي وكوفي في العدين, إب, اليمن']"
,,,,,,,,,,https://www.google.com/maps/place/%D9%83%D9%81%D8%AA%D8%B1%D9%8A%D8%A7+%D8%A7%D9%84%D9%81%D8%AC%D8%B1+%D8%A7%D9%84%D8%AC%D8%AF%D9%8A%D8%AF%E2%80%AD/data=!4m7!3m6!1s0x161ced8453cb1173:0x1a09f762dd33f619!8m2!3d13.9156383!4d44.0964018!16s%2Fg%2F11sckp5r27!19sChIJcxHLU4TtHBYRGfYz3WL3CRo?authuser=0&hl=en&g_ep=EgoyMDI2MDkzMC4wIJJjKgBIAVAD&rclk=1,0x161ced8453cb1173:0x1a09f762dd33f619,العدين,مقاهي وكوفي,discovered,"['مقاهي وكوفي في العدين, إب, اليمن']"
,,,,,,,,,,https://www.google.com/maps/place/%D9%83%D9%81%D8%AA%D9%8A%D8%B1%D9%8A%D8%A7+%D8%B9%D8%B2%D8%AA%E2%80%AD/data=!4m7!3m6!1s0x161cebcabd1ec9d7:0xde8348b4cb0f93b9!8m2!3d13.9750174!4d44.1713697!16s%2Fg%2F11qyqgbz3t!19sChIJ18kevcrrHBYRuZMPy7RIg94?authuser=0&hl=en&g_ep=EgoyMDI2MDkzMC4wIJJjKgBIAVAD&rclk=1,0x161cebcabd1ec9d7:0xde8348b4cb0f93b9,العدين,مقاهي وكوفي,discovered,"['مقاهي وكوفي في العدين, إب, اليمن']"
,,,,,,,,,,https://www.google.com/maps/place/%D9%83%D8%A7%D9%81%D8%AA%D9%8A%D8%B1%D9%8A%D8%A7+%D8%A7%D9%84%D9%85%D9%87%D9%86%D8%AF%D8%B3%E2%80%AD/data=!4m7!3m6!1s0x161ceb005f11bf83:0xd90cf19e36e51746!8m2!3d13.9728388!4d44.1630021!16s%2Fg%2F11yxrhsbt6!19sChIJg78RXwDrHBYRRhflNp7xDNk?authuser=0&hl=en&g_ep=EgoyMDI2MDkzMC4wIJJjKgBIAVAD&rclk=1,0x161ceb005f11bf83:0xd90cf19e36e51746,العدين,مقاهي وكوفي,discovered,"['مقاهي وكوفي في العدين, إب, اليمن']"
,,,,,,,,,,https://www.google.com/maps/place/Moment/data=!4m7!3m6!1s0x161ce90012f2262b:0xfed4fec10df09b4a!8m2!3d13.9646646!4d44.1869711!16s%2Fg%2F11zym1v15j!19sChIJKybyEgDpHBYRSpvwDcH-1P4?authuser=0&hl=en&g_ep=EgoyMDI2MDkzMC4wIJJjKgBIAVAD&rclk=1,0x161ce90012f2262b:0xfed4fec10df09b4a,العدين,مقاهي وكوفي,discovered,"['مقاهي وكوفي في العدين, إب, اليمن']"
,,,,,,,,,,https://www.google.com/maps/place/%D8%B9%D8%B5%D8%A7%D9%85+%D9%84%D9%84%D8%B4%D8%A7%D9%87%D9%8A%E2%80%AD/data=!4m7!3m6!1s0x161ceb829a010079:0xd543a112a06d1c89!8m2!3d13.9721745!4d44.1717463!16s%2Fg%2F11sfn56ct7!19sChIJeQABmoLrHBYRiRxtoBKhQ9U?authuser=0&hl=en&g_ep=EgoyMDI2MDkzMC4wIJJjKgBIAVAD&rclk=1,0x161ceb829a010079:0xd543a112a06d1c89,العدين,مقاهي وكوفي,discovered,"['مقاهي وكوفي في العدين, إب, اليمن']"
,,,,,,,,,,https://www.google.com/maps/place/%D9%83%D9%90%D9%81%D9%8E%D8%AA%D9%92%D8%B1%D9%8E%D9%8A%D9%8E%D8%A7+%D9%88%D9%8E%D9%82%D9%8B%D9%81%D9%8E+%D9%88%D9%8E%D9%82%D9%8B%D9%81%D9%8E+%D9%88%D9%8E%D8%B4%D9%90%D9%88%D9%8E%D9%81%D9%8E%E2%80%AD/data=!4m7!3m6!1s0x161cebe414b2adeb:0xee6e746a41b222a1!8m2!3d13.9714603!4d44.1604877!16s%2Fg%2F11ncmsgn5k!19sChIJ662yFOTrHBYRoSKyQWp0bu4?authuser=0&hl=en&g_ep=EgoyMDI2MDkzMC4wIJJjKgBIAVAD&rclk=1,0x161cebe414b2adeb:0xee6e746a41b222a1,العدين,مقاهي وكوفي,discovered,"['مقاهي وكوفي في العدين, إب, اليمن']"
,,,,,,,,,,https://www.google.com/maps/place/panda/data=!4m7!3m6!1s0x161ceb0017205883:0x61835eb1762373b7!8m2!3d13.9651024!4d44.1657509!16s%2Fg%2F11ln56c9z7!19sChIJg1ggFwDrHBYRt3MjdrFeg2E?authuser=0&hl=en&g_ep=EgoyMDI2MDkzMC4wIJJjKgBIAVAD&rclk=1,0x161ceb0017205883:0x61835eb1762373b7,العدين,مقاهي وكوفي,discovered,"['مقاهي وكوفي في العدين, إب, اليمن']"
,,,,,,,,,,https://www.google.com/maps/place/%D9%85%D9%88%D8%AF+%D9%83%D8%A7%D9%81%D9%8A%E2%80%AD/data=!4m7!3m6!1s0x161ce9004e43bb07:0xd0cbd0961d415636!8m2!3d13.9665631!4d44.1839847!16s%2Fg%2F11wjbhtyjf!19sChIJB7tDTgDpHBYRNlZBHZbQy9A?authuser=0&hl=en&g_ep=EgoyMDI2MDkzMC4wIJJjKgBIAVAD&rclk=1,0x161ce9004e43bb07:0xd0cbd0961d415636,العدين,مقاهي وكوفي,discovered,"['مقاهي وكوفي في العدين, إب, اليمن']"
,,,,,,,,,,https://www.google.com/maps/place/%D9%88%D9%86+%D9%85%D9%88%D9%84%E2%80%AD/data=!4m7!3m6!1s0x161ceb002a0fa887:0xfa148a98f308f377!8m2!3d13.9712981!4d44.1492277!16s%2Fg%2F11nq0w5sbb!19sChIJh6gPKgDrHBYRd_MI85iKFPo?authuser=0&hl=en&g_ep=EgoyMDI2MDkzMC4wIJJjKgBIAVAD&rclk=1,0x161ceb002a0fa887:0xfa148a98f308f377,العدين,مقاهي وكوفي,discovered,"['مقاهي وكوفي في العدين, إب, اليمن']"
,,,,,,,,,,https://www.google.com/maps/place/%D9%83%D8%A7%D9%81%D9%8A%D9%87+%D8%B1%D8%B4%D9%81%D8%A9%E2%80%AD/data=!4m7!3m6!1s0x161ce90002487925:0x6424844070f469d1!8m2!3d13.9605902!4d44.1781158!16s%2Fg%2F11wqbjr385!19sChIJJXlIAgDpHBYR0Wn0cECEJGQ?authuser=0&hl=en&g_ep=EgoyMDI2MDkzMC4wIJJjKgBIAVAD&rclk=1,0x161ce90002487925:0x6424844070f469d1,العدين,مقاهي وكوفي,discovered,"['مقاهي وكوفي في العدين, إب, اليمن']"
,,,,,,,,,,https://www.google.com/maps/place/%D9%83%D9%81%D8%AA%D9%8A%D8%B1%D9%8A%D8%A7+%D8%AF%D9%84%D8%A7%D9%84%E2%80%AD/data=!4m7!3m6!1s0x161ce90034993c45:0x19a0da9bcfdcc142!8m2!3d13.9746397!4d44.1840314!16s%2Fg%2F11vkb6zpcn!19sChIJRTyZNADpHBYRQsHcz5vaoBk?authuser=0&hl=en&g_ep=EgoyMDI2MDkzMC4wIJJjKgBIAVAD&rclk=1,0x161ce90034993c45:0x19a0da9bcfdcc142,العدين,مقاهي وكوفي,discovered,"['مقاهي وكوفي في العدين, إب, اليمن']"
,,,,,,,,,,https://www.google.com/maps/place/%D9%87%D8%A7%D8%B1+%D8%B4%D9%8A+Hor+sey%E2%80%AD/data=!4m7!3m6!1s0x161ce92e94f04f5d:0x2436dd77bc711331!8m2!3d13.9711219!4d44.1773517!16s%2Fg%2F11l5tc1yhy!19sChIJXU_wlC7pHBYRMRNxvHfdNiQ?authuser=0&hl=en&g_ep=EgoyMDI2MDkzMC4wIJJjKgBIAVAD&rclk=1,0x161ce92e94f04f5d:0x2436dd77bc711331,العدين,مقاهي وكوفي,discovered,"['مقاهي وكوفي في العدين, إب, اليمن']"
,,,,,,,,,,https://www.google.com/maps/place/%D8%BA%D8%B2%D9%84+%D8%A7%D9%84%D8%A8%D9%86%D8%A7%D8%AA%E2%80%AD/data=!4m7!3m6!1s0x161ce99c51534ba9:0x69cd8103c75b8b6!8m2!3d13.9784023!4d44.1802228!16s%2Fg%2F11n74rhk8k!19sChIJqUtTUZzpHBYRtrh1PBDYnAY?authuser=0&hl=en&g_ep=EgoyMDI2MDkzMC4wIJJjKgBIAVAD&rclk=1,0x161ce99c51534ba9:0x69cd8103c75b8b6,العدين,مقاهي وكوفي,discovered,"['مقاهي وكوفي في العدين, إب, اليمن']"
,,,,,,,,,,https://www.google.com/maps/place/%D8%A7%D9%84%D8%AF%D8%A7%D8%B1+%D8%B3%D8%A8%D8%A7%D9%8A%D8%B3%E2%80%AD/data=!4m7!3m6!1s0x161ce9a08104703d:0x3082d96830f2ffac!8m2!3d13.9501185!4d44.1767908!16s%2Fg%2F11pxnjnxw_!19sChIJPXAEgaDpHBYRrP_yMGjZgjA?authuser=0&hl=en&g_ep=EgoyMDI2MDkzMC4wIJJjKgBIAVAD&rclk=1,0x161ce9a08104703d:0x3082d96830f2ffac,العدين,مقاهي وكوفي,discovered,"['مقاهي وكوفي في العدين, إب, اليمن']"
,,,,,,,,,,https://www.google.com/maps/place/%D8%B9%D8%B5%D8%A7%D8%A6%D8%B1+%D8%AF%D8%B1%D9%85%D9%88%D8%B4+%D9%85%D9%84%D9%83+%D8%A7%D9%84%D8%B9%D8%B5%D8%A7%D8%A6%D8%B1%E2%80%AD/data=!4m7!3m6!1s0x161ceb00447c622d:0x65058c91a81710f4!8m2!3d13.9728119!4d44.1705121!16s%2Fg%2F11zf6hqkzc!19sChIJLWJ8RADrHBYR9BAXqJGMBWU?authuser=0&hl=en&g_ep=EgoyMDI2MDkzMC4wIJJjKgBIAVAD&rclk=1,0x161ceb00447c622d:0x65058c91a81710f4,العدين,مقاهي وكوفي,discovered,"['مقاهي وكوفي في العدين, إب, اليمن']"
,,,,,,,,,,https://www.google.com/maps/place/%D9%83%D8%A7%D9%81%D9%8A%D9%87+%D9%84%D8%B0%D8%A9%E2%80%AD/data=!4m7!3m6!1s0x161ce9003521c0d3:0xf3b9ac02f8ffadae!8m2!3d13.972753!4d44.1760679!16s%2Fg%2F11ldvpmrxm!19sChIJ08AhNQDpHBYRrq3_-AKsufM?authuser=0&hl=en&g_ep=EgoyMDI2MDkzMC4wIJJjKgBIAVAD&rclk=1,0x161ce9003521c0d3:0xf3b9ac02f8ffadae,العدين,مقاهي وكوفي,discovered,"['مقاهي وكوفي في العدين, إب, اليمن']"
,,,,,,,,,,https://www.google.com/maps/place/%D8%AA%D8%B1%D9%86%D8%AF+%D9%83%D8%A7%D9%81%D9%8A+trendcoffee%E2%80%AD/data=!4m7!3m6!1s0x161ce9ff4c5149f9:0xf044c3595ed14a93!8m2!3d13.9629352!4d44.1805107!16s%2Fg%2F11l1p5zd71!19sChIJ-UlRTP_pHBYRk0rRXlnDRPA?authuser=0&hl=en&g_ep=EgoyMDI2MDkzMC4wIJJjKgBIAVAD&rclk=1,0x161ce9ff4c5149f9:0xf044c3595ed14a93,العدين,مقاهي وكوفي,discovered,"['مقاهي وكوفي في العدين, إب, اليمن']"
,,,,,,,,,,https://www.google.com/maps/place/%D8%B4%D8%A8%D9%83%D9%87+%D8%B9%D9%84%D9%8A+%D8%A8%D8%A7%D8%A8%D8%A7%E2%80%AD/data=!4m7!3m6!1s0x161ce9c6ff139fe3:0x6dd4d2d7de122449!8m2!3d13.9774278!4d44.1922614!16s%2Fg%2F11fl95b_jr!19sChIJ458T_8bpHBYRSSQS3tfS1G0?authuser=0&hl=en&g_ep=EgoyMDI2MDkzMC4wIJJjKgBIAVAD&rclk=1,0x161ce9c6ff139fe3:0x6dd4d2d7de122449,العدين,مقاهي وكوفي,discovered,"['مقاهي وكوفي في العدين, إب, اليمن']"
,,,,,,,,,,https://www.google.com/maps/place/%D8%AD%D8%A7%D8%B1%D9%87+%D8%A7%D9%84%D8%B2%D8%B9%D9%8A%D9%85+%D8%B9%D8%A8%D8%AF+%D8%A7%D9%84%D8%BA%D9%81%D9%88%D8%B1%E2%80%AD/data=!4m7!3m6!1s0x161cebcdc28dc8a3:0x15515dd3b699c31b!8m2!3d13.9713796!4d44.1655893!16s%2Fg%2F11kptvn288!19sChIJo8iNws3rHBYRG8OZttNdURU?authuser=0&hl=en&g_ep=EgoyMDI2MDkzMC4wIJJjKgBIAVAD&rclk=1,0x161cebcdc28dc8a3:0x15515dd3b699c31b,العدين,مقاهي وكوفي,discovered,"['مقاهي وكوفي في العدين, إب, اليمن']"
,,,,,,,,,,https://www.google.com/maps/place/%D8%AF%D9%84%D9%88%D9%86%D9%8A+%D8%B9%D9%84%D9%8A%D9%83+%D9%84%D9%84%D8%B4%D8%A7%D9%8A+%D8%A7%D9%84%D9%85%D9%85%D8%AA%D8%A7%D8%B2+%E2%98%95%EF%B8%8F%E2%80%AD/data=!4m7!3m6!1s0x161ce93b7182c0c1:0xa622ae7c87117e0b!8m2!3d13.9716326!4d44.1720236!16s%2Fg%2F11swthnj1_!19sChIJwcCCcTvpHBYRC34Rh3yuIqY?authuser=0&hl=en&g_ep=EgoyMDI2MDkzMC4wIJJjKgBIAVAD&rclk=1,0x161ce93b7182c0c1:0xa622ae7c87117e0b,العدين,مقاهي وكوفي,discovered,"['مقاهي وكوفي في العدين, إب, اليمن']"
,,,,,,,,,,https://www.google.com/maps/place/%D8%B9%D8%B5%D8%A7%D9%8A%D8%B1+%D8%A7%D9%84%D9%85%D8%B9%D9%84%D9%85%E2%80%AD/data=!4m7!3m6!1s0x161ceb001ae557a5:0xad3f7d5a5050c64d!8m2!3d13.9684867!4d44.160261!16s%2Fg%2F11zxq1c0ck!19sChIJpVflGgDrHBYRTcZQUFp9P60?authuser=0&hl=en&g_ep=EgoyMDI2MDkzMC4wIJJjKgBIAVAD&rclk=1,0x161ceb001ae557a5:0xad3f7d5a5050c64d,العدين,مقاهي وكوفي,discovered,"['مقاهي وكوفي في العدين, إب, اليمن']"
,,,,,,,,,,https://www.google.com/maps/place/%D8%AA%D8%A7%D9%84%D8%A7+%D9%83%D8%A7%D9%81%D9%8A%D8%A9%E2%80%AD/data=!4m7!3m6!1s0x161ceb000517051b:0xa6d7005ebb25a274!8m2!3d13.9757712!4d44.1688223!16s%2Fg%2F11y8g5w19b!19sChIJGwUXBQDrHBYRdKIlu14A16Y?authuser=0&hl=en&g_ep=EgoyMDI2MDkzMC4wIJJjKgBIAVAD&rclk=1,0x161ceb000517051b:0xa6d7005ebb25a274,العدين,مقاهي وكوفي,discovered,"['مقاهي وكوفي في العدين, إب, اليمن']"
,,,,,,,,,,https://www.google.com/maps/place/%D9%83%D8%A7%D9%81%D8%AA%D9%8A%D8%B1%D9%8A%D8%A7+%D8%A7%D9%84%D9%87%D9%86%D8%AF%D8%B3%D8%A9+%D9%88%D8%A7%D9%84%D8%B9%D9%85%D8%A7%D8%B1%D8%A9%E2%80%AD/data=!4m7!3m6!1s0x161ceb005307707b:0xa10a91f641c0c6ca!8m2!3d13.9726875!4d44.1629531!16s%2Fg%2F11yxsbw3f_!19sChIJe3AHUwDrHBYRysbAQfaRCqE?authuser=0&hl=en&g_ep=EgoyMDI2MDkzMC4wIJJjKgBIAVAD&rclk=1,0x161ceb005307707b:0xa10a91f641c0c6ca,العدين,مقاهي وكوفي,discovered,"['مقاهي وكوفي في العدين, إب, اليمن']"
,,,,,,,,,,https://www.google.com/maps/place/%D9%83%D9%81%D8%AA%D9%8A%D8%B1%D9%8A%D8%A7+%D8%A7%D9%84%D8%B3%D9%84%D8%A7%D9%85%E2%80%AD/data=!4m7!3m6!1s0x161ceb68a6be751d:0xe587b5d4d12c37e4!8m2!3d13.9590493!4d44.1721026!16s%2Fg%2F11qwsfpkwx!19sChIJHXW-pmjrHBYR5Dcs0dS1h-U?authuser=0&hl=en&g_ep=EgoyMDI2MDkzMC4wIJJjKgBIAVAD&rclk=1,0x161ceb68a6be751d:0xe587b5d4d12c37e4,العدين,مقاهي وكوفي,discovered,"['مقاهي وكوفي في العدين, إب, اليمن']"
,,,,,,,,,,https://www.google.com/maps/place/%D9%85%D9%82%D9%87%D9%89+%D9%83%D8%A7%D9%81%D9%8A%D9%87+%D8%AF%D9%8A%D9%88%D8%A7%D9%86%D9%8A%D8%A9+%D8%A7%D9%84%D9%83%D9%8A%D9%81%E2%80%AD/data=!4m7!3m6!1s0x161ceb4416fd7cd1:0x3e04b8b4e1f3ad20!8m2!3d13.9720829!4d44.1625506!16s%2Fg%2F11rsc2549v!19sChIJ0Xz9FkTrHBYRIK3z4bS4BD4?authuser=0&hl=en&g_ep=EgoyMDI2MDkzMC4wIJJjKgBIAVAD&rclk=1,0x161ceb4416fd7cd1:0x3e04b8b4e1f3ad20,العدين,مقاهي وكوفي,discovered,"['مقاهي وكوفي في العدين, إب, اليمن']"
,,,,,,,,,,https://www.google.com/maps/place/%D9%86%D8%A8%D8%B6+%D9%83%D8%A7%D9%81%D9%8A%E2%80%AD/data=!4m7!3m6!1s0x161ce900157f868f:0x7838ab3ed29eb89d!8m2!3d13.9696161!4d44.1771519!16s%2Fg%2F11vm9h5c80!19sChIJj4Z_FQDpHBYRnbie0j6rOHg?authuser=0&hl=en&g_ep=EgoyMDI2MDkzMC4wIJJjKgBIAVAD&rclk=1,0x161ce900157f868f:0x7838ab3ed29eb89d,العدين,مقاهي وكوفي,discovered,"['مقاهي وكوفي في العدين, إب, اليمن']"
,,,,,,,,,,https://www.google.com/maps/place/%D9%85%D9%86%D8%AA%D8%B2%D9%87+%D8%AF%D8%A8%D9%8A+%D9%84%D9%85%D8%B4%D8%A7%D9%87%D8%AF%D8%A7%D8%AA+%D8%A7%D9%84%D9%85%D8%A8%D8%A7%D8%B1%D9%8A%D8%A7%D8%AA%E2%80%AD/data=!4m7!3m6!1s0x161cebd369119ea3:0x8016b10cb0a9243a!8m2!3d13.9680401!4d44.1614372!16s%2Fg%2F11j8_4zy9x!19sChIJo54RadPrHBYROiSpsAyxFoA?authuser=0&hl=en&g_ep=EgoyMDI2MDkzMC4wIJJjKgBIAVAD&rclk=1,0x161cebd369119ea3:0x8016b10cb0a9243a,العدين,مقاهي وكوفي,discovered,"['مقاهي وكوفي في العدين, إب, اليمن']"
,,,,,,,,,,https://www.google.com/maps/place/%D8%A7%D9%88%D9%87+%D9%8A%D8%A7%D9%85%D8%A7%D9%84+%D8%AD%D9%84%D8%A7+%D9%83%D8%A7%D9%81%D9%8A%E2%80%AD/data=!4m7!3m6!1s0x161ce9f3bf1939df:0xcaf4dd8f214c38f0!8m2!3d13.9719023!4d44.1751212!16s%2Fg%2F11nbm44g63!19sChIJ3zkZv_PpHBYR8DhMIY_d9Mo?authuser=0&hl=en&g_ep=EgoyMDI2MDkzMC4wIJJjKgBIAVAD&rclk=1,0x161ce9f3bf1939df:0xcaf4dd8f214c38f0,العدين,مقاهي وكوفي,discovered,"['مقاهي وكوفي في العدين, إب, اليمن']"
,,,,,,,,,,https://www.google.com/maps/place/%D9%81%D9%84%D8%A7%D9%81%D9%84+%D8%A7%D9%84%D9%85%D8%B9%D9%84%D9%85+%D9%85%D8%AD%D9%85%D9%88%D8%AF%E2%80%AD/data=!4m7!3m6!1s0x161ceb0024738223:0x68a0f88bc9e2f34a!8m2!3d13.9712628!4d44.1495771!16s%2Fg%2F11vptdfjfj!19sChIJI4JzJADrHBYRSvPiyYv4oGg?authuser=0&hl=en&g_ep=EgoyMDI2MDkzMC4wIJJjKgBIAVAD&rclk=1,0x161ceb0024738223:0x68a0f88bc9e2f34a,العدين,مقاهي وكوفي,discovered,"['مقاهي وكوفي في العدين, إب, اليمن']"
,,,,,,,,,,https://www.google.com/maps/place/%D8%B3%D8%AD%D8%A7%D8%A8+%D9%83%D8%A7%D9%81%D9%8A%E2%80%AD/data=!4m7!3m6!1s0x161cebdd460afdc5:0xe50773e438dcb83c!8m2!3d13.9696766!4d44.161432!16s%2Fg%2F11xchf_p1d!19sChIJxf0KRt3rHBYRPLjcOORzB-U?authuser=0&hl=en&g_ep=EgoyMDI2MDkzMC4wIJJjKgBIAVAD&rclk=1,0x161cebdd460afdc5:0xe50773e438dcb83c,العدين,مقاهي وكوفي,discovered,"['مقاهي وكوفي في العدين, إب, اليمن']"
,,,,,,,,,,https://www.google.com/maps/place/%D9%81%D9%84%D8%A7%D9%81%D9%84+%D9%84%D8%A7%D9%81%D8%A7%D8%A1%E2%80%AD/data=!4m7!3m6!1s0x161cef00141f0933:0x49c9fdf197e1cd0a!8m2!3d13.9328127!4d44.1774181!16s%2Fg%2F11zks4b5d8!19sChIJMwkfFADvHBYRCs3hl_H9yUk?authuser=0&hl=en&g_ep=EgoyMDI2MDkzMC4wIJJjKgBIAVAD&rclk=1,0x161cef00141f0933:0x49c9fdf197e1cd0a,العدين,مقاهي وكوفي,discovered,"['مقاهي وكوفي في العدين, إب, اليمن']"
,,,,,,,,,,https://www.google.com/maps/place/%D8%AB%D9%84%D8%A7%D8%AC%D8%A9+%D8%A7%D9%84%D9%85%D8%B1%D9%8A%D8%B3%D9%8A+%D9%84%D9%84%D9%85%D8%B4%D8%B1%D9%88%D8%A8%D8%A7%D8%AA+%D9%88+%D8%A7%D9%84%D8%A7%D9%8A%D8%B3%D9%83%D8%B1%D9%8A%D9%85%E2%80%AD/data=!4m7!3m6!1s0x161ce9000ee0daa9:0xc25c9daf8d028788!8m2!3d13.9715607!4d44.1820831!16s%2Fg%2F11x20ly4r9!19sChIJqdrgDgDpHBYRiIcCja-dXMI?authuser=0&hl=en&g_ep=EgoyMDI2MDkzMC4wIJJjKgBIAVAD&rclk=1,0x161ce9000ee0daa9:0xc25c9daf8d028788,العدين,مقاهي وكوفي,discovered,"['مقاهي وكوفي في العدين, إب, اليمن']"
,,,,,,,,,,https://www.google.com/maps/place/%D9%85%D9%88%D9%83%D8%A7+moka%E2%80%AD/data=!4m7!3m6!1s0x161cebe8e33a1119:0x6c3e22e63a1822a6!8m2!3d13.9667621!4d44.162436!16s%2Fg%2F11gy4b31v3!19sChIJGRE64-jrHBYRpiIYOuYiPmw?authuser=0&hl=en&g_ep=EgoyMDI2MDkzMC4wIJJjKgBIAVAD&rclk=1,0x161cebe8e33a1119:0x6c3e22e63a1822a6,العدين,مقاهي وكوفي,discovered,"['مقاهي وكوفي في العدين, إب, اليمن']"
,,,,,,,,,,https://www.google.com/maps/place/%D9%85%D8%B4%D8%B1%D9%88%D8%A8%D8%A7%D8%AA+%D8%A7%D9%84%D8%B2%D9%8A%D9%86%E2%80%AD/data=!4m7!3m6!1s0x161ceb9834188581:0xb7ed6236d1e6fc16!8m2!3d13.9720711!4d44.1718605!16s%2Fg%2F11s1345pm7!19sChIJgYUYNJjrHBYRFvzm0TZi7bc?authuser=0&hl=en&g_ep=EgoyMDI2MDkzMC4wIJJjKgBIAVAD&rclk=1,0x161ceb9834188581:0xb7ed6236d1e6fc16,العدين,مقاهي وكوفي,discovered,"['مقاهي وكوفي في العدين, إب, اليمن']"
,,,,,,,,,,https://www.google.com/maps/place/%D9%83%D8%A7%D8%A8%D8%AA%D8%B4%D9%8A%D9%86%D9%88%E2%80%AD/data=!4m7!3m6!1s0x161ce9005ecc1b4b:0x85f713f22a493616!8m2!3d13.9759591!4d44.1883332!16s%2Fg%2F11y__mqgp4!19sChIJSxvMXgDpHBYRFjZJKvIT94U?authuser=0&hl=en&g_ep=EgoyMDI2MDkzMC4wIJJjKgBIAVAD&rclk=1,0x161ce9005ecc1b4b:0x85f713f22a493616,العدين,مقاهي وكوفي,discovered,"['مقاهي وكوفي في العدين, إب, اليمن']"
,,,,,,,,,,https://www.google.com/maps/place/%D8%A8%D9%82%D8%A7%D9%84%D8%A9+%D8%A2%D8%AF%D9%85%E2%80%AD/data=!4m7!3m6!1s0x161cebb74d2ed6db:0x8bd9122b620df3a9!8m2!3d13.9780089!4d44.1681618!16s%2Fg%2F11mhmndcyb!19sChIJ29YuTbfrHBYRqfMNYisS2Ys?authuser=0&hl=en&g_ep=EgoyMDI2MDkzMC4wIJJjKgBIAVAD&rclk=1,0x161cebb74d2ed6db:0x8bd9122b620df3a9,العدين,مقاهي وكوفي,discovered,"['مقاهي وكوفي في العدين, إب, اليمن']"
,,,,,,,,,,https://www.google.com/maps/place/%D9%83%D9%81%D8%AA%D9%8A%D8%B1%D9%8A%D8%A7+%D8%B9%D8%A8%D8%AF%D8%A7%D9%84%D9%84%D9%87+%D8%A7%D9%84%D8%A3%D8%B3%D9%88%D8%AF%E2%80%AD/data=!4m7!3m6!1s0x161ce90068acaa47:0xf5d86a5a5c145df0!8m2!3d13.9620003!4d44.1803612!16s%2Fg%2F11y7cc38rg!19sChIJR6qsaADpHBYR8F0UXFpq2PU?authuser=0&hl=en&g_ep=EgoyMDI2MDkzMC4wIJJjKgBIAVAD&rclk=1,0x161ce90068acaa47:0xf5d86a5a5c145df0,العدين,مقاهي وكوفي,discovered,"['مقاهي وكوفي في العدين, إب, اليمن']"
,,,,,,,,,,https://www.google.com/maps/place/%D8%A7%D9%84%D9%85%D8%B0%D8%A7%D9%82+%D8%A7%D9%84%D9%85%D8%AE%D8%AA%D8%A7%D8%B1%E2%80%AD/data=!4m7!3m6!1s0x161ce9004eea020d:0xca160da3a14d35fc!8m2!3d13.9531746!4d44.1837618!16s%2Fg%2F11nqqfcbbc!19sChIJDQLqTgDpHBYR_DVNoaMNFso?authuser=0&hl=en&g_ep=EgoyMDI2MDkzMC4wIJJjKgBIAVAD&rclk=1,0x161ce9004eea020d:0xca160da3a14d35fc,العدين,مقاهي وكوفي,discovered,"['مقاهي وكوفي في العدين, إب, اليمن']"
,,,,,,,,,,https://www.google.com/maps/place/%D9%85%D8%B4%D8%B1%D9%88%D8%A8%D8%A7%D8%AA+%D8%A7%D9%84%D8%A8%D8%B3%D8%AA%D8%A7%D9%86%E2%80%AD/data=!4m7!3m6!1s0x161ce92a8340322f:0x95e509c6d207691d!8m2!3d13.9725275!4d44.1722374!16s%2Fg%2F11rkpps1c2!19sChIJLzJAgyrpHBYRHWkH0sYJ5ZU?authuser=0&hl=en&g_ep=EgoyMDI2MDkzMC4wIJJjKgBIAVAD&rclk=1,0x161ce92a8340322f:0x95e509c6d207691d,العدين,مقاهي وكوفي,discovered,"['مقاهي وكوفي في العدين, إب, اليمن']"
,,,,,,,,,,https://www.google.com/maps/place/%D9%85%D8%B2%D8%A7%D8%AC+%D9%83%D8%A7%D9%81%D9%8A%D9%87%E2%80%AD/data=!4m7!3m6!1s0x161ce90062860587:0xf5e2f0881e8e17c4!8m2!3d13.9570911!4d44.180509!16s%2Fg%2F11xgjkfcph!19sChIJhwWGYgDpHBYRxBeOHojw4vU?authuser=0&hl=en&g_ep=EgoyMDI2MDkzMC4wIJJjKgBIAVAD&rclk=1,0x161ce90062860587:0xf5e2f0881e8e17c4,العدين,مقاهي وكوفي,discovered,"['مقاهي وكوفي في العدين, إب, اليمن']"
,,,,,,,,,,https://www.google.com/maps/place/%D9%83%D9%81%D8%AA%D9%8A%D8%B1%D9%8A%D8%A7+%D9%88%D8%A7%D8%AD%D8%A9+%D8%A7%D9%84%D9%85%D8%B3%D8%A7%D9%81%D8%B1%E2%80%AD/data=!4m7!3m6!1s0x161cebd052bf8135:0x51b6226bbc99b9d0!8m2!3d13.9706215!4d44.1586298!16s%2Fg%2F11kqfnzz9z!19sChIJNYG_UtDrHBYR0LmZvGsitlE?authuser=0&hl=en&g_ep=EgoyMDI2MDkzMC4wIJJjKgBIAVAD&rclk=1,0x161cebd052bf8135:0x51b6226bbc99b9d0,العدين,مقاهي وكوفي,discovered,"['مقاهي وكوفي في العدين, إب, اليمن']"
,,,,,,,,,,https://www.google.com/maps/place/%D8%A7%D8%AD%D9%84%D8%A7%D9%87%D9%85%E2%80%AD/data=!4m7!3m6!1s0x161ceb670de197e9:0xe2b1618b3e25c27!8m2!3d13.9752788!4d44.1677472!16s%2Fg%2F11v3n2kn4d!19sChIJ6ZfhDWfrHBYRJ1zisxgWKw4?authuser=0&hl=en&g_ep=EgoyMDI2MDkzMC4wIJJjKgBIAVAD&rclk=1,0x161ceb670de197e9:0xe2b1618b3e25c27,العدين,مقاهي وكوفي,discovered,"['مقاهي وكوفي في العدين, إب, اليمن']"
,,,,,,,,,,https://www.google.com/maps/place/%D8%A7%D9%84%D8%B4%D8%A7%D9%85%D9%84+%D9%84%D9%84%D8%AF%D8%B9%D8%A7%D9%8A%D8%A9+%D9%88%D8%A7%D9%84%D8%A5%D8%B9%D9%84%D8%A7%D9%86%E2%80%AD/data=!4m7!3m6!1s0x161cebca6f92aa3d:0x27dbb1158e114a1a!8m2!3d13.9709952!4d44.158079!16s%2Fg%2F11pdfk9xk7!19sChIJPaqSb8rrHBYRGkoRjhWx2yc?authuser=0&hl=en&g_ep=EgoyMDI2MDkzMC4wIJJjKgBIAVAD&rclk=1,0x161cebca6f92aa3d:0x27dbb1158e114a1a,العدين,طباعة وتصميم,discovered,"['طباعة وتصميم في العدين, إب, اليمن']"
,,,,,,,,,,https://www.google.com/maps/place/%D9%84%D9%88%D9%83%D8%B3+%D8%A8%D8%B1%D9%86%D8%AA%E2%80%AD/data=!4m7!3m6!1s0x161cebb8ebdf9401:0xabb780b2ef8f7306!8m2!3d13.9787526!4d44.1574461!16s%2Fg%2F11xsxbvy38!19sChIJAZTf67jrHBYRBnOP77KAt6s?authuser=0&hl=en&g_ep=EgoyMDI2MDkzMC4wIJJjKgBIAVAD&rclk=1,0x161cebb8ebdf9401:0xabb780b2ef8f7306,العدين,طباعة وتصميم,discovered,"['طباعة وتصميم في العدين, إب, اليمن']"
,,,,,,,,,,https://www.google.com/maps/place/%D8%B9%D8%A7%D9%84%D9%85+%D8%A7%D9%84%D8%B7%D8%A8%D8%A7%D8%B9%D9%87%E2%80%AD/data=!4m7!3m6!1s0x161ce9b0cfe66d27:0x4194b4dc0ce7819f!8m2!3d13.9630555!4d44.1797777!16s%2Fg%2F11t85qtp42!19sChIJJ23mz7DpHBYRn4HnDNy0lEE?authuser=0&hl=en&g_ep=EgoyMDI2MDkzMC4wIJJjKgBIAVAD&rclk=1,0x161ce9b0cfe66d27:0x4194b4dc0ce7819f,العدين,طباعة وتصميم,discovered,"['طباعة وتصميم في العدين, إب, اليمن']"
,,,,,,,,,,https://www.google.com/maps/place/%D9%85%D8%AD%D9%85%D8%AF+%D8%B3%D8%B9%D9%8A%D8%AF+%D9%84%D9%84%D8%B7%D8%A8%D8%A7%D8%B9%D9%87+%D9%88%D8%A7%D9%84%D8%A7%D8%B9%D9%84%D8%A7%D9%86%E2%80%AD/data=!4m7!3m6!1s0x161ce97e01ce3161:0x8cd10f58f4c76986!8m2!3d13.9745915!4d44.1721502!16s%2Fg%2F11f15kb30d!19sChIJYTHOAX7pHBYRhmnH9FgP0Yw?authuser=0&hl=en&g_ep=EgoyMDI2MDkzMC4wIJJjKgBIAVAD&rclk=1,0x161ce97e01ce3161:0x8cd10f58f4c76986,العدين,طباعة وتصميم,discovered,"['طباعة وتصميم في العدين, إب, اليمن']"
,,,,,,,,,,https://www.google.com/maps/place/%D9%85%D8%B7%D8%A7%D8%A8%D8%B9+%D8%AF%D9%85%D8%B4%D9%82+%D9%84%D8%B7%D8%A8%D8%A7%D8%B9%D8%A9+%D8%A7%D9%84%D8%B1%D9%82%D9%85%D9%8A%D8%A9%E2%80%AD/data=!4m7!3m6!1s0x161ce9001c74e129:0x5737348122ac689e!8m2!3d13.9755983!4d44.1783382!16s%2Fg%2F11vyvf0cpv!19sChIJKeF0HADpHBYRnmisIoE0N1c?authuser=0&hl=en&g_ep=EgoyMDI2MDkzMC4wIJJjKgBIAVAD&rclk=1,0x161ce9001c74e129:0x5737348122ac689e,العدين,طباعة وتصميم,discovered,"['طباعة وتصميم في العدين, إب, اليمن']"
,,,,,,,,,,https://www.google.com/maps/place/%D8%A8%D9%83%D8%B3%D9%84+%D8%A2%D8%B1%D8%AA+Pixel+Art+%D9%84%D9%84%D8%AF%D8%B9%D8%A7%D9%8A%D8%A9+%D9%88%D8%A7%D9%84%D8%A7%D8%B9%D9%84%D8%A7%D9%86+%D9%88%D8%A7%D9%84%D9%86%D8%AD%D8%AA+%D8%A7%D9%84%D8%AE%D8%B4%D8%A8%D9%8A+%D8%A7%D9%84%D8%AE%D8%B4%D8%A8%D9%8A%E2%80%AD/data=!4m7!3m6!1s0x161ceb0b02e9bfbb:0xe8f82ab935b9a104!8m2!3d13.9730439!4d44.1516922!16s%2Fg%2F11n1xncpqw!19sChIJu7_pAgvrHBYRBKG5Nbkq-Og?authuser=0&hl=en&g_ep=EgoyMDI2MDkzMC4wIJJjKgBIAVAD&rclk=1,0x161ceb0b02e9bfbb:0xe8f82ab935b9a104,العدين,طباعة وتصميم,discovered,"['طباعة وتصميم في العدين, إب, اليمن']"
,,,,,,,,,,https://www.google.com/maps/place/Venice+Palace+furniture+and+furnishings/data=!4m7!3m6!1s0x161cebd84dcddded:0xcde590ac7044c7ea!8m2!3d13.9688141!4d44.1698974!16s%2Fg%2F11g8xk821s!19sChIJ7d3NTdjrHBYR6sdEcKyQ5c0?authuser=0&hl=en&g_ep=EgoyMDI2MDkzMC4wIJJjKgBIAVAD&rclk=1,0x161cebd84dcddded:0xcde590ac7044c7ea,جولة العدين,أثاث ومفروشات,discovered,"['أثاث ومفروشات في جولة العدين, إب, اليمن', 'أثاث ومفروشات في وسط مدينة إب, إب, اليمن']"
,,,,,,,,,,https://www.google.com/maps/place/%D8%A2%D9%8A+%D9%87%D9%88%D9%85+%D9%84%D9%84%D8%A3%D8%AB%D8%A7%D8%AB+%D9%88%D8%A7%D9%84%D9%85%D9%81%D8%B1%D9%88%D8%B4%D8%A7%D8%AA+%2F+iHome+furniture%E2%80%AD/data=!4m7!3m6!1s0x161ce9fdf3a18575:0x9b9e45c1b8dc4783!8m2!3d13.9690774!4d44.1825231!16s%2Fg%2F11fhsd_jzv!19sChIJdYWh8_3pHBYRg0fcuMFFnps?authuser=0&hl=en&g_ep=EgoyMDI2MDkzMC4wIJJjKgBIAVAD&rclk=1,0x161ce9fdf3a18575:0x9b9e45c1b8dc4783,جولة العدين,أثاث ومفروشات,discovered,"['أثاث ومفروشات في جولة العدين, إب, اليمن', 'أثاث ومفروشات في وسط مدينة إب, إب, اليمن']"
,,,,,,,,,,https://www.google.com/maps/place/%D8%A7%D9%84%D9%85%D8%B4%D8%B1%D9%82%D9%8A+%D9%84%D9%84%D8%A3%D8%AB%D8%A7%D8%AB+%D9%88%D8%A7%D9%84%D9%85%D9%81%D8%B1%D9%88%D8%B4%D8%A7%D8%AA%E2%80%AD/data=!4m7!3m6!1s0x161ceb196fbb7975:0x4f4a24a777a9499b!8m2!3d13.9725767!4d44.1645125!16s%2Fg%2F11j1kd5tvm!19sChIJdXm7bxnrHBYRm0mpd6ckSk8?authuser=0&hl=en&g_ep=EgoyMDI2MDkzMC4wIJJjKgBIAVAD&rclk=1,0x161ceb196fbb7975:0x4f4a24a777a9499b,جولة العدين,أثاث ومفروشات,discovered,"['أثاث ومفروشات في جولة العدين, إب, اليمن', 'أثاث ومفروشات في وسط مدينة إب, إب, اليمن']"
,,,,,,,,,,https://www.google.com/maps/place/%D8%B1%D8%A7%D8%AD%D8%AA%D9%83+%D9%84%D9%84%D8%A7%D8%AB%D8%A7%D8%AB+%D9%88%D8%A7%D9%84%D9%85%D9%81%D8%B1%D9%88%D8%B4%D8%A7%D8%AA%E2%80%AD/data=!4m7!3m6!1s0x161ceb2e3c62818b:0xe38bc0ab25d6c436!8m2!3d13.9723352!4d44.163758!16s%2Fg%2F11j97xd71k!19sChIJi4FiPC7rHBYRNsTWJavAi-M?authuser=0&hl=en&g_ep=EgoyMDI2MDkzMC4wIJJjKgBIAVAD&rclk=1,0x161ceb2e3c62818b:0xe38bc0ab25d6c436,جولة العدين,أثاث ومفروشات,discovered,"['أثاث ومفروشات في جولة العدين, إب, اليمن', 'أثاث ومفروشات في وسط مدينة إب, إب, اليمن']"
,,,,,,,,,,https://www.google.com/maps/place/%D8%A7%D9%84%D9%88%D9%84%D9%8A%D8%AF+%D9%84%D9%84%D8%AF%D9%8A%D9%83%D9%88%D8%B1%D8%A7%D8%AA+%D9%88%D8%A7%D9%84%D8%AA%D8%AC%D8%A7%D8%B1%D9%87+%28%D8%A7%D8%A8+%D8%A7%D9%84%D8%AC%D9%88%D9%84%D9%87%29%E2%80%AD/data=!4m7!3m6!1s0x161cebc569bc99af:0xdb4f89570effbd15!8m2!3d13.9716969!4d44.1612!16s%2Fg%2F12hnkwwpr!19sChIJr5m8acXrHBYRFb3_DleJT9s?authuser=0&hl=en&g_ep=EgoyMDI2MDkzMC4wIJJjKgBIAVAD&rclk=1,0x161cebc569bc99af:0xdb4f89570effbd15,جولة العدين,أثاث ومفروشات,discovered,"['أثاث ومفروشات في جولة العدين, إب, اليمن']"
,,,,,,,,,,https://www.google.com/maps/place/%D8%A7%D9%84%D8%AC%D8%A8%D8%A7%D9%86%D9%87+%D8%A7%D9%84%D8%B3%D9%81%D9%84%D9%89%E2%80%AD/data=!4m7!3m6!1s0x161ceb001b9c31c9:0xe4b77ed887f434d1!8m2!3d13.9720805!4d44.1625264!16s%2Fg%2F11vslnx6k0!19sChIJyTGcGwDrHBYR0TT0h9h-t-Q?authuser=0&hl=en&g_ep=EgoyMDI2MDkzMC4wIJJjKgBIAVAD&rclk=1,0x161ceb001b9c31c9:0xe4b77ed887f434d1,جولة العدين,أثاث ومفروشات,discovered,"['أثاث ومفروشات في جولة العدين, إب, اليمن']"
,,,,,,,,,,https://www.google.com/maps/place/%D8%A8%D9%8A%D8%B9+%D9%88%D8%B4%D8%B1%D8%A7%D8%A1+%D8%A7%D8%AB%D8%A7%D8%AB+%D9%85%D9%86%D8%B2%D9%84%D9%8A%D9%87%E2%80%AD/data=!4m7!3m6!1s0x161ceb7c8ed9781f:0xc9253e8009e1cda3!8m2!3d13.9720805!4d44.1625264!16s%2Fg%2F11sv9fmyq2!19sChIJH3jZjnzrHBYRo83hCYA-Jck?authuser=0&hl=en&g_ep=EgoyMDI2MDkzMC4wIJJjKgBIAVAD&rclk=1,0x161ceb7c8ed9781f:0xc9253e8009e1cda3,جولة العدين,أثاث ومفروشات,discovered,"['أثاث ومفروشات في جولة العدين, إب, اليمن']"
,,,,,,,,,,https://www.google.com/maps/place/%D8%AC%D9%88%D9%84%D8%A9+%D8%A7%D9%84%D8%B9%D8%AF%D9%8A%D9%86%E2%80%AD/data=!4m7!3m6!1s0x161cebc5a16fc571:0x55be1c2fd85d1c40!8m2!3d13.971819!4d44.1600584!16s%2Fg%2F11vwffp66_!19sChIJccVvocXrHBYRQBxd2C8cvlU?authuser=0&hl=en&g_ep=EgoyMDI2MDkzMC4wIJJjKgBIAVAD&rclk=1,0x161cebc5a16fc571:0x55be1c2fd85d1c40,جولة العدين,مواد غذائية وتمور ولحوم,discovered,"['مواد غذائية وتمور ولحوم في جولة العدين, إب, اليمن']"
,,,,,,,,,,https://www.google.com/maps/place/%D9%88%D8%B1%D8%B4%D8%A9+%D8%B8%D9%84%D8%B9+%D8%A7%D9%84%D9%88%D9%83%D8%A7%D9%84%D8%A9+%D9%85%D8%A7%D9%84%D9%83+%D8%A7%D9%84%D8%AE%D8%B7%D9%8A%D8%A8%E2%80%AD/data=!4m7!3m6!1s0x161ce900093e17e7:0xeeb8be5d66e9c4bc!8m2!3d13.959015!4d44.1783334!16s%2Fg%2F11wmpg8dxn!19sChIJ5xc-CQDpHBYRvMTpZl2-uO4?authuser=0&hl=en&g_ep=EgoyMDI2MDkzMC4wIJJjKgBIAVAD&rclk=1,0x161ce900093e17e7:0xeeb8be5d66e9c4bc,جولة العدين,صيانة سيارات وإطارات,discovered,"['صيانة سيارات وإطارات في جولة العدين, إب, اليمن', 'صيانة سيارات وإطارات في وسط مدينة إب, إب, اليمن']"
,,,,,,,,,,https://www.google.com/maps/place/%D9%85%D8%AC%D9%85%D8%B9+%D9%88%D9%85%D9%8A%D8%B2%D8%A7%D9%86+%D8%A7%D9%84%D9%88%D8%A7%D8%AF%D9%8A+%D8%A7%D9%84%D8%AD%D8%AF%D9%8A%D8%AB+%D9%84%D8%AE%D8%AF%D9%85%D8%A7%D8%AA+%D8%AC%D9%85%D9%8A%D8%B9+%D8%A7%D9%86%D9%88%D8%B9+%D8%A7%D9%84%D8%B3%D9%8A%D8%A7%D8%B1%D8%AA%E2%80%AD/data=!4m7!3m6!1s0x161cf5562caecc37:0x97803808621ab7a7!8m2!3d13.7694081!4d44.1253356!16s%2Fg%2F11ny0vfkmc!19sChIJN8yuLFb1HBYRp7caYgg4gJc?authuser=0&hl=en&g_ep=EgoyMDI2MDkzMC4wIJJjKgBIAVAD&rclk=1,0x161cf5562caecc37:0x97803808621ab7a7,جولة العدين,صيانة سيارات وإطارات,discovered,"['صيانة سيارات وإطارات في جولة العدين, إب, اليمن']"
,,,,,,,,,,https://www.google.com/maps/place/%D8%A8%D9%86%D8%B4%D8%B1+%D8%B9%D8%AF%D9%86%D8%A7%D9%86+%D9%84%D8%AA%D8%BA%D9%8A%D9%8A%D8%B1+%D8%A7%D9%84%D8%B2%D9%8A%D9%88%D8%AA+%D9%88%D8%A7%D9%84%D8%A5%D8%B7%D8%A7%D8%B1%D8%A7%D8%AA+%D9%88%D8%A7%D9%84%D8%B4%D8%AD%D9%85%E2%80%AD/data=!4m7!3m6!1s0x161cefe28bba5547:0xc6b1a2b03cf1640d!8m2!3d13.9335362!4d44.1781183!16s%2Fg%2F11j2c96m19!19sChIJR1W6i-LvHBYRDWTxPLCiscY?authuser=0&hl=en&g_ep=EgoyMDI2MDkzMC4wIJJjKgBIAVAD&rclk=1,0x161cefe28bba5547:0xc6b1a2b03cf1640d,جولة العدين,صيانة سيارات وإطارات,discovered,"['صيانة سيارات وإطارات في جولة العدين, إب, اليمن', 'صيانة سيارات وإطارات في وسط مدينة إب, إب, اليمن']"
,,,,,,,,,,https://www.google.com/maps/place/%D8%B5%D9%8A%D8%AF%D9%84%D9%8A%D8%A7%D8%AA+%D8%A7%D9%84%D9%88%D8%B1%D8%AF%E2%80%AD/data=!4m7!3m6!1s0x161c8500444756df:0xb6ac29372e2de7a3!8m2!3d13.8760813!4d43.9063088!16s%2Fg%2F11zc1r01vw!19sChIJ31ZHRACFHBYRo-ctLjcprLY?authuser=0&hl=en&g_ep=EgoyMDI2MDkzMC4wIJJjKgBIAVAD&rclk=1,0x161c8500444756df:0xb6ac29372e2de7a3,العدين الاسفل,صيدليات,discovered,"['صيدليات في العدين الاسفل, إب, اليمن', 'صيدليات في العدين, إب, اليمن']"
,,,,,,,,,,https://www.google.com/maps/place/%D8%B5%D9%8A%D8%AF%D9%84%D9%8A%D8%A9%E2%80%AD/data=!4m7!3m6!1s0x161c93bafa83e89b:0xb47ad4e3d06b237e!8m2!3d13.9621679!4d44.0303181!16s%2Fg%2F11fd4yjd_b!19sChIJm-iD-rqTHBYRfiNr0OPUerQ?authuser=0&hl=en&g_ep=EgoyMDI2MDkzMC4wIJJjKgBIAVAD&rclk=1,0x161c93bafa83e89b:0xb47ad4e3d06b237e,العدين الاسفل,صيدليات,discovered,"['صيدليات في العدين الاسفل, إب, اليمن', 'صيدليات في العدين, إب, اليمن']"
,,,,,,,,,,https://www.google.com/maps/place/%D8%B5%D9%8A%D8%AF%D9%84%D9%8A%D9%87+%D8%A7%D9%84%D8%AD%D9%86%D8%A7%D9%86+%D9%84%D9%84%D8%A7%D8%AF%D9%88%D9%8A%D9%87%E2%80%AD/data=!4m7!3m6!1s0x161c91d8bc35ae97:0x460a9c82f7d2a567!8m2!3d13.9687045!4d44.0009579!16s%2Fg%2F11ll5x9nmn!19sChIJl641vNiRHBYRZ6XS94KcCkY?authuser=0&hl=en&g_ep=EgoyMDI2MDkzMC4wIJJjKgBIAVAD&rclk=1,0x161c91d8bc35ae97:0x460a9c82f7d2a567,العدين الاسفل,صيدليات,discovered,"['صيدليات في العدين الاسفل, إب, اليمن', 'صيدليات في العدين, إب, اليمن']"
,,,,,,,,,,https://www.google.com/maps/place/%D8%B5%D9%8A%D8%AF%D9%84%D9%8A%D8%A9+%D8%A7%D9%84%D8%B1%D8%B4%D8%A7%D8%AF%E2%80%AD/data=!4m7!3m6!1s0x161c86c5b8e8ab99:0x281cec96ad35c58e!8m2!3d13.8412525!4d43.8785212!16s%2Fg%2F11dfq2fn7k!19sChIJmavouMWGHBYRjsU1rZbsHCg?authuser=0&hl=en&g_ep=EgoyMDI2MDkzMC4wIJJjKgBIAVAD&rclk=1,0x161c86c5b8e8ab99:0x281cec96ad35c58e,العدين الاسفل,صيدليات,discovered,"['صيدليات في العدين الاسفل, إب, اليمن', 'صيدليات في العدين, إب, اليمن']"
,,,,,,,,,,https://www.google.com/maps/place/%D8%B5%D9%8A%D8%AF%D9%84%D9%8A%D8%A9+%D8%A7%D9%84%D9%88%D9%83%D8%A7%D9%84%D8%A9%E2%80%AD/data=!4m7!3m6!1s0x161c913a2fca0c0b:0x38825c4175ca8743!8m2!3d13.9693201!4d43.9911511!16s%2Fg%2F11h4kwqbc1!19sChIJCwzKLzqRHBYRQ4fKdUFcgjg?authuser=0&hl=en&g_ep=EgoyMDI2MDkzMC4wIJJjKgBIAVAD&rclk=1,0x161c913a2fca0c0b:0x38825c4175ca8743,العدين الاسفل,صيدليات,discovered,"['صيدليات في العدين الاسفل, إب, اليمن', 'صيدليات في العدين, إب, اليمن']"
,,,,,,,,,,https://www.google.com/maps/place/%D8%B5%D9%8A%D8%AF%D9%84%D9%8A%D8%A9+%D8%A7%D9%84%D8%B4%D9%81%D8%A7%D8%A1_%D8%A7%D8%AD%D9%85%D8%AF+%D9%87%D8%B2%D8%A7%D8%B9%E2%80%AD/data=!4m7!3m6!1s0x161c9197ed8b49b3:0xc19349ffe0321941!8m2!3d13.9656653!4d44.0083018!16s%2Fg%2F11jh8y72s_!19sChIJs0mL7ZeRHBYRQRky4P9Jk8E?authuser=0&hl=en&g_ep=EgoyMDI2MDkzMC4wIJJjKgBIAVAD&rclk=1,0x161c9197ed8b49b3:0xc19349ffe0321941,العدين الاسفل,صيدليات,discovered,"['صيدليات في العدين الاسفل, إب, اليمن', 'صيدليات في العدين, إب, اليمن']"
,,,,,,,,,,https://www.google.com/maps/place/%D8%B5%D9%8A%D8%AF%D9%84%D9%8A%D9%87+%D8%A7%D8%B4%D8%B1%D9%81+%D8%B4%D8%B1%D9%81%E2%80%AD/data=!4m7!3m6!1s0x161ced006a4dd929:0xb3793cf3f864a6dc!8m2!3d13.9092836!4d44.1149937!16s%2Fg%2F11ywp0q3yw!19sChIJKdlNagDtHBYR3KZk-PM8ebM?authuser=0&hl=en&g_ep=EgoyMDI2MDkzMC4wIJJjKgBIAVAD&rclk=1,0x161ced006a4dd929:0xb3793cf3f864a6dc,العدين الاسفل,صيدليات,discovered,"['صيدليات في العدين الاسفل, إب, اليمن', 'صيدليات في العدين, إب, اليمن']"
,,,,,,,,,,https://www.google.com/maps/place/%D8%B5%D9%8A%D8%AF%D9%84%D9%8A%D8%A9+%D8%A7%D9%84%D8%B2%D9%87%D8%B1%D8%A7%D8%A1%E2%80%AD/data=!4m7!3m6!1s0x161c97f02106a69b:0x1d11a997d17ca75b!8m2!3d14.0290046!4d44.000168!16s%2Fg%2F11l350zxn4!19sChIJm6YGIfCXHBYRW6d80ZepER0?authuser=0&hl=en&g_ep=EgoyMDI2MDkzMC4wIJJjKgBIAVAD&rclk=1,0x161c97f02106a69b:0x1d11a997d17ca75b,العدين الاسفل,صيدليات,discovered,"['صيدليات في العدين الاسفل, إب, اليمن', 'صيدليات في العدين, إب, اليمن']"
,,,,,,,,,,https://www.google.com/maps/place/%D8%A7%D9%84%D8%B7%D8%B1%D9%8A%D9%82+%D8%A5%D9%84%D9%89+%D8%B5%D9%8A%D8%AF%D9%84%D9%8A%D8%A9+%D8%A7%D9%84%D8%B4%D8%AC%D8%A7%D8%B9%E2%80%AD/data=!4m7!3m6!1s0x161c96fd2d5c2b2d:0xcd37de3a7ece53f3!8m2!3d14.002128!4d43.9698832!16s%2Fg%2F11f10fz_sr!19sChIJLStcLf2WHBYR81POfjreN80?authuser=0&hl=en&g_ep=EgoyMDI2MDkzMC4wIJJjKgBIAVAD&rclk=1,0x161c96fd2d5c2b2d:0xcd37de3a7ece53f3,العدين الاسفل,صيدليات,discovered,"['صيدليات في العدين الاسفل, إب, اليمن', 'صيدليات في العدين, إب, اليمن']"
,,,,,,,,,,https://www.google.com/maps/place/%D8%B5%D9%8A%D8%AF%D9%84%D9%8A%D8%A9+%D8%A7%D9%84%D9%87%D9%8A%D8%AB%D9%85%E2%80%AD/data=!4m7!3m6!1s0x161ced0064d80a27:0x3fd32453f93c9ab0!8m2!3d13.9355658!4d44.1130245!16s%2Fg%2F11w80xpc4w!19sChIJJwrYZADtHBYRsJo8-VMk0z8?authuser=0&hl=en&g_ep=EgoyMDI2MDkzMC4wIJJjKgBIAVAD&rclk=1,0x161ced0064d80a27:0x3fd32453f93c9ab0,العدين الاسفل,صيدليات,discovered,"['صيدليات في العدين الاسفل, إب, اليمن', 'صيدليات في العدين, إب, اليمن']"
,,,,,,,,,,https://www.google.com/maps/place/%D8%B5%D9%8A%D8%AF%D9%84%D9%8A%D8%A9+%D8%A3%D8%A8%D9%88%D8%B2%D9%8A%D8%AF%E2%80%AD/data=!4m7!3m6!1s0x161c93007f528c09:0x8f263e627898495f!8m2!3d13.9586028!4d44.0866093!16s%2Fg%2F11xmxdb42x!19sChIJCYxSfwCTHBYRX0mYeGI-Jo8?authuser=0&hl=en&g_ep=EgoyMDI2MDkzMC4wIJJjKgBIAVAD&rclk=1,0x161c93007f528c09:0x8f263e627898495f,العدين الاسفل,صيدليات,discovered,"['صيدليات في العدين الاسفل, إب, اليمن', 'صيدليات في العدين, إب, اليمن']"
,,,,,,,,,,https://www.google.com/maps/place/%D8%A7%D9%84%D8%A3%D9%85%D9%8A%D9%86+%D9%84%D9%84%D8%A3%D8%AF%D9%88%D9%8A%D8%A9+%D9%88%D8%A7%D9%84%D9%85%D8%B3%D8%AA%D9%84%D8%B2%D9%85%D8%A7%D8%AA+%D8%A7%D9%84%D8%B7%D8%A8%D9%8A%D8%A9+%D9%88%D9%85%D8%B3%D8%AA%D9%84%D8%B2%D9%85%D8%A7%D8%AA+%D8%A3%D8%B7%D9%81%D8%A7%D9%84+%D9%88%D9%85%D9%88%D8%A7%D8%AF+%D8%A7%D9%84%D8%AA%D8%AC%D9%85%D9%8A%D9%84%E2%80%AD/data=!4m7!3m6!1s0x161c9100348df84f:0x2ee1e3277dacfe7b!8m2!3d13.9683905!4d44.0017064!16s%2Fg%2F11vtb9j40m!19sChIJT_iNNACRHBYRe_6sfSfj4S4?authuser=0&hl=en&g_ep=EgoyMDI2MDkzMC4wIJJjKgBIAVAD&rclk=1,0x161c9100348df84f:0x2ee1e3277dacfe7b,العدين الاسفل,صيدليات,discovered,"['صيدليات في العدين الاسفل, إب, اليمن', 'صيدليات في العدين, إب, اليمن']"
,,,,,,,,,,https://www.google.com/maps/place/%D8%B5%D9%8A%D8%AF%D9%84%D9%8A%D8%A9+%D8%A7%D8%A8%D9%86+%D8%AD%D9%8A%D8%A7%D9%86%E2%80%AD/data=!4m7!3m6!1s0x161c9335e7ff499b:0x4aae06bf986981df!8m2!3d13.9622746!4d44.0312632!16s%2Fg%2F11h79vv3lr!19sChIJm0n_5zWTHBYR34FpmL8Grko?authuser=0&hl=en&g_ep=EgoyMDI2MDkzMC4wIJJjKgBIAVAD&rclk=1,0x161c9335e7ff499b:0x4aae06bf986981df,العدين الاسفل,صيدليات,discovered,"['صيدليات في العدين الاسفل, إب, اليمن', 'صيدليات في العدين, إب, اليمن']"
,,,,,,,,,,https://www.google.com/maps/place/%D8%B5%D9%8A%D8%AF%D9%84%D9%8A%D8%A9+%D8%A7%D9%84%D8%AD%D9%83%D9%8A%D9%85%E2%80%AD/data=!4m7!3m6!1s0x161c936790dbcaa1:0x715afdb5b54e7cd1!8m2!3d13.9644996!4d44.0474649!16s%2Fg%2F11g__4mgv7!19sChIJocrbkGeTHBYR0XxOtbX9WnE?authuser=0&hl=en&g_ep=EgoyMDI2MDkzMC4wIJJjKgBIAVAD&rclk=1,0x161c936790dbcaa1:0x715afdb5b54e7cd1,العدين الاسفل,صيدليات,discovered,"['صيدليات في العدين الاسفل, إب, اليمن', 'صيدليات في العدين, إب, اليمن']"
,,,,,,,,,,https://www.google.com/maps/place/%D8%B5%D9%8A%D8%AF%D9%84%D9%8A%D8%A9+%D9%85%D8%B1%D9%88%D9%87+%D8%A7%D9%84%D8%B7%D8%A8%D9%8A%D9%87%E2%80%AD/data=!4m7!3m6!1s0x161c85b050d575f7:0x710452d96a1a52f!8m2!3d13.9211383!4d43.9217765!16s%2Fg%2F11qmr3kt0x!19sChIJ93XVULCFHBYRL6Whli1FEAc?authuser=0&hl=en&g_ep=EgoyMDI2MDkzMC4wIJJjKgBIAVAD&rclk=1,0x161c85b050d575f7:0x710452d96a1a52f,العدين الاسفل,صيدليات,discovered,"['صيدليات في العدين الاسفل, إب, اليمن', 'صيدليات في العدين, إب, اليمن']"
,,,,,,,,,,https://www.google.com/maps/place/%D8%B5%D9%8A%D8%AF%D9%84%D9%8A%D8%A9+%D8%A7%D9%84%D8%AC%D9%85%D8%B9%D8%A9%E2%80%AD/data=!4m7!3m6!1s0x161c87d93d925cf7:0xa1c4c1ab7a0d42a1!8m2!3d13.8297559!4d43.8990025!16s%2Fg%2F11fn71x3fx!19sChIJ91ySPdmHHBYRoUINeqvBxKE?authuser=0&hl=en&g_ep=EgoyMDI2MDkzMC4wIJJjKgBIAVAD&rclk=1,0x161c87d93d925cf7:0xa1c4c1ab7a0d42a1,العدين الاسفل,صيدليات,discovered,"['صيدليات في العدين الاسفل, إب, اليمن', 'صيدليات في العدين, إب, اليمن']"
,,,,,,,,,,https://www.google.com/maps/place/%D8%B5%D9%8A%D8%AF%D9%84%D9%8A%D8%A9+%D8%A7%D9%84%D9%81%D8%A4%D8%A7%D8%AF+%D8%A7%D9%84%D8%B7%D8%A8%D9%8A%D8%A9+%D9%82%D8%B1%D9%8A%D8%A9+%D8%A7%D9%84%D8%AC%D9%81%D8%A7%D8%A1%E2%80%AD/data=!4m7!3m6!1s0x161cbf1eeb49c7a5:0x76bec68b24c33327!8m2!3d14.0633293!4d44.0769318!16s%2Fg%2F11fmz9pl1g!19sChIJpcdJ6x6_HBYRJzPDJIvGvnY?authuser=0&hl=en&g_ep=EgoyMDI2MDkzMC4wIJJjKgBIAVAD&rclk=1,0x161cbf1eeb49c7a5:0x76bec68b24c33327,العدين الاسفل,صيدليات,discovered,"['صيدليات في العدين الاسفل, إب, اليمن', 'صيدليات في العدين, إب, اليمن']"
,,,,,,,,,,https://www.google.com/maps/place/%D8%B5%D9%8A%D8%AF%D9%84%D9%8A%D8%A9+%D8%B0%D9%8A+%D9%8A%D8%B2%D9%86+%D8%A7%D9%84%D9%83%D8%A7%D9%85%D9%84%E2%80%AD/data=!4m7!3m6!1s0x161c917e8c4d43f9:0xf2345c5b6cb10690!8m2!3d13.9654941!4d44.008272!16s%2Fg%2F11vb6cqwhd!19sChIJ-UNNjH6RHBYRkAaxbFtcNPI?authuser=0&hl=en&g_ep=EgoyMDI2MDkzMC4wIJJjKgBIAVAD&rclk=1,0x161c917e8c4d43f9:0xf2345c5b6cb10690,العدين الاسفل,صيدليات,discovered,"['صيدليات في العدين الاسفل, إب, اليمن', 'صيدليات في العدين, إب, اليمن']"
,,,,,,,,,,https://www.google.com/maps/place/%D8%B5%D9%8A%D8%AF%D9%84%D9%8A%D8%A9+%D8%A7%D9%84%D8%AF%D9%83%D8%AA%D9%88%D8%B1+%D8%B9%D8%A8%D8%AF%D8%A7%D9%84%D8%AD%D9%85%D9%8A%D8%AF+%D8%A7%D9%84%D8%AD%D9%85%D9%8A%D8%AF%D9%8A%E2%80%AD/data=!4m7!3m6!1s0x161c859ead21379f:0x1ec7359f2f2454e3!8m2!3d13.8873056!4d43.9156956!16s%2Fg%2F11h806s401!19sChIJnzchrZ6FHBYR41QkL581xx4?authuser=0&hl=en&g_ep=EgoyMDI2MDkzMC4wIJJjKgBIAVAD&rclk=1,0x161c859ead21379f:0x1ec7359f2f2454e3,العدين الاسفل,صيدليات,discovered,"['صيدليات في العدين الاسفل, إب, اليمن', 'صيدليات في العدين, إب, اليمن']"
,,,,,,,,,,https://www.google.com/maps/place/%D8%B5%D9%8A%D8%AF%D9%84%D9%8A%D8%A9+%D8%B3%D9%84%D8%A7%D9%85%D8%AA%D9%83+%D9%84%D9%84%D8%A7%D8%AF%D9%88%D9%8A%D9%87%E2%80%AD/data=!4m7!3m6!1s0x161c913a697145d7:0x5e64418070dc2bbb!8m2!3d13.9680642!4d44.0036697!16s%2Fg%2F11fjz70ns2!19sChIJ10VxaTqRHBYRuyvccIBBZF4?authuser=0&hl=en&g_ep=EgoyMDI2MDkzMC4wIJJjKgBIAVAD&rclk=1,0x161c913a697145d7:0x5e64418070dc2bbb,العدين الاسفل,صيدليات,discovered,"['صيدليات في العدين الاسفل, إب, اليمن', 'صيدليات في العدين, إب, اليمن']"
,,,,,,,,,,https://www.google.com/maps/place/%D8%B5%D9%8A%D8%AF%D9%84%D9%8A%D9%87+%D9%8A%D8%B2%D9%86%E2%80%AD/data=!4m7!3m6!1s0x161ce90033079ff9:0xea277e2476915be9!8m2!3d13.9526291!4d44.1839456!16s%2Fg%2F11ykpt9pb1!19sChIJ-Z8HMwDpHBYR6VuRdiR-J-o?authuser=0&hl=en&g_ep=EgoyMDI2MDkzMC4wIJJjKgBIAVAD&rclk=1,0x161ce90033079ff9:0xea277e2476915be9,العدين الاسفل,صيدليات,discovered,"['صيدليات في العدين الاسفل, إب, اليمن', 'صيدليات في العدين, إب, اليمن']"
,,,,,,,,,,https://www.google.com/maps/place/%D9%88%D9%83%D8%A7%D9%84%D8%A9+%D8%B9%D8%A8%D8%AF%D8%A7%D9%84%D9%84%D9%87+%D8%B9%D8%A8%D8%AF%D8%A7%D9%84%D8%AC%D8%A8%D8%A7%D8%B1+%D9%84%D9%84%D8%A7%D8%AF%D9%88%D9%8A%D9%87+%28+%D8%A7%D9%84%D9%85%D8%AB%D9%86%D9%89+%D9%84%D9%84%D8%A7%D8%AF%D9%88%D9%8A%D9%87+%29+%D8%AC%D9%85%D9%84%D8%A9+%D9%88%D8%AA%D8%AC%D8%B2%D8%A6%D8%A9%E2%80%AD/data=!4m7!3m6!1s0x161c91bc05c00007:0x5900e260ae9527b8!8m2!3d13.9696269!4d43.9968501!16s%2Fg%2F11lgm670q1!19sChIJBwDABbyRHBYRuCeVrmDiAFk?authuser=0&hl=en&g_ep=EgoyMDI2MDkzMC4wIJJjKgBIAVAD&rclk=1,0x161c91bc05c00007:0x5900e260ae9527b8,العدين الاسفل,صيدليات,discovered,"['صيدليات في العدين الاسفل, إب, اليمن', 'صيدليات في العدين, إب, اليمن']"
,,,,,,,,,,https://www.google.com/maps/place/%D8%B5%D9%8A%D8%AF%D9%84%D9%8A%D9%87+%D8%A7%D9%84%D8%AA%D8%B9%D8%A7%D9%81%D9%8A+Altaafy+Pharmacy%E2%80%AD/data=!4m7!3m6!1s0x161ceb005e8abadf:0xc549b41ffa7aae7d!8m2!3d13.9551232!4d44.1676448!16s%2Fg%2F11vwkpmrj9!19sChIJ37qKXgDrHBYRfa56-h-0ScU?authuser=0&hl=en&g_ep=EgoyMDI2MDkzMC4wIJJjKgBIAVAD&rclk=1,0x161ceb005e8abadf:0xc549b41ffa7aae7d,العدين الاسفل,صيدليات,discovered,"['صيدليات في العدين الاسفل, إب, اليمن', 'صيدليات في العدين, إب, اليمن']"
,,,,,,,,,,https://www.google.com/maps/place/%D8%B5%D9%8A%D8%AF%D9%84%D9%8A%D9%87+%D8%AF%2F+%D8%A3%D8%B3%D8%A7%D9%85%D9%87+%D8%A7%D9%84%D8%A8%D8%B9%D8%AF%D8%A7%D9%86%D9%8A%E2%80%AD/data=!4m7!3m6!1s0x161ce9c7893375a9:0xdeec27c1581c7048!8m2!3d13.9655995!4d44.1784989!16s%2Fg%2F11tfpmpcb2!19sChIJqXUzicfpHBYRSHAcWMEn7N4?authuser=0&hl=en&g_ep=EgoyMDI2MDkzMC4wIJJjKgBIAVAD&rclk=1,0x161ce9c7893375a9:0xdeec27c1581c7048,العدين الاسفل,صيدليات,discovered,"['صيدليات في العدين الاسفل, إب, اليمن', 'صيدليات في العدين, إب, اليمن']"
,,,,,,,,,,https://www.google.com/maps/place/%D9%85%D8%AE%D8%A7%D8%B2%D9%86+%D8%A7%D9%84%D8%B1%D9%81%D8%A7%D8%B9%D9%8A+%D9%84%D9%84%D8%A3%D8%AF%D9%88%D9%8A%D8%A9%E2%80%AD/data=!4m7!3m6!1s0x161c91814aab4787:0x6e04a26d50ebf892!8m2!3d13.9686199!4d44.0002371!16s%2Fg%2F11fqq0wbpt!19sChIJh0erSoGRHBYRkvjrUG2iBG4?authuser=0&hl=en&g_ep=EgoyMDI2MDkzMC4wIJJjKgBIAVAD&rclk=1,0x161c91814aab4787:0x6e04a26d50ebf892,العدين الاسفل,صيدليات,discovered,"['صيدليات في العدين الاسفل, إب, اليمن', 'صيدليات في العدين, إب, اليمن']"
,,,,,,,,,,https://www.google.com/maps/place/%D8%B5%D9%8A%D8%AF%D9%84%D9%8A%D9%87+%D8%B5%D9%84%D8%A7%D8%AD+%D8%A7%D9%84%D8%AF%D9%8A%D9%86%E2%80%AD/data=!4m7!3m6!1s0x161ce98fab004ea5:0x9a9f9718fcd475d1!8m2!3d13.9760807!4d44.1792649!16s%2Fg%2F11g2zv5v7l!19sChIJpU4Aq4_pHBYR0XXU_BiXn5o?authuser=0&hl=en&g_ep=EgoyMDI2MDkzMC4wIJJjKgBIAVAD&rclk=1,0x161ce98fab004ea5:0x9a9f9718fcd475d1,العدين الاسفل,صيدليات,discovered,"['صيدليات في العدين الاسفل, إب, اليمن', 'صيدليات في العدين, إب, اليمن']"
,,,,,,,,,,https://www.google.com/maps/place/%D8%A7%D9%84%D8%B5%D9%8A%D8%AF%D9%84%D9%8A%D9%87+%D8%A7%D9%84%D8%AF%D9%88%D8%A7%D8%A6%D9%8A%D9%87%E2%80%AD/data=!4m7!3m6!1s0x161ce97a2b1629e3:0x4620645798cf26b0!8m2!3d13.9601369!4d44.1807699!16s%2Fg%2F11hzlzq2z5!19sChIJ4ykWK3rpHBYRsCbPmFdkIEY?authuser=0&hl=en&g_ep=EgoyMDI2MDkzMC4wIJJjKgBIAVAD&rclk=1,0x161ce97a2b1629e3:0x4620645798cf26b0,العدين الاسفل,صيدليات,discovered,"['صيدليات في العدين الاسفل, إب, اليمن', 'صيدليات في العدين, إب, اليمن']"
,,,,,,,,,,https://www.google.com/maps/place/%D8%B5%D9%8A%D8%AF%D9%84%D9%8A%D8%A9+%D8%A3%D8%AD%D9%85%D8%AF+%D8%A3%D9%85%D9%8A%D9%86%E2%80%AD/data=!4m7!3m6!1s0x161c93006311c73b:0xe59e9ff8e5e4ae92!8m2!3d13.925609!4d44.0833524!16s%2Fg%2F11y5smfkvg!19sChIJO8cRYwCTHBYRkq7k5fifnuU?authuser=0&hl=en&g_ep=EgoyMDI2MDkzMC4wIJJjKgBIAVAD&rclk=1,0x161c93006311c73b:0xe59e9ff8e5e4ae92,العدين الاسفل,صيدليات,discovered,"['صيدليات في العدين الاسفل, إب, اليمن', 'صيدليات في العدين, إب, اليمن']"
,,,,,,,,,,https://www.google.com/maps/place/%D8%B5%D9%8A%D8%AF%D9%84%D9%8A%D8%A9+%D8%AF%D9%88%D8%A7%D8%A4%D9%86%D8%A7+%D8%AD%D9%8A%D8%A7%D8%A9+%D8%A7%D9%84%D9%85%D8%B1%D9%83%D8%B2%D9%8A%D8%A9%E2%80%AD/data=!4m7!3m6!1s0x161ceb006da1944f:0x291f1e09999b158d!8m2!3d13.9716181!4d44.1495211!16s%2Fg%2F11w1x536k3!19sChIJT5ShbQDrHBYRjRWbmQkeHyk?authuser=0&hl=en&g_ep=EgoyMDI2MDkzMC4wIJJjKgBIAVAD&rclk=1,0x161ceb006da1944f:0x291f1e09999b158d,العدين الاسفل,صيدليات,discovered,"['صيدليات في العدين الاسفل, إب, اليمن', 'صيدليات في العدين, إب, اليمن']"
,,,,,,,,,,https://www.google.com/maps/place/%D8%B5%D9%8A%D8%AF%D9%84%D9%8A%D8%A9+%D8%B1%D8%A8%D9%8A%D8%B9+%D8%A7%D9%84%D8%AF%D9%88%D8%A7%D8%A1%E2%80%AD/data=!4m7!3m6!1s0x161ce900162acba5:0xccbf4896c8042c8d!8m2!3d13.974863!4d44.1784244!16s%2Fg%2F11vwd9prv6!19sChIJpcsqFgDpHBYRjSwEyJZIv8w?authuser=0&hl=en&g_ep=EgoyMDI2MDkzMC4wIJJjKgBIAVAD&rclk=1,0x161ce900162acba5:0xccbf4896c8042c8d,العدين الاسفل,صيدليات,discovered,"['صيدليات في العدين الاسفل, إب, اليمن']"
,,,,,,,,,,https://www.google.com/maps/place/%D8%B5%D9%8A%D8%AF%D9%84%D9%8A%D8%A9+%D8%B7%D8%A8%D9%8A%D8%A8%D9%83+%D9%81%D8%A7%D8%B1%D9%85%D8%A7%E2%80%AD/data=!4m7!3m6!1s0x161ce90020494f99:0xf56b782a277f3896!8m2!3d13.945806!4d44.176144!16s%2Fg%2F11vpmy501r!19sChIJmU9JIADpHBYRljh_Jyp4a_U?authuser=0&hl=en&g_ep=EgoyMDI2MDkzMC4wIJJjKgBIAVAD&rclk=1,0x161ce90020494f99:0xf56b782a277f3896,العدين الاسفل,صيدليات,discovered,"['صيدليات في العدين الاسفل, إب, اليمن', 'صيدليات في العدين, إب, اليمن']"
,,,,,,,,,,https://www.google.com/maps/place/%D8%B5%D9%8A%D8%AF%D9%84%D9%8A%D8%A9+%D8%A7%D9%84%D8%AD%D8%B3%D8%A7%D9%85%E2%80%AD/data=!4m7!3m6!1s0x161ceb67a9bc9ec3:0xf94225fbcbdaaa8f!8m2!3d13.9738919!4d44.1680179!16s%2Fg%2F11y1vklq4r!19sChIJw568qWfrHBYRj6ray_slQvk?authuser=0&hl=en&g_ep=EgoyMDI2MDkzMC4wIJJjKgBIAVAD&rclk=1,0x161ceb67a9bc9ec3:0xf94225fbcbdaaa8f,العدين الاسفل,صيدليات,discovered,"['صيدليات في العدين الاسفل, إب, اليمن', 'صيدليات في العدين, إب, اليمن']"
,,,,,,,,,,https://www.google.com/maps/place/%D8%B5%D9%8A%D8%AF%D9%84%D9%8A%D8%A9+%D8%A7%D9%84%D8%B2%D8%A8%D9%8A%D8%B1%D9%8A%E2%80%AD/data=!4m7!3m6!1s0x161ce9007b239273:0xebc672310d49e77c!8m2!3d13.9599487!4d44.1809267!16s%2Fg%2F11vpgtf1bv!19sChIJc5IjewDpHBYRfOdJDTFyxus?authuser=0&hl=en&g_ep=EgoyMDI2MDkzMC4wIJJjKgBIAVAD&rclk=1,0x161ce9007b239273:0xebc672310d49e77c,العدين الاسفل,صيدليات,discovered,"['صيدليات في العدين الاسفل, إب, اليمن']"
,,,,,,,,,,https://www.google.com/maps/place/%D8%B5%D9%8A%D8%AF%D9%84%D9%8A%D8%A9+%D8%A7%D9%84%D8%B1%D8%AD%D9%85%D8%A9%E2%80%AD/data=!4m7!3m6!1s0x161c9700122ca623:0xe334b5e719125f4!8m2!3d14.0294509!4d43.9977249!16s%2Fg%2F11vx6cf3xx!19sChIJI6YsEgCXHBYR9CWRcV5LMw4?authuser=0&hl=en&g_ep=EgoyMDI2MDkzMC4wIJJjKgBIAVAD&rclk=1,0x161c9700122ca623:0xe334b5e719125f4,العدين الاسفل,صيدليات,discovered,"['صيدليات في العدين الاسفل, إب, اليمن']"
,,,,,,,,,,https://www.google.com/maps/place/%D8%B5%D9%8A%D8%AF%D9%84%D9%8A%D8%A9+%D8%BA%D9%8A%D8%AB+%D9%84%D9%84%D8%A3%D8%AF%D9%88%D9%8A%D9%87+%D9%88%D8%A7%D9%84%D9%85%D8%B3%D8%AA%D9%84%D8%B2%D9%85%D8%A7%D8%AA+%D8%A7%D9%84%D8%B7%D8%A8%D9%8A%D8%A9%E2%80%AD/data=!4m7!3m6!1s0x161ce93e71a1e9a9:0xce7932f774da4eda!8m2!3d13.9750193!4d44.1720919!16s%2Fg%2F11fqkxbg5m!19sChIJqemhcT7pHBYR2k7adPcyec4?authuser=0&hl=en&g_ep=EgoyMDI2MDkzMC4wIJJjKgBIAVAD&rclk=1,0x161ce93e71a1e9a9:0xce7932f774da4eda,العدين الاسفل,صيدليات,discovered,"['صيدليات في العدين الاسفل, إب, اليمن']"
,,,,,,,,,,https://www.google.com/maps/place/%D8%B5%D9%8A%D8%AF%D9%84%D9%8A%D8%A9+%D8%A7%D9%84%D8%B3%D8%B1%D9%88%D8%B1%D9%8A%E2%80%AD/data=!4m7!3m6!1s0x161cebd60ba93aeb:0xbe4c5da149eea43a!8m2!3d13.974518!4d44.1710681!16s%2Fg%2F11fx9bb8nm!19sChIJ6zqpC9brHBYROqTuSaFdTL4?authuser=0&hl=en&g_ep=EgoyMDI2MDkzMC4wIJJjKgBIAVAD&rclk=1,0x161cebd60ba93aeb:0xbe4c5da149eea43a,العدين الاسفل,صيدليات,discovered,"['صيدليات في العدين الاسفل, إب, اليمن']"
,,,,,,,,,,https://www.google.com/maps/place/%D8%B5%D9%8A%D8%AF%D9%84%D9%8A%D8%A9+%D8%A7%D9%84%D8%B5%D8%A7%D8%AF%D9%82%E2%80%AD/data=!4m7!3m6!1s0x161c916a92f01cbf:0x1925cb72515b51dc!8m2!3d13.9691125!4d43.9989432!16s%2Fg%2F11lfbhrm16!19sChIJvxzwkmqRHBYR3FFbUXLLJRk?authuser=0&hl=en&g_ep=EgoyMDI2MDkzMC4wIJJjKgBIAVAD&rclk=1,0x161c916a92f01cbf:0x1925cb72515b51dc,العدين الاسفل,صيدليات,discovered,"['صيدليات في العدين الاسفل, إب, اليمن', 'صيدليات في العدين, إب, اليمن']"
,,,,,,,,,,https://www.google.com/maps/place/%D8%B5%D9%8A%D8%AF%D9%84%D9%8A%D8%A9+%D8%A7%D9%84%D8%B9%D9%85%D8%A7%D8%AF%E2%80%AD/data=!4m7!3m6!1s0x161ce90dbc7ff1bf:0x137e2eee8516ab24!8m2!3d13.9458135!4d44.1761461!16s%2Fg%2F11h6x58x0w!19sChIJv_F_vA3pHBYRJKsWhe4ufhM?authuser=0&hl=en&g_ep=EgoyMDI2MDkzMC4wIJJjKgBIAVAD&rclk=1,0x161ce90dbc7ff1bf:0x137e2eee8516ab24,العدين الاسفل,صيدليات,discovered,"['صيدليات في العدين الاسفل, إب, اليمن', 'صيدليات في العدين, إب, اليمن']"
,,,,,,,,,,https://www.google.com/maps/place/%D8%B5%D9%8A%D8%AF%D9%84%D9%8A%D8%A9+%D8%B2%D9%85%D8%B2%D9%85%E2%80%AD/data=!4m7!3m6!1s0x161ceb875721ee3d:0x166aaea5e86a1a12!8m2!3d13.9712866!4d44.1588672!16s%2Fg%2F11h06gnp2h!19sChIJPe4hV4frHBYREhpq6KWuahY?authuser=0&hl=en&g_ep=EgoyMDI2MDkzMC4wIJJjKgBIAVAD&rclk=1,0x161ceb875721ee3d:0x166aaea5e86a1a12,العدين الاسفل,صيدليات,discovered,"['صيدليات في العدين الاسفل, إب, اليمن']"
,,,,,,,,,,https://www.google.com/maps/place/%D8%A7%D9%84%D8%B5%D9%8A%D8%AF%D9%84%D9%8A%D9%87+%D8%A7%D9%84%D9%85%D8%AA%D9%83%D8%A7%D9%85%D9%84%D9%87%E2%80%AD/data=!4m7!3m6!1s0x161ce9d6b13b07bd:0x3a5bea2b43b5334a!8m2!3d13.9743186!4d44.1760955!16s%2Fg%2F11tsbmv5pm!19sChIJvQc7sdbpHBYRSjO1QyvqWzo?authuser=0&hl=en&g_ep=EgoyMDI2MDkzMC4wIJJjKgBIAVAD&rclk=1,0x161ce9d6b13b07bd:0x3a5bea2b43b5334a,العدين الاسفل,صيدليات,discovered,"['صيدليات في العدين الاسفل, إب, اليمن']"
,,,,,,,,,,https://www.google.com/maps/place/%D8%B5%D9%8A%D8%AF%D9%84%D9%8A%D8%A9+%D8%A7%D9%84%D8%AD%D9%85%D8%AF+%D9%81%D8%A7%D8%B1%D9%85%D8%A7%E2%80%AD/data=!4m7!3m6!1s0x161ceb3570d7d0a7:0xcccbbce1d35c8a98!8m2!3d13.9560105!4d44.1684307!16s%2Fg%2F11h4kwshn9!19sChIJp9DXcDXrHBYRmIpc0-G8y8w?authuser=0&hl=en&g_ep=EgoyMDI2MDkzMC4wIJJjKgBIAVAD&rclk=1,0x161ceb3570d7d0a7:0xcccbbce1d35c8a98,العدين الاسفل,صيدليات,discovered,"['صيدليات في العدين الاسفل, إب, اليمن']"
,,,,,,,,,,https://www.google.com/maps/place/%D8%B5%D9%8A%D8%AF%D9%84%D9%8A%D8%A9+%D8%A7%D9%84%D8%B9%D9%8A%D8%B3%D9%89%E2%80%AD/data=!4m7!3m6!1s0x161ced0008813bd9:0x48ce02557fbefd88!8m2!3d13.9446992!4d44.1091281!16s%2Fg%2F11lp1tf5q5!19sChIJ2TuBCADtHBYRiP2-f1UCzkg?authuser=0&hl=en&g_ep=EgoyMDI2MDkzMC4wIJJjKgBIAVAD&rclk=1,0x161ced0008813bd9:0x48ce02557fbefd88,العدين الاسفل,صيدليات,discovered,"['صيدليات في العدين الاسفل, إب, اليمن']"
,,,,,,,,,,https://www.google.com/maps/place/%D8%B5%D9%8A%D8%AF%D9%84%D9%8A%D8%A9+%D9%86%D8%B5%D8%B1%E2%80%AD/data=!4m7!3m6!1s0x161ceb001a2ef27d:0xde0f9d6b4d57010d!8m2!3d13.9705036!4d44.1639143!16s%2Fg%2F11wqhkgxf8!19sChIJffIuGgDrHBYRDQFXTWudD94?authuser=0&hl=en&g_ep=EgoyMDI2MDkzMC4wIJJjKgBIAVAD&rclk=1,0x161ceb001a2ef27d:0xde0f9d6b4d57010d,العدين الاسفل,صيدليات,discovered,"['صيدليات في العدين الاسفل, إب, اليمن']"
,,,,,,,,,,https://www.google.com/maps/place/%D8%B5%D9%8A%D8%AF%D9%84%D9%8A%D9%87+%D8%AC%D8%B2%D8%B1+%D8%A7%D9%84%D8%B9%D8%A7%D9%81%D9%8A%D9%87%E2%80%AD/data=!4m7!3m6!1s0x161ce9006ea6d2f7:0x7f81c2627788d1fb!8m2!3d13.9440131!4d44.1776894!16s%2Fg%2F11wbyqmsw3!19sChIJ99KmbgDpHBYR-9GId2LCgX8?authuser=0&hl=en&g_ep=EgoyMDI2MDkzMC4wIJJjKgBIAVAD&rclk=1,0x161ce9006ea6d2f7:0x7f81c2627788d1fb,العدين الاسفل,صيدليات,discovered,"['صيدليات في العدين الاسفل, إب, اليمن']"
,,,,,,,,,,https://www.google.com/maps/place/%D8%AD%D9%84%D9%82%D9%88%D9%85+%D9%84%D9%84%D9%85%D9%84%D8%A7%D8%A8%D8%B3%E2%80%AD/data=!4m7!3m6!1s0x161ce978fab379ed:0xa045c4bee0bdf517!8m2!3d13.9769029!4d44.1776697!16s%2Fg%2F11ddwhny0q!19sChIJ7Xmz-njpHBYRF_W94L7ERaA?authuser=0&hl=en&g_ep=EgoyMDI2MDkzMC4wIJJjKgBIAVAD&rclk=1,0x161ce978fab379ed:0xa045c4bee0bdf517,شارع العدين الخلفي,ملابس رجالية,discovered,"['ملابس رجالية في شارع العدين الخلفي, إب, اليمن']"
,,,,,,,,,,https://www.google.com/maps/place/%D8%A7%D9%84%D8%A7%D9%81%D8%A7%D9%82+%D9%84%D9%85%D8%A7%D8%B1%D9%83%D8%A7%D8%AA+%D8%A7%D9%84%D8%A7%D8%AD%D8%B0%D9%8A%D9%87%E2%80%AD/data=!4m7!3m6!1s0x161ce961d8c4435d:0xbafed2b7899d1595!8m2!3d13.9734064!4d44.1755693!16s%2Fg%2F11z7gnjly8!19sChIJXUPE2GHpHBYRlRWdibfS_ro?authuser=0&hl=en&g_ep=EgoyMDI2MDkzMC4wIJJjKgBIAVAD&rclk=1,0x161ce961d8c4435d:0xbafed2b7899d1595,شارع العدين الخلفي,ملابس رجالية,discovered,"['ملابس رجالية في شارع العدين الخلفي, إب, اليمن']"
,,,,,,,,,,https://www.google.com/maps/place/%D9%85%D8%B1%D9%83%D8%B2+%D8%A7%D9%84%D9%86%D9%85%D8%B1+%D8%A7%D9%84%D8%AA%D8%AC%D8%A7%D8%B1%D9%8A%E2%80%AD/data=!4m7!3m6!1s0x161ce9005ea20a35:0xf867eb9e617ed083!8m2!3d13.9752625!4d44.1781094!16s%2Fg%2F11ldvr207q!19sChIJNQqiXgDpHBYRg9B-YZ7rZ_g?authuser=0&hl=en&g_ep=EgoyMDI2MDkzMC4wIJJjKgBIAVAD&rclk=1,0x161ce9005ea20a35:0xf867eb9e617ed083,شارع العدين الخلفي,ملابس رجالية,discovered,"['أسواق ومحلات متنوعة في وسط مدينة إب, إب, اليمن', 'ملابس رجالية في شارع العدين الخلفي, إب, اليمن']"
,,,,,,,,,,https://www.google.com/maps/place/%D8%A7%D9%84%D9%85%D8%AC%D9%85%D8%B1+%D9%84%D9%84%D8%A5%D9%84%D9%83%D8%AA%D8%B1%D9%88%D9%86%D9%8A%D8%A7%D8%AA+%D9%88%D9%85%D9%86%D8%B8%D9%88%D9%85%D8%A7%D8%AA+%D8%A7%D9%84%D8%B7%D8%A7%D9%82%D9%87+%D8%A7%D9%84%D8%B4%D9%85%D8%B3%D9%8A%D9%87%E2%80%AD/data=!4m7!3m6!1s0x161ceb9434aaaeeb:0xf1d9318130c78d98!8m2!3d13.9742044!4d44.1701679!16s%2Fg%2F11qn6m7_y5!19sChIJ666qNJTrHBYRmI3HMIEx2fE?authuser=0&hl=en&g_ep=EgoyMDI2MDkzMC4wIJJjKgBIAVAD&rclk=1,0x161ceb9434aaaeeb:0xf1d9318130c78d98,وسط مدينة إب,أجهزة كهربائية وطاقة شمسية,discovered,"['أجهزة كهربائية وطاقة شمسية في وسط مدينة إب, إب, اليمن']"
,,,,,,,,,,https://www.google.com/maps/place/%D9%85%D8%B1%D9%83%D8%B2+%D8%A7%D9%84%D8%B7%D8%A7%D9%82%D8%A9+%D8%A7%D9%84%D8%AE%D8%B6%D8%B1%D8%A7%D8%A1%E2%80%AD/data=!4m7!3m6!1s0x161cebde27bbc697:0xfef534b431eeedb5!8m2!3d13.9674711!4d44.1613145!16s%2Fg%2F11f57vj773!19sChIJl8a7J97rHBYRte3uMbQ09f4?authuser=0&hl=en&g_ep=EgoyMDI2MDkzMC4wIJJjKgBIAVAD&rclk=1,0x161cebde27bbc697:0xfef534b431eeedb5,وسط مدينة إب,أجهزة كهربائية وطاقة شمسية,discovered,"['أجهزة كهربائية وطاقة شمسية في وسط مدينة إب, إب, اليمن']"
,,,,,,,,,,https://www.google.com/maps/place/%D9%85%D8%AC%D9%84%D9%8A+%D9%84%D9%84%D9%83%D9%87%D8%B1%D8%A8%D8%A7%D8%A1%E2%80%AD/data=!4m7!3m6!1s0x161ce99beb43bfbd:0x6c44c8b1338054f2!8m2!3d13.964391!4d44.1809294!16s%2Fg%2F11j5vlky24!19sChIJvb9D65vpHBYR8lSAM7HIRGw?authuser=0&hl=en&g_ep=EgoyMDI2MDkzMC4wIJJjKgBIAVAD&rclk=1,0x161ce99beb43bfbd:0x6c44c8b1338054f2,وسط مدينة إب,أجهزة كهربائية وطاقة شمسية,discovered,"['أجهزة كهربائية وطاقة شمسية في وسط مدينة إب, إب, اليمن']"
,,,,,,,,,,https://www.google.com/maps/place/%D8%B3%D9%88%D8%A8%D8%B1+%D9%85%D8%A7%D8%B1%D9%83%D8%AA+%D8%A5%D8%A8+%D9%87%D8%A7%D8%B1%D9%8A+-+%D8%B3%D9%84%D8%A9+%D8%A7%D9%84%D8%AA%D9%88%D9%81%D9%8A%D8%B1+%D8%B3%D8%A7%D8%A8%D9%82%D8%A7%D9%8B%E2%80%AD/data=!4m7!3m6!1s0x161ce951bbab7073:0x7ac615c6ba4b7531!8m2!3d13.9596409!4d44.178152!16s%2Fg%2F11j8n0_m9p!19sChIJc3Cru1HpHBYRMXVLusYVxno?authuser=0&hl=en&g_ep=EgoyMDI2MDkzMC4wIJJjKgBIAVAD&rclk=1,0x161ce951bbab7073:0x7ac615c6ba4b7531,وسط مدينة إب,بقالات وسوبر ماركت,discovered,"['بقالات وسوبر ماركت في العدين الاسفل, إب, اليمن', 'بقالات وسوبر ماركت في وسط مدينة إب, إب, اليمن']"
,,,,,,,,,,https://www.google.com/maps/place/%D8%B3%D9%88%D8%A8%D8%B1+%D9%85%D8%A7%D8%B1%D9%83%D8%AA+%D8%A7%D9%84%D9%82%D8%A7%D8%AF%D8%B1%D9%8A%E2%80%AD/data=!4m7!3m6!1s0x161ceeacd76ddcbd:0xe94f91668707f3a!8m2!3d13.9408434!4d44.1790244!16s%2Fg%2F11c5sw87hf!19sChIJvdxt16zuHBYROn9waBb5lA4?authuser=0&hl=en&g_ep=EgoyMDI2MDkzMC4wIJJjKgBIAVAD&rclk=1,0x161ceeacd76ddcbd:0xe94f91668707f3a,وسط مدينة إب,بقالات وسوبر ماركت,discovered,"['بقالات وسوبر ماركت في وسط مدينة إب, إب, اليمن']"
,,,,,,,,,,https://www.google.com/maps/place/Green+Land+Super+Market/data=!4m7!3m6!1s0x161ce976310e1e67:0x1887aa12dbc00585!8m2!3d13.9754708!4d44.184424!16s%2Fg%2F11c1rcdcn_!19sChIJZx4OMXbpHBYRhQXA2xKqhxg?authuser=0&hl=en&g_ep=EgoyMDI2MDkzMC4wIJJjKgBIAVAD&rclk=1,0x161ce976310e1e67:0x1887aa12dbc00585,وسط مدينة إب,بقالات وسوبر ماركت,discovered,"['بقالات وسوبر ماركت في العدين الاسفل, إب, اليمن', 'بقالات وسوبر ماركت في وسط مدينة إب, إب, اليمن']"
,,,,,,,,,,https://www.google.com/maps/place/%D8%B3%D9%88%D8%A8%D8%B1+%D9%85%D8%A7%D8%B1%D9%83%D8%AA+%D8%A7%D9%84%D8%A3%D9%85%D9%8A%D9%86%E2%80%AD/data=!4m7!3m6!1s0x161ceb0056b6f7bb:0x40480ad6b5e44788!8m2!3d13.9620639!4d44.1514323!16s%2Fg%2F11npcqjc62!19sChIJu_e2VgDrHBYRiEfktdYKSEA?authuser=0&hl=en&g_ep=EgoyMDI2MDkzMC4wIJJjKgBIAVAD&rclk=1,0x161ceb0056b6f7bb:0x40480ad6b5e44788,وسط مدينة إب,بقالات وسوبر ماركت,discovered,"['بقالات وسوبر ماركت في وسط مدينة إب, إب, اليمن']"
,,,,,,,,,,https://www.google.com/maps/place/%D8%B3%D9%88%D8%A8%D8%B1+%D9%85%D8%A7%D8%B1%D9%83%D8%AA+%D8%A7%D9%84%D9%85%D8%AF%D9%8A%D9%86%D9%87%E2%80%AD/data=!4m7!3m6!1s0x161ceb34edeef757:0x5ead811693126925!8m2!3d13.9768021!4d44.1690934!16s%2Fg%2F11n8t5mr6k!19sChIJV_fu7TTrHBYRJWkSkxaBrV4?authuser=0&hl=en&g_ep=EgoyMDI2MDkzMC4wIJJjKgBIAVAD&rclk=1,0x161ceb34edeef757:0x5ead811693126925,وسط مدينة إب,بقالات وسوبر ماركت,discovered,"['بقالات وسوبر ماركت في وسط مدينة إب, إب, اليمن']"
,,,,,,,,,,https://www.google.com/maps/place/%D8%B3%D9%88%D8%A8%D8%B1+%D9%85%D8%A7%D8%B1%D9%83%D8%AA+%D9%87%D8%A7%D8%A8%D9%8A+%D9%81%D8%A7%D9%85%D9%84%D9%8A%E2%80%AD/data=!4m7!3m6!1s0x161cebab0c342aab:0x3ea70878eb54edca!8m2!3d13.9731644!4d44.1604517!16s%2Fg%2F11j980_44c!19sChIJqyo0DKvrHBYRyu1U63gIpz4?authuser=0&hl=en&g_ep=EgoyMDI2MDkzMC4wIJJjKgBIAVAD&rclk=1,0x161cebab0c342aab:0x3ea70878eb54edca,وسط مدينة إب,بقالات وسوبر ماركت,discovered,"['بقالات وسوبر ماركت في وسط مدينة إب, إب, اليمن']"
,,,,,,,,,,https://www.google.com/maps/place/%D8%B3%D9%88%D8%A8%D8%B1+%D9%85%D8%A7%D8%B1%D9%83%D8%AA+%D8%A7%D8%A8%D9%88+%D8%A7%D9%84%D8%B9%D8%B2%E2%80%AD/data=!4m7!3m6!1s0x161ceb0068a34ff9:0x4369fc9c790432ad!8m2!3d13.9735689!4d44.169971!16s%2Fg%2F11yvj24_l1!19sChIJ-U-jaADrHBYRrTIEeZz8aUM?authuser=0&hl=en&g_ep=EgoyMDI2MDkzMC4wIJJjKgBIAVAD&rclk=1,0x161ceb0068a34ff9:0x4369fc9c790432ad,وسط مدينة إب,بقالات وسوبر ماركت,discovered,"['بقالات وسوبر ماركت في وسط مدينة إب, إب, اليمن']"
,,,,,,,,,,https://www.google.com/maps/place/%D8%B3%D9%88%D8%A8%D8%B1+%D9%85%D8%A7%D8%B1%D9%83%D8%AA+%D8%A7%D9%84%D8%A8%D8%B1%D9%83%D9%87%E2%80%AD/data=!4m7!3m6!1s0x161ceb5894384f29:0xe4d5f2663e7d2350!8m2!3d13.9753526!4d44.1689526!16s%2Fg%2F11kq815bzn!19sChIJKU84lFjrHBYRUCN9Pmby1eQ?authuser=0&hl=en&g_ep=EgoyMDI2MDkzMC4wIJJjKgBIAVAD&rclk=1,0x161ceb5894384f29:0xe4d5f2663e7d2350,وسط مدينة إب,بقالات وسوبر ماركت,discovered,"['بقالات وسوبر ماركت في وسط مدينة إب, إب, اليمن']"
,,,,,,,,,,https://www.google.com/maps/place/%D8%B3%D9%88%D8%A8%D8%B1+%D9%85%D8%A7%D8%B1%D9%83%D8%AA+%D8%A7%D9%84%D8%B9%D8%A7%D8%A6%D9%84%D8%A9%E2%80%AD/data=!4m7!3m6!1s0x161ceb97f124cecb:0xa1e476f9f444c942!8m2!3d13.9785328!4d44.1571433!16s%2Fg%2F11hw2z2njp!19sChIJy84k8ZfrHBYRQslE9Pl25KE?authuser=0&hl=en&g_ep=EgoyMDI2MDkzMC4wIJJjKgBIAVAD&rclk=1,0x161ceb97f124cecb:0xa1e476f9f444c942,وسط مدينة إب,بقالات وسوبر ماركت,discovered,"['بقالات وسوبر ماركت في وسط مدينة إب, إب, اليمن']"
,,,,,,,,,,https://www.google.com/maps/place/%D8%B3%D9%88%D8%A8%D8%B1+%D9%85%D8%A7%D8%B1%D9%83%D8%AA+%D8%A7%D9%84%D9%81%D8%AE%D8%A7%D9%85%D8%A9%E2%80%AD/data=!4m7!3m6!1s0x161ceba26139765b:0x57a163c68afe7936!8m2!3d13.9683981!4d44.1608224!16s%2Fg%2F11ngtlp9_l!19sChIJW3Y5YaLrHBYRNnn-isZjoVc?authuser=0&hl=en&g_ep=EgoyMDI2MDkzMC4wIJJjKgBIAVAD&rclk=1,0x161ceba26139765b:0x57a163c68afe7936,وسط مدينة إب,بقالات وسوبر ماركت,discovered,"['بقالات وسوبر ماركت في وسط مدينة إب, إب, اليمن']"
,,,,,,,,,,https://www.google.com/maps/place/%D9%86%D9%8A%D9%88+%D9%85%D8%A7%D8%B1%D9%83%D8%AA+%D8%A7%D9%84%D8%AA%D9%88%D9%81%D9%8A%D8%B1%E2%80%AD/data=!4m7!3m6!1s0x161ce97c5dc3afa7:0xc4091a554471e2f2!8m2!3d13.9680314!4d44.1788445!16s%2Fg%2F11f29xyg95!19sChIJp6_DXXzpHBYR8uJxRFUaCcQ?authuser=0&hl=en&g_ep=EgoyMDI2MDkzMC4wIJJjKgBIAVAD&rclk=1,0x161ce97c5dc3afa7:0xc4091a554471e2f2,وسط مدينة إب,بقالات وسوبر ماركت,discovered,"['بقالات وسوبر ماركت في وسط مدينة إب, إب, اليمن']"
,,,,,,,,,,https://www.google.com/maps/place/%D8%B3%D9%88%D8%A8%D8%B1+%D9%85%D8%A7%D8%B1%D9%83%D8%AA+%D8%A7%D9%84%D8%B9%D8%B2%D9%8A%E2%80%AD/data=!4m7!3m6!1s0x161ceb238d8c2c2f:0xc6a7d2070e31e24!8m2!3d13.9794123!4d44.1549731!16s%2Fg%2F11vc5lk90g!19sChIJLyyMjSPrHBYRJB7jcCB9agw?authuser=0&hl=en&g_ep=EgoyMDI2MDkzMC4wIJJjKgBIAVAD&rclk=1,0x161ceb238d8c2c2f:0xc6a7d2070e31e24,وسط مدينة إب,بقالات وسوبر ماركت,discovered,"['بقالات وسوبر ماركت في وسط مدينة إب, إب, اليمن']"
,,,,,,,,,,https://www.google.com/maps/place/%D9%83%D8%A7%D8%B4+%D8%B3%D9%86%D8%AA%D8%B1%E2%80%AD/data=!4m7!3m6!1s0x161ceb324fa027b7:0x18c6b158b94c3e60!8m2!3d13.9749318!4d44.1682151!16s%2Fg%2F11hzkpng1c!19sChIJtyegTzLrHBYRYD5MuVixxhg?authuser=0&hl=en&g_ep=EgoyMDI2MDkzMC4wIJJjKgBIAVAD&rclk=1,0x161ceb324fa027b7:0x18c6b158b94c3e60,وسط مدينة إب,بقالات وسوبر ماركت,discovered,"['بقالات وسوبر ماركت في وسط مدينة إب, إب, اليمن']"
,,,,,,,,,,https://www.google.com/maps/place/%D8%A8%D9%82%D8%A7%D9%84%D9%87+%D8%A7%D9%84%D9%85%D8%AF%D9%8A%D9%86%D9%87+%D8%A7%D9%84%D8%AE%D8%B6%D8%B1%D8%A7%D8%A1%E2%80%AD/data=!4m7!3m6!1s0x161ce9000d9cdff5:0xa9d0cd305c8872b4!8m2!3d13.9714692!4d44.1827051!16s%2Fg%2F11yzx88dyt!19sChIJ9d-cDQDpHBYRtHKIXDDN0Kk?authuser=0&hl=en&g_ep=EgoyMDI2MDkzMC4wIJJjKgBIAVAD&rclk=1,0x161ce9000d9cdff5:0xa9d0cd305c8872b4,وسط مدينة إب,بقالات وسوبر ماركت,discovered,"['بقالات وسوبر ماركت في العدين الاسفل, إب, اليمن', 'بقالات وسوبر ماركت في وسط مدينة إب, إب, اليمن']"
,,,,,,,,,,https://www.google.com/maps/place/%D8%B3%D9%88%D8%A8%D8%B1+%D9%85%D8%A7%D8%B1%D9%83%D8%AA+%D8%A7%D9%84%D9%85%D9%84%D9%83%D8%A9+%D8%A3%D8%B1%D9%88%D9%89%E2%80%AD/data=!4m7!3m6!1s0x161ceb3f89dbea87:0x2cce3f9cf47c2eb8!8m2!3d13.9685311!4d44.1697152!16s%2Fg%2F11jwmdb44t!19sChIJh-rbiT_rHBYRuC589Jw_ziw?authuser=0&hl=en&g_ep=EgoyMDI2MDkzMC4wIJJjKgBIAVAD&rclk=1,0x161ceb3f89dbea87:0x2cce3f9cf47c2eb8,وسط مدينة إب,بقالات وسوبر ماركت,discovered,"['بقالات وسوبر ماركت في وسط مدينة إب, إب, اليمن']"
,,,,,,,,,,https://www.google.com/maps/place/%D8%B3%D9%88%D8%A8%D8%B1+%D9%85%D8%A7%D8%B1%D9%83%D8%AA+%D8%A7%D9%84%D8%A3%D8%B5%D8%A8%D8%AD%D9%8A%E2%80%AD/data=!4m7!3m6!1s0x161cebbbfaa6616f:0x94a41dd6d1fc3bcc!8m2!3d13.9715702!4d44.1477404!16s%2Fg%2F11gbp8ps8f!19sChIJb2Gm-rvrHBYRzDv80dYdpJQ?authuser=0&hl=en&g_ep=EgoyMDI2MDkzMC4wIJJjKgBIAVAD&rclk=1,0x161cebbbfaa6616f:0x94a41dd6d1fc3bcc,وسط مدينة إب,بقالات وسوبر ماركت,discovered,"['بقالات وسوبر ماركت في وسط مدينة إب, إب, اليمن']"
,,,,,,,,,,https://www.google.com/maps/place/Dhmaran+Center/data=!4m7!3m6!1s0x161cebdcefc16559:0xb5cdf87dc5ba823d!8m2!3d13.9655911!4d44.1640691!16s%2Fg%2F11b729s6xl!19sChIJWWXB79zrHBYRPYK6xX34zbU?authuser=0&hl=en&g_ep=EgoyMDI2MDkzMC4wIJJjKgBIAVAD&rclk=1,0x161cebdcefc16559:0xb5cdf87dc5ba823d,وسط مدينة إب,بقالات وسوبر ماركت,discovered,"['بقالات وسوبر ماركت في وسط مدينة إب, إب, اليمن']"
,,,,,,,,,,https://www.google.com/maps/place/%D8%B3%D9%88%D8%A8%D8%B1+%D9%85%D8%A7%D8%B1%D9%83%D8%AA+%D8%A8%D8%A7%D8%A8+%D8%A7%D9%84%D8%AD%D8%A7%D8%B1%D9%87+%D9%84%D9%84%D9%85%D9%88%D8%AF+%D8%A7%D9%84%D8%BA%D8%B0%D8%A7%D8%A6%D9%8A%D9%87%E2%80%AD/data=!4m7!3m6!1s0x161ceb78e76a0d53:0xa9e255627f650c19!8m2!3d13.9807865!4d44.1540547!16s%2Fg%2F11t6kx3lrn!19sChIJUw1q53jrHBYRGQxlf2JV4qk?authuser=0&hl=en&g_ep=EgoyMDI2MDkzMC4wIJJjKgBIAVAD&rclk=1,0x161ceb78e76a0d53:0xa9e255627f650c19,وسط مدينة إب,بقالات وسوبر ماركت,discovered,"['بقالات وسوبر ماركت في وسط مدينة إب, إب, اليمن']"
,,,,,,,,,,https://www.google.com/maps/place/%D8%B3%D9%88%D8%A8%D8%B1+%D9%85%D8%A7%D8%B1%D9%83%D8%AA+%D8%A7%D9%84%D8%B3%D8%B9%D9%8A%D8%AF%D8%A9%E2%80%AD/data=!4m7!3m6!1s0x161ceb791825c10d:0xb815dadc0f37b801!8m2!3d13.9701712!4d44.1453067!16s%2Fg%2F11grvncc81!19sChIJDcElGHnrHBYRAbg3D9zaFbg?authuser=0&hl=en&g_ep=EgoyMDI2MDkzMC4wIJJjKgBIAVAD&rclk=1,0x161ceb791825c10d:0xb815dadc0f37b801,وسط مدينة إب,بقالات وسوبر ماركت,discovered,"['بقالات وسوبر ماركت في وسط مدينة إب, إب, اليمن']"
,,,,,,,,,,https://www.google.com/maps/place/%D8%B3%D9%88%D8%A8%D8%B1+%D9%85%D8%A7%D8%B1%D9%83%D8%AA+%D8%A7%D9%84%D9%81%D8%B1%D8%AF%D9%88%D8%B3%E2%80%AD/data=!4m7!3m6!1s0x161ced0029e4f17f:0x87b7dd279e8d1740!8m2!3d13.9386997!4d44.1642679!16s%2Fg%2F11vx4cbcvn!19sChIJf_HkKQDtHBYRQBeNnifdt4c?authuser=0&hl=en&g_ep=EgoyMDI2MDkzMC4wIJJjKgBIAVAD&rclk=1,0x161ced0029e4f17f:0x87b7dd279e8d1740,وسط مدينة إب,بقالات وسوبر ماركت,discovered,"['بقالات وسوبر ماركت في وسط مدينة إب, إب, اليمن']"
,,,,,,,,,,https://www.google.com/maps/place/%D8%B3%D9%88%D8%A8%D8%B1%D9%85%D8%A7%D8%B1%D9%83%D8%A7%D8%AA+%D8%A7%D9%84%D8%B9%D8%A7%D8%B5%D9%85%D9%87+%D8%A7%D9%84%D8%B3%D9%8A%D8%A7%D8%AD%D9%8A%D9%87%E2%80%AD/data=!4m7!3m6!1s0x161ceb250d6819b5:0x165f84e2f9077e6d!8m2!3d13.9690986!4d44.1408828!16s%2Fg%2F11h93fm224!19sChIJtRloDSXrHBYRbX4H-eKEXxY?authuser=0&hl=en&g_ep=EgoyMDI2MDkzMC4wIJJjKgBIAVAD&rclk=1,0x161ceb250d6819b5:0x165f84e2f9077e6d,وسط مدينة إب,بقالات وسوبر ماركت,discovered,"['بقالات وسوبر ماركت في وسط مدينة إب, إب, اليمن']"
,,,,,,,,,,https://www.google.com/maps/place/%D8%B3%D9%88%D8%A8%D8%B1+%D9%85%D8%A7%D8%B1%D9%83%D8%AA+%D8%A7%D9%84%D8%B9%D8%B1%D9%88%D9%85%D9%8A%E2%80%AD/data=!4m7!3m6!1s0x161ce945b7c30503:0x3a858292f253985b!8m2!3d13.9722767!4d44.1954458!16s%2Fg%2F11m_zgf4fc!19sChIJAwXDt0XpHBYRW5hT8pKChTo?authuser=0&hl=en&g_ep=EgoyMDI2MDkzMC4wIJJjKgBIAVAD&rclk=1,0x161ce945b7c30503:0x3a858292f253985b,وسط مدينة إب,بقالات وسوبر ماركت,discovered,"['بقالات وسوبر ماركت في وسط مدينة إب, إب, اليمن']"
,,,,,,,,,,https://www.google.com/maps/place/%D8%B3%D9%88%D8%A8%D8%B1+%D9%85%D8%A7%D8%B1%D9%83%D8%AA+%D8%A7%D9%84%D8%AD%D8%AF%D8%A7%D8%AF%E2%80%AD/data=!4m7!3m6!1s0x161ceb007b731517:0x68cf390cf7532033!8m2!3d13.9706592!4d44.1526536!16s%2Fg%2F11nt9p09rj!19sChIJFxVzewDrHBYRMyBT9ww5z2g?authuser=0&hl=en&g_ep=EgoyMDI2MDkzMC4wIJJjKgBIAVAD&rclk=1,0x161ceb007b731517:0x68cf390cf7532033,وسط مدينة إب,بقالات وسوبر ماركت,discovered,"['بقالات وسوبر ماركت في وسط مدينة إب, إب, اليمن']"
,,,,,,,,,,https://www.google.com/maps/place/%D8%B3%D9%88%D8%A8%D8%B1+%D9%85%D8%A7%D8%B1%D9%83%D8%AA+%D8%A7%D9%84%D8%B4%D9%8A%D9%88%D8%AE%E2%80%AD/data=!4m7!3m6!1s0x161cebdfa1b5efdd:0x44b721d6c58bd3eb!8m2!3d13.9812956!4d44.161345!16s%2Fg%2F11tr_bl723!19sChIJ3e-1od_rHBYR69OLxdYht0Q?authuser=0&hl=en&g_ep=EgoyMDI2MDkzMC4wIJJjKgBIAVAD&rclk=1,0x161cebdfa1b5efdd:0x44b721d6c58bd3eb,وسط مدينة إب,بقالات وسوبر ماركت,discovered,"['بقالات وسوبر ماركت في وسط مدينة إب, إب, اليمن']"
,,,,,,,,,,https://www.google.com/maps/place/%D8%B3%D9%88%D8%A8%D8%B1+%D9%85%D8%A7%D8%B1%D9%83%D8%AA+%D8%A7%D8%AD%D9%85%D8%AF+%D8%A7%D9%84%D8%AC%D8%B1%D8%A7%D8%AF%D9%8A%E2%80%AD/data=!4m7!3m6!1s0x161ce9a1ff9628e3:0x3e9597fa029b974c!8m2!3d13.9519657!4d44.1877959!16s%2Fg%2F11qms1c_kc!19sChIJ4yiW_6HpHBYRTJebAvqXlT4?authuser=0&hl=en&g_ep=EgoyMDI2MDkzMC4wIJJjKgBIAVAD&rclk=1,0x161ce9a1ff9628e3:0x3e9597fa029b974c,وسط مدينة إب,بقالات وسوبر ماركت,discovered,"['بقالات وسوبر ماركت في وسط مدينة إب, إب, اليمن']"
,,,,,,,,,,https://www.google.com/maps/place/%D8%B3%D9%88%D8%A8%D8%B1+%D9%85%D8%A7%D8%B1%D9%83%D8%AA+%D8%A7%D8%A8%D9%88%D9%86%D8%AC%D9%85+%D8%A7%D9%84%D9%84%D9%87%E2%80%AD/data=!4m7!3m6!1s0x161ce9a71f12eba5:0x87c63f5a01b2317f!8m2!3d13.9708705!4d44.1958797!16s%2Fg%2F11q9h1nw3x!19sChIJpesSH6fpHBYRfzGyAVo_xoc?authuser=0&hl=en&g_ep=EgoyMDI2MDkzMC4wIJJjKgBIAVAD&rclk=1,0x161ce9a71f12eba5:0x87c63f5a01b2317f,وسط مدينة إب,بقالات وسوبر ماركت,discovered,"['بقالات وسوبر ماركت في وسط مدينة إب, إب, اليمن']"
,,,,,,,,,,https://www.google.com/maps/place/%D8%B3%D9%88%D8%A8%D8%B1+%D9%85%D8%A7%D8%B1%D9%83%D8%AA+%D8%B1%D9%83%D9%86+%D8%B7%D9%8A%D8%A8%D9%87%E2%80%AD/data=!4m7!3m6!1s0x161ce987c9c3b519:0x174b771f8838a913!8m2!3d13.9642978!4d44.1775066!16s%2Fg%2F11fj7ktxbg!19sChIJGbXDyYfpHBYRE6k4iB93Sxc?authuser=0&hl=en&g_ep=EgoyMDI2MDkzMC4wIJJjKgBIAVAD&rclk=1,0x161ce987c9c3b519:0x174b771f8838a913,وسط مدينة إب,بقالات وسوبر ماركت,discovered,"['بقالات وسوبر ماركت في وسط مدينة إب, إب, اليمن']"
,,,,,,,,,,https://www.google.com/maps/place/%D8%B3%D9%88%D8%A8%D8%B1+%D9%85%D8%A7%D8%B1%D9%83%D8%AA+%D8%A7%D9%84%D9%87%D8%B1%D9%85%E2%80%AD/data=!4m7!3m6!1s0x161ce96234d93293:0xb5bccb10c48fc510!8m2!3d13.9586793!4d44.1810466!16s%2Fg%2F11t3_732xy!19sChIJkzLZNGLpHBYREMWPxBDLvLU?authuser=0&hl=en&g_ep=EgoyMDI2MDkzMC4wIJJjKgBIAVAD&rclk=1,0x161ce96234d93293:0xb5bccb10c48fc510,وسط مدينة إب,بقالات وسوبر ماركت,discovered,"['بقالات وسوبر ماركت في وسط مدينة إب, إب, اليمن']"
,,,,,,,,,,https://www.google.com/maps/place/%D8%A7%D9%84%D8%B3%D8%B9%D9%8A%D8%AF%D8%A9+%D9%85%D8%A7%D8%B1%D9%83%D8%AA%E2%80%AD/data=!4m7!3m6!1s0x161ceb7a22e360e7:0x4d51b48188f62706!8m2!3d13.9689685!4d44.1518969!16s%2Fg%2F11pwrm2kz9!19sChIJ52DjInrrHBYRBif2iIG0UU0?authuser=0&hl=en&g_ep=EgoyMDI2MDkzMC4wIJJjKgBIAVAD&rclk=1,0x161ceb7a22e360e7:0x4d51b48188f62706,وسط مدينة إب,بقالات وسوبر ماركت,discovered,"['بقالات وسوبر ماركت في وسط مدينة إب, إب, اليمن']"
,,,,,,,,,,https://www.google.com/maps/place/%D8%B3%D9%88%D8%A8%D8%B1+%D9%85%D8%A7%D8%B1%D9%83%D8%AA+%D8%A7%D9%84%D8%A3%D9%82%D8%B5%D9%89%E2%80%AD/data=!4m7!3m6!1s0x161ce976b1f8723f:0x3e48418a7dc828e0!8m2!3d13.9749422!4d44.1753076!16s%2Fg%2F11hf1x_rj_!19sChIJP3L4sXbpHBYR4CjIfYpBSD4?authuser=0&hl=en&g_ep=EgoyMDI2MDkzMC4wIJJjKgBIAVAD&rclk=1,0x161ce976b1f8723f:0x3e48418a7dc828e0,وسط مدينة إب,بقالات وسوبر ماركت,discovered,"['بقالات وسوبر ماركت في وسط مدينة إب, إب, اليمن']"
,,,,,,,,,,https://www.google.com/maps/place/%D8%B3%D9%88%D8%A8%D8%B1+%D9%85%D8%A7%D8%B1%D9%83%D8%AA+%D8%A7%D9%84%D9%88%D8%AD%D8%AF%D8%A9+%D9%8A%D8%B9%D9%82%D9%88%D8%A8+%D8%A7%D9%84%D9%85%D8%B1%D9%8A%D8%B3%D9%8A%E2%80%AD/data=!4m7!3m6!1s0x161ce9003f543789:0x671e1c560fb14e2d!8m2!3d13.9536043!4d44.1747755!16s%2Fg%2F11mm94fvl4!19sChIJiTdUPwDpHBYRLU6xD1YcHmc?authuser=0&hl=en&g_ep=EgoyMDI2MDkzMC4wIJJjKgBIAVAD&rclk=1,0x161ce9003f543789:0x671e1c560fb14e2d,وسط مدينة إب,بقالات وسوبر ماركت,discovered,"['بقالات وسوبر ماركت في وسط مدينة إب, إب, اليمن']"
,,,,,,,,,,https://www.google.com/maps/place/%D8%B3%D9%88%D8%A8%D8%B1+%D9%85%D8%A7%D8%B1%D9%83%D8%AA+%D8%A7%D9%84%D8%AD%D9%8A%D8%A7%D8%A9%E2%80%AD/data=!4m7!3m6!1s0x161ceb02f682c443:0x3d287194d5457241!8m2!3d13.9683011!4d44.1523155!16s%2Fg%2F11h002qznk!19sChIJQ8SC9gLrHBYRQXJF1ZRxKD0?authuser=0&hl=en&g_ep=EgoyMDI2MDkzMC4wIJJjKgBIAVAD&rclk=1,0x161ceb02f682c443:0x3d287194d5457241,وسط مدينة إب,بقالات وسوبر ماركت,discovered,"['بقالات وسوبر ماركت في وسط مدينة إب, إب, اليمن']"
,,,,,,,,,,https://www.google.com/maps/place/%D8%B3%D9%88%D8%A8%D8%B1+%D9%85%D8%A7%D8%B1%D9%83%D8%AA+%D8%A7%D9%84%D9%82%D9%8A%D8%B1%D9%88%D8%A7%D9%86%E2%80%AD/data=!4m7!3m6!1s0x161ceb004d496e93:0x1a0110b11d71eac5!8m2!3d13.9757107!4d44.1694232!16s%2Fg%2F11wb2mdxws!19sChIJk25JTQDrHBYRxepxHbEQARo?authuser=0&hl=en&g_ep=EgoyMDI2MDkzMC4wIJJjKgBIAVAD&rclk=1,0x161ceb004d496e93:0x1a0110b11d71eac5,وسط مدينة إب,بقالات وسوبر ماركت,discovered,"['بقالات وسوبر ماركت في وسط مدينة إب, إب, اليمن']"
,,,,,,,,,,https://www.google.com/maps/place/%D8%A5%D8%A8%E2%80%AD/data=!4m7!3m6!1s0x161ce9340fecbbed:0x66dbcb22660d1f3d!8m2!3d13.9488624!4d44.1721583!16s%2Fg%2F11kqr2nr6_!19sChIJ7bvsDzTpHBYRPR8NZiLL22Y?authuser=0&hl=en&g_ep=EgoyMDI2MDkzMC4wIJJjKgBIAVAD&rclk=1,0x161ce9340fecbbed:0x66dbcb22660d1f3d,وسط مدينة إب,بقالات وسوبر ماركت,discovered,"['بقالات وسوبر ماركت في وسط مدينة إب, إب, اليمن']"
,,,,,,,,,,https://www.google.com/maps/place/%D8%B3%D9%88%D8%A8%D8%B1+%D9%85%D8%A7%D8%B1%D9%83%D8%AA+%D8%A7%D9%84%D8%B9%D8%A7%D8%A6%D9%84%D8%A9+778241671%E2%80%AD/data=!4m7!3m6!1s0x161ceb0018158dc3:0x6fb5f6176332ba97!8m2!3d13.9573572!4d44.1658104!16s%2Fg%2F11wqfcq55f!19sChIJw40VGADrHBYRl7oyYxf2tW8?authuser=0&hl=en&g_ep=EgoyMDI2MDkzMC4wIJJjKgBIAVAD&rclk=1,0x161ceb0018158dc3:0x6fb5f6176332ba97,وسط مدينة إب,بقالات وسوبر ماركت,discovered,"['بقالات وسوبر ماركت في وسط مدينة إب, إب, اليمن']"
,,,,,,,,,,https://www.google.com/maps/place/%D8%B3%D9%88%D8%A8%D8%B1+%D9%85%D8%A7%D8%B1%D9%83%D8%A9+%D9%81%D8%AA%D8%AD%D9%8A+%D8%A7%D9%84%D8%A7%D8%B9%D9%88%D8%AC%E2%80%AD/data=!4m7!3m6!1s0x161ceb33b692d661:0x8738b2dd4d776743!8m2!3d13.9649449!4d44.1624792!16s%2Fg%2F11ty7jgd94!19sChIJYdaStjPrHBYRQ2d3Td2yOIc?authuser=0&hl=en&g_ep=EgoyMDI2MDkzMC4wIJJjKgBIAVAD&rclk=1,0x161ceb33b692d661:0x8738b2dd4d776743,وسط مدينة إب,بقالات وسوبر ماركت,discovered,"['بقالات وسوبر ماركت في وسط مدينة إب, إب, اليمن']"
,,,,,,,,,,https://www.google.com/maps/place/%D8%B3%D9%88%D8%A8%D8%B1+%D9%85%D8%A7%D8%B1%D9%83%D8%AA+%D8%A7%D9%84%D8%B9%D8%A7%D9%84%D9%85%D9%8A%D9%87%E2%80%AD/data=!4m7!3m6!1s0x161ceb8e2ea4b12d:0x16d0f20f6b7e9177!8m2!3d13.9685151!4d44.1587652!16s%2Fg%2F11qn12zjm6!19sChIJLbGkLo7rHBYRd5F-aw_y0BY?authuser=0&hl=en&g_ep=EgoyMDI2MDkzMC4wIJJjKgBIAVAD&rclk=1,0x161ceb8e2ea4b12d:0x16d0f20f6b7e9177,وسط مدينة إب,بقالات وسوبر ماركت,discovered,"['بقالات وسوبر ماركت في وسط مدينة إب, إب, اليمن']"
,,,,,,,,,,https://www.google.com/maps/place/%D8%B3%D9%88%D8%A8%D8%B1+%D9%85%D8%A7%D8%B1%D9%83%D8%AA+%D8%AA%D9%84+%D8%A7%D9%84%D8%B3%D9%84%D8%B7%D8%A7%D9%86%E2%80%AD/data=!4m7!3m6!1s0x161ce900139c0909:0xc9c9263243d6a029!8m2!3d13.9749524!4d44.1786345!16s%2Fg%2F11xych6637!19sChIJCQmcEwDpHBYRKaDWQzImyck?authuser=0&hl=en&g_ep=EgoyMDI2MDkzMC4wIJJjKgBIAVAD&rclk=1,0x161ce900139c0909:0xc9c9263243d6a029,وسط مدينة إب,بقالات وسوبر ماركت,discovered,"['بقالات وسوبر ماركت في وسط مدينة إب, إب, اليمن']"
,,,,,,,,,,https://www.google.com/maps/place/%D9%85%D9%8A%D9%86%D9%8A+%D9%85%D8%A7%D8%B1%D9%83%D8%AA+%D8%A7%D9%84%D9%86%D9%88%D8%B1%D8%8C+%D8%B7%D9%84%D8%A7%D9%84%E2%80%AD/data=!4m7!3m6!1s0x161ce96f9431843b:0x12169b2d016f95bc!8m2!3d13.9602442!4d44.1804888!16s%2Fg%2F11lbrdn4g1!19sChIJO4QxlG_pHBYRvJVvAS2bFhI?authuser=0&hl=en&g_ep=EgoyMDI2MDkzMC4wIJJjKgBIAVAD&rclk=1,0x161ce96f9431843b:0x12169b2d016f95bc,وسط مدينة إب,بقالات وسوبر ماركت,discovered,"['بقالات وسوبر ماركت في وسط مدينة إب, إب, اليمن']"
,,,,,,,,,,https://www.google.com/maps/place/%D8%A8%D9%82%D8%A7%D9%84%D9%87+%D8%B4%D9%88%D9%82%D9%8A+%D8%A7%D9%84%D8%A7%D8%AE%D8%B6%D8%B1%E2%80%AD/data=!4m7!3m6!1s0x161cefa36db592a9:0x782e32c57f725cee!8m2!3d13.9383293!4d44.1756823!16s%2Fg%2F11t99y3ngc!19sChIJqZK1baPvHBYR7lxyf8UyLng?authuser=0&hl=en&g_ep=EgoyMDI2MDkzMC4wIJJjKgBIAVAD&rclk=1,0x161cefa36db592a9:0x782e32c57f725cee,وسط مدينة إب,بقالات وسوبر ماركت,discovered,"['بقالات وسوبر ماركت في وسط مدينة إب, إب, اليمن']"
,,,,,,,,,,https://www.google.com/maps/place/%D9%85%D8%B9%D9%8A%D9%86+%D9%87%D8%A7%D9%8A%D8%A8%D8%B1+%D9%85%D8%A7%D8%B1%D9%83%D8%AA%E2%80%AD/data=!4m7!3m6!1s0x161cebd0eea5722b:0xb6f8daa283078acc!8m2!3d13.9708229!4d44.1452162!16s%2Fg%2F11j22l3jgl!19sChIJK3Kl7tDrHBYRzIoHg6La-LY?authuser=0&hl=en&g_ep=EgoyMDI2MDkzMC4wIJJjKgBIAVAD&rclk=1,0x161cebd0eea5722b:0xb6f8daa283078acc,وسط مدينة إب,بقالات وسوبر ماركت,discovered,"['بقالات وسوبر ماركت في وسط مدينة إب, إب, اليمن']"
,,,,,,,,,,https://www.google.com/maps/place/%D8%A8%D9%82%D8%A7%D9%84%D8%A9+%D9%88+%D8%B3%D9%88%D8%A8%D8%B1+%D9%85%D8%A7%D8%B1%D9%83%D8%AA+%D8%A7%D9%84%D8%B9%D9%82%D8%A7%D8%A8%E2%80%AD/data=!4m7!3m6!1s0x161ce9005e07d127:0x8592209328550bd6!8m2!3d13.9745599!4d44.1857622!16s%2Fg%2F11w8225jt8!19sChIJJ9EHXgDpHBYR1gtVKJMgkoU?authuser=0&hl=en&g_ep=EgoyMDI2MDkzMC4wIJJjKgBIAVAD&rclk=1,0x161ce9005e07d127:0x8592209328550bd6,وسط مدينة إب,بقالات وسوبر ماركت,discovered,"['بقالات وسوبر ماركت في وسط مدينة إب, إب, اليمن']"
,,,,,,,,,,https://www.google.com/maps/place/%D9%87%D9%84%D8%A7+%D8%AA%D9%88%D9%81%D9%8A%D8%B1%E2%80%AD/data=!4m7!3m6!1s0x161ceb000ffde54b:0x7a7baaccef644ff9!8m2!3d13.9708445!4d44.1670238!16s%2Fg%2F11vzd3l058!19sChIJS-X9DwDrHBYR-U9k78yqe3o?authuser=0&hl=en&g_ep=EgoyMDI2MDkzMC4wIJJjKgBIAVAD&rclk=1,0x161ceb000ffde54b:0x7a7baaccef644ff9,وسط مدينة إب,بقالات وسوبر ماركت,discovered,"['بقالات وسوبر ماركت في وسط مدينة إب, إب, اليمن']"
,,,,,,,,,,https://www.google.com/maps/place/%D8%AB%D9%84%D8%A7%D8%AC%D8%A9+%D9%88%D8%B3%D9%88%D8%A8%D8%B1+%D9%85%D8%A7%D8%B1%D9%83%D8%AA+%D8%A7%D9%84%D8%AA%D9%88%D9%81%D9%8A%D8%B1%E2%80%AD/data=!4m7!3m6!1s0x161ceb001ad94ded:0xadeede368ef329e7!8m2!3d13.973271!4d44.1693259!16s%2Fg%2F11xrsmxsrf!19sChIJ7U3ZGgDrHBYR5ynzjjbe7q0?authuser=0&hl=en&g_ep=EgoyMDI2MDkzMC4wIJJjKgBIAVAD&rclk=1,0x161ceb001ad94ded:0xadeede368ef329e7,وسط مدينة إب,بقالات وسوبر ماركت,discovered,"['بقالات وسوبر ماركت في العدين الاسفل, إب, اليمن', 'بقالات وسوبر ماركت في وسط مدينة إب, إب, اليمن']"
,,,,,,,,,,https://www.google.com/maps/place/%D9%85%D9%8A%D9%86%D9%8A+%D9%85%D8%A7%D8%B1%D9%83%D8%AA+%D9%8A%D8%A7%D8%B3%D9%84%D8%A7%D9%85%E2%80%AD/data=!4m7!3m6!1s0x161ce9487f881965:0xb6ff817898026cde!8m2!3d13.9582042!4d44.1802807!16s%2Fg%2F11h6qjz0cg!19sChIJZRmIf0jpHBYR3mwCmHiB_7Y?authuser=0&hl=en&g_ep=EgoyMDI2MDkzMC4wIJJjKgBIAVAD&rclk=1,0x161ce9487f881965:0xb6ff817898026cde,وسط مدينة إب,بقالات وسوبر ماركت,discovered,"['بقالات وسوبر ماركت في وسط مدينة إب, إب, اليمن']"
,,,,,,,,,,https://www.google.com/maps/place/%D8%B3%D9%88%D8%A8%D8%B1+%D9%85%D8%A7%D8%B1%D9%83%D8%AA+%D8%A7%D9%84%D8%B9%D9%88%D8%B6%D9%8A%E2%80%AD/data=!4m7!3m6!1s0x161ceb0b010bff65:0xceb053f543126bbe!8m2!3d13.9705145!4d44.130724!16s%2Fg%2F11p185h3_1!19sChIJZf8LAQvrHBYRvmsSQ_VTsM4?authuser=0&hl=en&g_ep=EgoyMDI2MDkzMC4wIJJjKgBIAVAD&rclk=1,0x161ceb0b010bff65:0xceb053f543126bbe,وسط مدينة إب,بقالات وسوبر ماركت,discovered,"['بقالات وسوبر ماركت في وسط مدينة إب, إب, اليمن']"
,,,,,,,,,,https://www.google.com/maps/place/%D8%B3%D9%88%D8%A8%D8%B1+%D9%85%D8%A7%D8%B1%D9%83%D8%AA+%D8%A7%D9%84%D9%81%D8%AA%D8%AD%E2%80%AD/data=!4m7!3m6!1s0x161ce900585500bf:0xbf41c0fc693e5409!8m2!3d13.9524004!4d44.1874033!16s%2Fg%2F11vxv25470!19sChIJvwBVWADpHBYRCVQ-afzAQb8?authuser=0&hl=en&g_ep=EgoyMDI2MDkzMC4wIJJjKgBIAVAD&rclk=1,0x161ce900585500bf:0xbf41c0fc693e5409,وسط مدينة إب,بقالات وسوبر ماركت,discovered,"['بقالات وسوبر ماركت في وسط مدينة إب, إب, اليمن']"
,,,,,,,,,,https://www.google.com/maps/place/%D8%B3%D9%88%D8%A8%D8%B1+%D9%85%D8%A7%D8%B1%D9%83%D8%AA+%D8%A7%D9%84%D8%AC%D8%B2%D9%8A%D8%B1%D8%A9%E2%80%AD/data=!4m7!3m6!1s0x161ce900390b398d:0x155ac15fdf249b0d!8m2!3d13.9592934!4d44.1808883!16s%2Fg%2F11m_8c_5q5!19sChIJjTkLOQDpHBYRDZsk31_BWhU?authuser=0&hl=en&g_ep=EgoyMDI2MDkzMC4wIJJjKgBIAVAD&rclk=1,0x161ce900390b398d:0x155ac15fdf249b0d,وسط مدينة إب,بقالات وسوبر ماركت,discovered,"['بقالات وسوبر ماركت في وسط مدينة إب, إب, اليمن']"
,,,,,,,,,,https://www.google.com/maps/place/%D8%B3%D9%88%D8%A8%D8%B1+%D9%85%D8%A7%D8%B1%D9%83%D8%AA+%D8%A7%D9%84%D9%81%D9%87%D8%AF%E2%80%AD/data=!4m7!3m6!1s0x161ce90045f9922d:0x6b5809901c8837aa!8m2!3d13.9716796!4d44.1777222!16s%2Fg%2F11y5crlryg!19sChIJLZL5RQDpHBYRqjeIHJAJWGs?authuser=0&hl=en&g_ep=EgoyMDI2MDkzMC4wIJJjKgBIAVAD&rclk=1,0x161ce90045f9922d:0x6b5809901c8837aa,وسط مدينة إب,بقالات وسوبر ماركت,discovered,"['بقالات وسوبر ماركت في وسط مدينة إب, إب, اليمن']"
,,,,,,,,,,https://www.google.com/maps/place/%D8%A8%D9%82%D8%A7%D9%84%D9%87+%D8%A7%D9%84%D8%A7%D9%85%D9%8A%D9%86%E2%80%AD/data=!4m7!3m6!1s0x161ce9000552efb1:0xa1862b379209a70!8m2!3d13.9593314!4d44.1793108!16s%2Fg%2F11lmh1704p!19sChIJse9SBQDpHBYRcJogebNiGAo?authuser=0&hl=en&g_ep=EgoyMDI2MDkzMC4wIJJjKgBIAVAD&rclk=1,0x161ce9000552efb1:0xa1862b379209a70,وسط مدينة إب,بقالات وسوبر ماركت,discovered,"['بقالات وسوبر ماركت في وسط مدينة إب, إب, اليمن']"
,,,,,,,,,,https://www.google.com/maps/place/%D8%B3%D9%88%D8%A8%D8%B1+%D9%85%D8%A7%D8%B1%D9%83%D8%AA+%D8%A7%D9%84%D8%B2%D8%B9%D9%8A%D9%85%E2%80%AD/data=!4m7!3m6!1s0x161ce92934dd130f:0xd31a7b9f21ed239e!8m2!3d13.9636723!4d44.1843487!16s%2Fg%2F11jn482ws5!19sChIJDxPdNCnpHBYRniPtIZ97GtM?authuser=0&hl=en&g_ep=EgoyMDI2MDkzMC4wIJJjKgBIAVAD&rclk=1,0x161ce92934dd130f:0xd31a7b9f21ed239e,وسط مدينة إب,بقالات وسوبر ماركت,discovered,"['بقالات وسوبر ماركت في وسط مدينة إب, إب, اليمن']"
,,,,,,,,,,https://www.google.com/maps/place/%D8%A8%D9%82%D8%A7%D9%84%D8%A9+%D9%8A%D8%B9%D9%82%D9%88%D8%A8+%D8%A7%D9%84%D9%85%D8%B1%D9%8A%D8%B3%D9%8A%E2%80%AD/data=!4m7!3m6!1s0x161ceb038c6d3553:0xa66346e5a6f8256c!8m2!3d13.9516678!4d44.1637033!16s%2Fg%2F11s3xf9p52!19sChIJUzVtjAPrHBYRbCX4puVGY6Y?authuser=0&hl=en&g_ep=EgoyMDI2MDkzMC4wIJJjKgBIAVAD&rclk=1,0x161ceb038c6d3553:0xa66346e5a6f8256c,وسط مدينة إب,بقالات وسوبر ماركت,discovered,"['بقالات وسوبر ماركت في وسط مدينة إب, إب, اليمن']"
,,,,,,,,,,https://www.google.com/maps/place/Yemen+Spice/data=!4m7!3m6!1s0x161ce95385198273:0x97ba905265e8499c!8m2!3d13.945152!4d44.1767888!16s%2Fg%2F11c318b_kv!19sChIJc4IZhVPpHBYRnEnoZVKQupc?authuser=0&hl=en&g_ep=EgoyMDI2MDkzMC4wIJJjKgBIAVAD&rclk=1,0x161ce95385198273:0x97ba905265e8499c,وسط مدينة إب,بقالات وسوبر ماركت,discovered,"['بقالات وسوبر ماركت في وسط مدينة إب, إب, اليمن']"
,,,,,,,,,,https://www.google.com/maps/place/%D8%A8%D9%82%D8%A7%D9%84%D9%87+%D8%B9%D8%A8%D8%AF%D8%A7%D9%84%D9%87%D8%A7%D8%AF%D9%8A%E2%80%AD/data=!4m7!3m6!1s0x161ce98e0bef4443:0xc17ba12adfb18ca2!8m2!3d13.9767356!4d44.1855479!16s%2Fg%2F11pw3qyhh4!19sChIJQ0TvC47pHBYRooyx3yqhe8E?authuser=0&hl=en&g_ep=EgoyMDI2MDkzMC4wIJJjKgBIAVAD&rclk=1,0x161ce98e0bef4443:0xc17ba12adfb18ca2,وسط مدينة إب,بقالات وسوبر ماركت,discovered,"['بقالات وسوبر ماركت في وسط مدينة إب, إب, اليمن']"
,,,,,,,,,,https://www.google.com/maps/place/%D8%B3%D9%88%D8%A8%D8%B1+%D9%85%D8%A7%D8%B1%D9%83%D8%AA+%D8%A7%D9%84%D8%AC%D8%A7%D9%85%D8%B9%D9%87%E2%80%AD/data=!4m7!3m6!1s0x161ceb0030ee9dad:0xa2f5448d216ca748!8m2!3d13.959601!4d44.1710791!16s%2Fg%2F11wnvgvqj0!19sChIJrZ3uMADrHBYRSKdsIY1E9aI?authuser=0&hl=en&g_ep=EgoyMDI2MDkzMC4wIJJjKgBIAVAD&rclk=1,0x161ceb0030ee9dad:0xa2f5448d216ca748,وسط مدينة إب,بقالات وسوبر ماركت,discovered,"['بقالات وسوبر ماركت في وسط مدينة إب, إب, اليمن']"
,,,,,,,,,,https://www.google.com/maps/place/%D8%A7%D9%84%D8%B3%D9%82%D8%A7%D9%81+%D9%84%D9%82%D8%B7%D8%B9+%D8%BA%D9%8A%D8%A7%D8%B1+%D8%A7%D9%84%D8%B3%D9%8A%D8%A7%D8%B1%D8%A7%D8%AA%E2%80%AD/data=!4m7!3m6!1s0x161ce92da40f92df:0x943c302e2c36ed89!8m2!3d13.9618471!4d44.1777689!16s%2Fg%2F11gh9mhf0l!19sChIJ35IPpC3pHBYRie02LC4wPJQ?authuser=0&hl=en&g_ep=EgoyMDI2MDkzMC4wIJJjKgBIAVAD&rclk=1,0x161ce92da40f92df:0x943c302e2c36ed89,وسط مدينة إب,قطع غيار سيارات,discovered,"['قطع غيار سيارات في وسط مدينة إب, إب, اليمن']"
,,,,,,,,,,https://www.google.com/maps/place/%D9%85%D8%B1%D9%83%D8%B2+%D8%A7%D9%84%D8%AF%D8%B9%D9%8A%D8%B3+%D9%84%D9%82%D8%B7%D8%B9+%D8%BA%D9%8A%D8%A7%D8%B1+%D8%A7%D9%84%D8%B3%D9%8A%D8%A7%D8%B1%D8%AA+%D8%A7%D9%84%D8%A7%D8%B5%D9%84%D9%8A%D8%A9%E2%80%AD/data=!4m7!3m6!1s0x161ce95d39871fb9:0xb0579a0717c68a31!8m2!3d13.9574891!4d44.1809819!16s%2Fg%2F1ptz6hvf_!19sChIJuR-HOV3pHBYRMYrGFweaV7A?authuser=0&hl=en&g_ep=EgoyMDI2MDkzMC4wIJJjKgBIAVAD&rclk=1,0x161ce95d39871fb9:0xb0579a0717c68a31,وسط مدينة إب,قطع غيار سيارات,discovered,"['قطع غيار سيارات في وسط مدينة إب, إب, اليمن']"
,,,,,,,,,,https://www.google.com/maps/place/%D8%A7%D9%84+%D9%82%D8%A7%D8%A6%D8%AF+%D9%84%D8%A8%D9%8A%D8%B9+%D9%82%D8%B7%D8%B9+%D8%BA%D9%8A%D8%A7%D8%B1+%D8%A7%D9%84%D8%B3%D9%8A%D8%A7%D8%B1%D8%A7%D8%AA+%D9%88%D8%B2%D9%8A%D9%88%D8%AA+%D9%84%D9%8A%D9%83%D9%88%D9%85%D9%88%D9%84%D9%8A+%D8%A7%D9%84%D8%A7%D9%84%D9%85%D8%A7%D9%86%D9%8A%D8%A9%E2%80%AD/data=!4m7!3m6!1s0x161ce9e2662304fd:0xeb5a121a05b7b173!8m2!3d13.9580486!4d44.1782999!16s%2Fg%2F11jky3kr35!19sChIJ_QQjZuLpHBYRc7G3BRoSWus?authuser=0&hl=en&g_ep=EgoyMDI2MDkzMC4wIJJjKgBIAVAD&rclk=1,0x161ce9e2662304fd:0xeb5a121a05b7b173,وسط مدينة إب,قطع غيار سيارات,discovered,"['قطع غيار سيارات في وسط مدينة إب, إب, اليمن']"
,,,,,,,,,,https://www.google.com/maps/place/%D9%88%D9%83%D8%A7%D9%84%D8%A9+%D8%A7%D9%84%D8%AE%D8%B6%D8%B1+%D9%84%D9%82%D8%B7%D8%B9+%D8%BA%D9%8A%D8%A7%D8%B1+%D8%A7%D9%84%D8%B3%D9%8A%D8%A7%D8%B1%D8%A7%D8%AA+%D9%88%D8%A7%D9%84%D8%B2%D9%8A%D9%88%D8%AA+%D9%88%D8%A7%D9%84%D8%A5%D8%B7%D8%A7%D8%B1%D8%A7%D8%AA+%D9%88%D8%A7%D9%84%D8%A8%D8%B7%D8%A7%D8%B1%D9%8A%D8%A7%D8%AA%E2%80%AD/data=!4m7!3m6!1s0x161cebce4ae539f7:0x95f3016fd51f76ec!8m2!3d13.9755836!4d44.1606759!16s%2Fg%2F11fpr32jct!19sChIJ9znlSs7rHBYR7HYf1W8B85U?authuser=0&hl=en&g_ep=EgoyMDI2MDkzMC4wIJJjKgBIAVAD&rclk=1,0x161cebce4ae539f7:0x95f3016fd51f76ec,وسط مدينة إب,قطع غيار سيارات,discovered,"['قطع غيار سيارات في وسط مدينة إب, إب, اليمن']"
,,,,,,,,,,https://www.google.com/maps/place/%D8%A7%D9%84%D8%A8%D8%B9%D8%AF%D8%A7%D9%86%D9%8A+%D9%84%D9%82%D8%B7%D8%B9+%D8%BA%D9%8A%D8%A7%D8%B1+%D8%A7%D9%84%D8%B3%D9%8A%D8%A7%D8%B1%D8%A7%D8%AA%E2%80%AD/data=!4m7!3m6!1s0x161ceb24d7acb1b5:0x8f57d69a85bcbe64!8m2!3d13.97312!4d44.1662649!16s%2Fg%2F11fkf2vs67!19sChIJtbGs1yTrHBYRZL68hZrWV48?authuser=0&hl=en&g_ep=EgoyMDI2MDkzMC4wIJJjKgBIAVAD&rclk=1,0x161ceb24d7acb1b5:0x8f57d69a85bcbe64,وسط مدينة إب,قطع غيار سيارات,discovered,"['قطع غيار سيارات في وسط مدينة إب, إب, اليمن']"
,,,,,,,,,,https://www.google.com/maps/place/%D9%85%D8%B3%D8%AA%D9%88%D8%AF%D8%B9+%D8%AA%D8%B9%D8%B2+%D8%B9%D8%A7%D9%84%D9%85+%D8%A7%D9%84%D8%AA%D9%88%D9%8A%D9%88%D8%AA%D8%A7%D9%84%D9%82%D8%B7%D8%B9+%D8%BA%D9%8A%D8%A7%D8%B1+%D8%A7%D9%84%D8%B3%D9%8A%D8%A7%D8%B1%D8%A7%D8%AA+%D9%88%D8%A7%D9%84%D8%A8%D8%A7%D8%B5%D8%A7%D8%AA+%D8%A7%D9%84%D8%B9%D9%86%D9%88%D8%A7%D9%86+%D9%81%D9%8A+%D8%A7%D8%A8%E2%80%AD/data=!4m7!3m6!1s0x161ce9d0ed7a9003:0xed615a953a4376a5!8m2!3d13.9621359!4d44.1774594!16s%2Fg%2F11mts0j1p2!19sChIJA5B67dDpHBYRpXZDOpVaYe0?authuser=0&hl=en&g_ep=EgoyMDI2MDkzMC4wIJJjKgBIAVAD&rclk=1,0x161ce9d0ed7a9003:0xed615a953a4376a5,وسط مدينة إب,قطع غيار سيارات,discovered,"['قطع غيار سيارات في وسط مدينة إب, إب, اليمن']"
,,,,,,,,,,https://www.google.com/maps/place/%D8%A7%D8%A8%D9%86+%D8%A7%D8%AD%D9%85%D8%AF+%D9%84%D8%AC%D9%85%D9%8A%D8%B9+%D8%A7%D9%86%D9%88%D8%A7%D8%B9+%D9%82%D8%B7%D8%B9+%D8%BA%D9%8A%D8%A7%D8%B1+%D8%A7%D9%84%D8%B3%D9%8A%D8%A7%D8%B1%D8%A7%D8%AA%E2%80%AD/data=!4m7!3m6!1s0x161ce94d8485c55b:0x5cba2e94c7e2e899!8m2!3d13.9619171!4d44.1777452!16s%2Fg%2F11fjvw8n5z!19sChIJW8WFhE3pHBYRmejix5Quulw?authuser=0&hl=en&g_ep=EgoyMDI2MDkzMC4wIJJjKgBIAVAD&rclk=1,0x161ce94d8485c55b:0x5cba2e94c7e2e899,وسط مدينة إب,قطع غيار سيارات,discovered,"['قطع غيار سيارات في وسط مدينة إب, إب, اليمن']"
,,,,,,,,,,https://www.google.com/maps/place/%D8%AA%D8%B4%D9%84%D9%8A%D8%AD+%D8%A7%D9%84%D9%86%D8%A7%D9%82%D9%84+2%E2%80%AD/data=!4m7!3m6!1s0x161ce9508715dc9f:0x2ea784b0b4161069!8m2!3d13.9578254!4d44.1778634!16s%2Fg%2F11h_yfjyn4!19sChIJn9wVh1DpHBYRaRAWtLCEpy4?authuser=0&hl=en&g_ep=EgoyMDI2MDkzMC4wIJJjKgBIAVAD&rclk=1,0x161ce9508715dc9f:0x2ea784b0b4161069,وسط مدينة إب,قطع غيار سيارات,discovered,"['قطع غيار سيارات في وسط مدينة إب, إب, اليمن']"
,,,,,,,,,,https://www.google.com/maps/place/%D8%B3%D9%88%D9%82+%D8%A7%D9%84%D9%88%D8%AD%D8%AF%D9%87%E2%80%AD/data=!4m7!3m6!1s0x161ce93b417e2427:0xd654b23fa375a25a!8m2!3d13.9578173!4d44.1805442!16s%2Fg%2F11h_wqzjfy!19sChIJJyR-QTvpHBYRWqJ1oz-yVNY?authuser=0&hl=en&g_ep=EgoyMDI2MDkzMC4wIJJjKgBIAVAD&rclk=1,0x161ce93b417e2427:0xd654b23fa375a25a,وسط مدينة إب,أسواق ومحلات متنوعة,discovered,"['أسواق ومحلات متنوعة في وسط مدينة إب, إب, اليمن']"
,,,,,,,,,,https://www.google.com/maps/place/%D8%B3%D9%88%D9%82+%D8%A7%D9%84%D8%B8%D9%87%D8%A7%D8%B1%E2%80%AD/data=!4m7!3m6!1s0x161ce9a42464dd25:0x52298d553af46871!8m2!3d13.9741455!4d44.1725386!16s%2Fg%2F11l30_mb59!19sChIJJd1kJKTpHBYRcWj0OlWNKVI?authuser=0&hl=en&g_ep=EgoyMDI2MDkzMC4wIJJjKgBIAVAD&rclk=1,0x161ce9a42464dd25:0x52298d553af46871,وسط مدينة إب,أسواق ومحلات متنوعة,discovered,"['أسواق ومحلات متنوعة في وسط مدينة إب, إب, اليمن']"
,,,,,,,,,,https://www.google.com/maps/place/One+Mall/data=!4m7!3m6!1s0x161cebbc8fee4197:0x9f1ac9555fa84437!8m2!3d13.971201!4d44.14496!16s%2Fg%2F11dfgwp0jt!19sChIJl0Huj7zrHBYRN0SoX1XJGp8?authuser=0&hl=en&g_ep=EgoyMDI2MDkzMC4wIJJjKgBIAVAD&rclk=1,0x161cebbc8fee4197:0x9f1ac9555fa84437,وسط مدينة إب,أسواق ومحلات متنوعة,discovered,"['أسواق ومحلات متنوعة في وسط مدينة إب, إب, اليمن']"
,,,,,,,,,,https://www.google.com/maps/place/%D8%B3%D9%88%D9%82+%D8%A7%D9%84%D8%AC%D9%85%D9%84%D8%A9+%D9%84%D9%84%D8%AE%D8%B6%D8%B1%D9%88%D8%A7%D8%AA+%D9%88%D8%A7%D9%84%D9%81%D9%88%D8%A7%D9%83%D8%A9%E2%80%AD/data=!4m7!3m6!1s0x161ce9aea4ddf24d:0x9e3782ef0a56ab97!8m2!3d13.9741594!4d44.1725975!16s%2Fg%2F11rgvclvf7!19sChIJTfLdpK7pHBYRl6tWCu-CN54?authuser=0&hl=en&g_ep=EgoyMDI2MDkzMC4wIJJjKgBIAVAD&rclk=1,0x161ce9aea4ddf24d:0x9e3782ef0a56ab97,وسط مدينة إب,أسواق ومحلات متنوعة,discovered,"['أسواق ومحلات متنوعة في وسط مدينة إب, إب, اليمن']"
,,,,,,,,,,https://www.google.com/maps/place/%D8%B3%D9%88%D9%82+%D8%A5%D8%A8+%D8%AC%D9%88%D9%84%D8%A9+%D8%A7%D9%84%D8%B9%D8%AF%D9%8A%D9%86%E2%80%AD/data=!4m7!3m6!1s0x161cebc5a3e44c85:0x1111d84ced695e68!8m2!3d13.9713913!4d44.1602966!16s%2Fg%2F11f10bc67r!19sChIJhUzko8XrHBYRaF5p7UzYERE?authuser=0&hl=en&g_ep=EgoyMDI2MDkzMC4wIJJjKgBIAVAD&rclk=1,0x161cebc5a3e44c85:0x1111d84ced695e68,وسط مدينة إب,أسواق ومحلات متنوعة,discovered,"['أسواق ومحلات متنوعة في وسط مدينة إب, إب, اليمن', 'مطاعم في جولة العدين, إب, اليمن']"
,,,,,,,,,,https://www.google.com/maps/place/Jraan+Trade+Center/data=!4m7!3m6!1s0x161ce97ea04ff8c5:0xef2993a7cf8d5843!8m2!3d13.97358!4d44.1755946!16s%2Fg%2F11g6974nfl!19sChIJxfhPoH7pHBYRQ1iNz6eTKe8?authuser=0&hl=en&g_ep=EgoyMDI2MDkzMC4wIJJjKgBIAVAD&rclk=1,0x161ce97ea04ff8c5:0xef2993a7cf8d5843,وسط مدينة إب,أسواق ومحلات متنوعة,discovered,"['أسواق ومحلات متنوعة في وسط مدينة إب, إب, اليمن']"
,,,,,,,,,,https://www.google.com/maps/place/%D9%85%D8%B1%D9%83%D8%B2+%D8%A8%D8%B1%D8%AC+%D8%A7%D9%84%D9%85%D8%AF%D9%8A%D9%86%D8%A9%E2%80%AD/data=!4m7!3m6!1s0x161ce900669b5e53:0x7aa76f5cd3ad5daa!8m2!3d13.9739717!4d44.1839943!16s%2Fg%2F11wv2jbwn7!19sChIJU16bZgDpHBYRql2t01xvp3o?authuser=0&hl=en&g_ep=EgoyMDI2MDkzMC4wIJJjKgBIAVAD&rclk=1,0x161ce900669b5e53:0x7aa76f5cd3ad5daa,وسط مدينة إب,أسواق ومحلات متنوعة,discovered,"['أسواق ومحلات متنوعة في وسط مدينة إب, إب, اليمن']"
,,,,,,,,,,https://www.google.com/maps/place/%D8%B4%D8%A8%D8%A7%D9%86%E2%80%AD/data=!4m7!3m6!1s0x161ced9d35b40ca7:0xf773e34cd421ba83!8m2!3d13.9064955!4d44.1702308!16s%2Fg%2F11rzhcw_ts!19sChIJpwy0NZ3tHBYRg7oh1Ezjc_c?authuser=0&hl=en&g_ep=EgoyMDI2MDkzMC4wIJJjKgBIAVAD&rclk=1,0x161ced9d35b40ca7:0xf773e34cd421ba83,وسط مدينة إب,أسواق ومحلات متنوعة,discovered,"['أسواق ومحلات متنوعة في وسط مدينة إب, إب, اليمن']"
,,,,,,,,,,https://www.google.com/maps/place/Yemen+IBB/data=!4m7!3m6!1s0x161ce9291d30e83f:0xd19a29e9f0455166!8m2!3d13.9720929!4d44.1625338!16s%2Fg%2F11ly2k6n3x!19sChIJP-gwHSnpHBYRZlFF8OkpmtE?authuser=0&hl=en&g_ep=EgoyMDI2MDkzMC4wIJJjKgBIAVAD&rclk=1,0x161ce9291d30e83f:0xd19a29e9f0455166,وسط مدينة إب,أسواق ومحلات متنوعة,discovered,"['أسواق ومحلات متنوعة في وسط مدينة إب, إب, اليمن']"
,,,,,,,,,,https://www.google.com/maps/place/%D9%85%D8%B1%D9%83%D8%B2+%D8%A7%D8%A8%D9%88+%D9%85%D8%B5%D8%B7%D9%81%D9%89+%D8%A7%D9%84%D8%AA%D8%AC%D8%A7%D8%B1%D9%8A+%D9%84%D9%84%D8%B9%D9%88%D8%AF+%D9%88%D8%A7%D9%84%D8%B9%D8%B7%D9%88%D8%B1+%D9%88%D9%85%D8%B3%D8%AA%D9%84%D8%B2%D9%85%D8%A7%D8%AA+%D8%A7%D9%84%D8%AA%D8%AC%D9%85%D9%8A%D9%84%E2%80%AD/data=!4m7!3m6!1s0x161ce980527fa337:0x9a23d61fe113199b!8m2!3d13.9754973!4d44.1839713!16s%2Fg%2F11l71rhp63!19sChIJN6N_UoDpHBYRmxkT4R_WI5o?authuser=0&hl=en&g_ep=EgoyMDI2MDkzMC4wIJJjKgBIAVAD&rclk=1,0x161ce980527fa337:0x9a23d61fe113199b,وسط مدينة إب,أسواق ومحلات متنوعة,discovered,"['أسواق ومحلات متنوعة في وسط مدينة إب, إب, اليمن']"
,,,,,,,,,,https://www.google.com/maps/place/%D8%A7%D8%A8+%D8%B4%D8%A7%D8%B1%D8%B9+%D8%AA%D8%B9%D8%B2%E2%80%AD/data=!4m7!3m6!1s0x161ce9001036c09d:0x2a1badbd23e145f1!8m2!3d13.9587684!4d44.1809942!16s%2Fg%2F11y7c446b2!19sChIJncA2EADpHBYR8UXhI72tGyo?authuser=0&hl=en&g_ep=EgoyMDI2MDkzMC4wIJJjKgBIAVAD&rclk=1,0x161ce9001036c09d:0x2a1badbd23e145f1,وسط مدينة إب,أسواق ومحلات متنوعة,discovered,"['أسواق ومحلات متنوعة في وسط مدينة إب, إب, اليمن']"
,,,,,,,,,,https://www.google.com/maps/place/%D8%A7%D9%84%D9%8A%D9%85%D9%86+%D8%A5%D8%A8%E2%80%AD/data=!4m7!3m6!1s0x161ce900001bbf19:0x9a0b45ff6424ca18!8m2!3d13.9600273!4d44.1838662!16s%2Fg%2F11w2js30lv!19sChIJGb8bAADpHBYRGMokZP9FC5o?authuser=0&hl=en&g_ep=EgoyMDI2MDkzMC4wIJJjKgBIAVAD&rclk=1,0x161ce900001bbf19:0x9a0b45ff6424ca18,وسط مدينة إب,أسواق ومحلات متنوعة,discovered,"['أسواق ومحلات متنوعة في وسط مدينة إب, إب, اليمن']"
,,,,,,,,,,https://www.google.com/maps/place/%D8%B3%D8%AD%D8%A7%D8%A8+%D8%A5%D8%A8+%D9%84%D9%84%D9%85%D9%84%D8%A7%D8%A8%D8%B3+%D8%A7%D9%84%D8%AC%D8%A7%D9%87%D8%B2%D8%A9+Sahab+Ibb%E2%80%AD/data=!4m7!3m6!1s0x161cebc68cf4fa79:0x6f2afc865c3e9a0e!8m2!3d13.9709765!4d44.1450466!16s%2Fg%2F11pws_p3h_!19sChIJefr0jMbrHBYRDpo-XIb8Km8?authuser=0&hl=en&g_ep=EgoyMDI2MDkzMC4wIJJjKgBIAVAD&rclk=1,0x161cebc68cf4fa79:0x6f2afc865c3e9a0e,وسط مدينة إب,أسواق ومحلات متنوعة,discovered,"['أسواق ومحلات متنوعة في وسط مدينة إب, إب, اليمن']"
,,,,,,,,,,https://www.google.com/maps/place/%D8%A5%D8%A8+%D8%A7%D9%84%D9%8A%D9%85%D9%86%E2%80%AD/data=!4m7!3m6!1s0x161ce90070408f8d:0x3a7b37a95d43d3a8!8m2!3d13.970286!4d44.17365!16s%2Fg%2F11vsp74m2_!19sChIJjY9AcADpHBYRqNNDXak3ezo?authuser=0&hl=en&g_ep=EgoyMDI2MDkzMC4wIJJjKgBIAVAD&rclk=1,0x161ce90070408f8d:0x3a7b37a95d43d3a8,وسط مدينة إب,أسواق ومحلات متنوعة,discovered,"['أسواق ومحلات متنوعة في وسط مدينة إب, إب, اليمن']"
,,,,,,,,,,https://www.google.com/maps/place/%D9%85%D8%AC%D9%85%D9%88%D8%B9%D8%A9+%D8%A7%D9%84%D9%81%D8%A7%D8%A6%D8%B2+%D9%84%D9%84%D9%87%D9%88%D8%A7%D8%AA%D9%81+%D8%A7%D9%84%D8%B0%D9%83%D9%8A%D8%A9+%D9%88%D9%85%D8%B3%D8%AA%D9%84%D8%B2%D9%85%D8%A7%D8%AA%D9%87%D8%A7%E2%80%AD/data=!4m7!3m6!1s0x161ce900563619c3:0xbde14385a51830b4!8m2!3d13.9568854!4d44.1811974!16s%2Fg%2F11ld3pny4k!19sChIJwxk2VgDpHBYRtDAYpYVD4b0?authuser=0&hl=en&g_ep=EgoyMDI2MDkzMC4wIJJjKgBIAVAD&rclk=1,0x161ce900563619c3:0xbde14385a51830b4,وسط مدينة إب,أسواق ومحلات متنوعة,discovered,"['أسواق ومحلات متنوعة في وسط مدينة إب, إب, اليمن']"
,,,,,,,,,,https://www.google.com/maps/place/%D8%A7%D9%84%D9%84%D9%88%D8%A7%D8%A1+%D8%A7%D9%84%D8%A3%D8%AE%D8%B6%D8%B1%E2%80%AD/data=!4m7!3m6!1s0x161ce90018fef871:0x8899137905d7ffc0!8m2!3d13.9564123!4d44.1950972!16s%2Fg%2F11w7dpsl85!19sChIJcfj-GADpHBYRwP_XBXkTmYg?authuser=0&hl=en&g_ep=EgoyMDI2MDkzMC4wIJJjKgBIAVAD&rclk=1,0x161ce90018fef871:0x8899137905d7ffc0,وسط مدينة إب,أسواق ومحلات متنوعة,discovered,"['أسواق ومحلات متنوعة في وسط مدينة إب, إب, اليمن']"
,,,,,,,,,,https://www.google.com/maps/place/%D8%A7%D8%B3%D9%88%D8%A7%D9%82+%D8%A7%D9%84%D8%AA%D9%88%D8%A7%D8%A8%D9%84%28%D8%A7%D9%84%D8%B3%D8%A7%D8%AF%D9%87+%D9%84%D8%AA%D8%AC%D8%A7%D8%B1%D9%87%29%E2%80%AD/data=!4m7!3m6!1s0x161ce900024a0b1f:0xe5dda5453f5df71!8m2!3d13.9719327!4d44.1754236!16s%2Fg%2F11w4njyqxk!19sChIJHwtKAgDpHBYRcd_1U1TaXQ4?authuser=0&hl=en&g_ep=EgoyMDI2MDkzMC4wIJJjKgBIAVAD&rclk=1,0x161ce900024a0b1f:0xe5dda5453f5df71,وسط مدينة إب,أسواق ومحلات متنوعة,discovered,"['أسواق ومحلات متنوعة في وسط مدينة إب, إب, اليمن', 'مواد غذائية وتمور ولحوم في وسط مدينة إب, إب, اليمن']"
,,,,,,,,,,https://www.google.com/maps/place/%D8%A7%D9%84%D8%A8%D9%86+%D8%A7%D9%84%D9%8A%D9%85%D9%86%D9%8A%E2%80%AD/data=!4m7!3m6!1s0x161ce9d38e994fe5:0x50193dfb07c70e46!8m2!3d13.9773892!4d44.1838454!16s%2Fg%2F11pzx7f299!19sChIJ5U-ZjtPpHBYRRg7HB_s9GVA?authuser=0&hl=en&g_ep=EgoyMDI2MDkzMC4wIJJjKgBIAVAD&rclk=1,0x161ce9d38e994fe5:0x50193dfb07c70e46,وسط مدينة إب,أسواق ومحلات متنوعة,discovered,"['أسواق ومحلات متنوعة في وسط مدينة إب, إب, اليمن', 'مواد غذائية وتمور ولحوم في وسط مدينة إب, إب, اليمن']"
,,,,,,,,,,https://www.google.com/maps/place/%D9%85%D9%83%D8%AA%D8%A8%D8%A9+%D8%A7%D8%A8%D9%86+%D8%AA%D9%8A%D9%85%D9%8A%D8%A9.%E2%80%AD/data=!4m7!3m6!1s0x161ce97ee6ed1447:0xc2a2ec667be73123!8m2!3d13.974856!4d44.1753982!16s%2Fg%2F11fxxp35fj!19sChIJRxTt5n7pHBYRIzHne2bsosI?authuser=0&hl=en&g_ep=EgoyMDI2MDkzMC4wIJJjKgBIAVAD&rclk=1,0x161ce97ee6ed1447:0xc2a2ec667be73123,العدين,مكتبات وقرطاسية وألعاب,discovered,"['مكتبات وقرطاسية وألعاب في العدين, إب, اليمن']"
,,,,,,,,,,https://www.google.com/maps/place/%D8%A7%D9%84%D9%85%D9%83%D8%AA%D8%A8%D8%A9+%D8%A7%D9%84%D8%AD%D8%AF%D9%8A%D8%AB%D8%A9+%D9%84%D9%84%D9%83%D8%AA%D8%A8+%D9%88%D8%A7%D9%84%D9%82%D8%B1%D8%B7%D8%A7%D8%B3%D9%8A%D8%A9%E2%80%AD/data=!4m7!3m6!1s0x161cebf8ec254071:0xf0ddba0ec5205b08!8m2!3d13.974751!4d44.1698998!16s%2Fg%2F11j1d_xccl!19sChIJcUAl7PjrHBYRCFsgxQ663fA?authuser=0&hl=en&g_ep=EgoyMDI2MDkzMC4wIJJjKgBIAVAD&rclk=1,0x161cebf8ec254071:0xf0ddba0ec5205b08,العدين,مكتبات وقرطاسية وألعاب,discovered,"['مكتبات وقرطاسية وألعاب في العدين, إب, اليمن']"
,,,,,,,,,,https://www.google.com/maps/place/%D9%85%D9%83%D8%AA%D8%A8%D8%A9+%D8%A7%D9%84%D8%A7%D9%88%D8%A7%D8%A6%D9%84+%D8%A7%D8%AF%D9%88%D8%A7%D8%AA+%D9%85%D8%AF%D8%B1%D8%B3%D9%8A%D9%87+%D8%A7%D8%AF%D9%88%D8%A7%D8%AA+%D9%85%D9%83%D8%AA%D8%A8%D9%8A%D9%87+%D9%82%D8%B1%D8%B7%D8%A7%D8%B3%D9%8A%D9%87+%D8%AA%D8%B5%D9%88%D9%8A%D8%B1+%D9%85%D8%B4%D8%AA%D9%86%D8%AF%D8%A7%D8%AA+%D8%AE%D8%AF%D9%85%D8%A7%D8%AA+%D8%B7%D9%84%D8%A7%D8%A8%D9%8A%D9%87+%D8%AC%D9%85%D9%84%D9%87+%D9%80+%D8%AA%D8%AC%D8%B2%D8%A6%D8%A9%E2%80%AD/data=!4m7!3m6!1s0x1602bd0062c690c9:0xf3dc3b689f9dac0!8m2!3d14.4155336!4d44.8388831!16s%2Fg%2F11yrsfy7g3!19sChIJyZDGYgC9AhYRwNr5ibbDPQ8?authuser=0&hl=en&g_ep=EgoyMDI2MDkzMC4wIJJjKgBIAVAD&rclk=1,0x1602bd0062c690c9:0xf3dc3b689f9dac0,العدين,مكتبات وقرطاسية وألعاب,discovered,"['مكتبات وقرطاسية وألعاب في العدين, إب, اليمن']"
,,,,,,,,,,https://www.google.com/maps/place/%D9%85%D9%83%D8%AA%D8%A8%D8%A9+%D8%A7%D8%A8%D9%88+%D8%B2%D9%8A%D8%AF%E2%80%AD/data=!4m7!3m6!1s0x161cf3d95d08b717:0xdebc86a473234fa1!8m2!3d13.8339142!4d44.1146906!16s%2Fg%2F11ss6cqszk!19sChIJF7cIXdnzHBYRoU8jc6SGvN4?authuser=0&hl=en&g_ep=EgoyMDI2MDkzMC4wIJJjKgBIAVAD&rclk=1,0x161cf3d95d08b717:0xdebc86a473234fa1,العدين,مكتبات وقرطاسية وألعاب,discovered,"['مكتبات وقرطاسية وألعاب في العدين, إب, اليمن']"
,,,,,,,,,,https://www.google.com/maps/place/%D8%AA%D8%A3%D8%AC%D9%8A%D8%B1+%D8%B3%D9%8A%D8%A7%D8%B1%D8%A7%D8%AA+%D9%8A%D9%85%D9%86+%D8%A7%D9%84%D8%AD%D8%B6%D8%A7%D8%B1%D8%A7%D8%AA+%D8%A5%D8%A8%E2%80%AD/data=!4m7!3m6!1s0x161ce163442de669:0x9bd021f0625a73b5!8m2!3d13.9615971!4d44.1689311!16s%2Fg%2F11x7j01y0h!19sChIJaeYtRGPhHBYRtXNaYvAh0Js?authuser=0&hl=en&g_ep=EgoyMDI2MDkzMC4wIJJjKgBIAVAD&rclk=1,0x161ce163442de669:0x9bd021f0625a73b5,العدين,سفر وسياحة وتأجير سيارات,discovered,"['سفر وسياحة وتأجير سيارات في العدين, إب, اليمن', 'صيانة سيارات وإطارات في وسط مدينة إب, إب, اليمن']"
,,,,,,,,,,https://www.google.com/maps/place/%D8%A7%D9%84%D9%85%D8%B3%D8%A7%D8%B1+%D8%A7%D9%84%D8%B3%D8%B1%D9%8A%D8%B9+%D9%84%D9%84%D8%B3%D9%81%D8%B1%D9%8A%D8%A7%D8%AA+%D9%88%D8%A7%D9%84%D8%B3%D9%8A%D8%A7%D8%AD%D8%A9%E2%80%AD/data=!4m7!3m6!1s0x161cebe139d0d707:0x3cb9f082c11ec8b0!8m2!3d13.9739922!4d44.1608642!16s%2Fg%2F11nqbd1b0v!19sChIJB9fQOeHrHBYRsMgewYLwuTw?authuser=0&hl=en&g_ep=EgoyMDI2MDkzMC4wIJJjKgBIAVAD&rclk=1,0x161cebe139d0d707:0x3cb9f082c11ec8b0,العدين,سفر وسياحة وتأجير سيارات,discovered,"['سفر وسياحة وتأجير سيارات في العدين, إب, اليمن']"
,,,,,,,,,,https://www.google.com/maps/place/%D9%85%D9%83%D8%AA%D8%A8+%D8%A7%D9%84%D9%87%D8%A7%D8%B4%D9%85+%D9%81%D9%84%D8%A7%D9%8A+%D9%84%D9%84%D8%B3%D9%81%D8%B1%D9%8A%D8%A7%D8%AA+%D9%88%D8%A7%D9%84%D8%B3%D9%8A%D8%A7%D8%AD%D8%A9%E2%80%AD/data=!4m7!3m6!1s0x161cebe41ad57bf1:0x210209d898bf43b0!8m2!3d13.9714972!4d44.1615607!16s%2Fg%2F11j1sw38sw!19sChIJ8XvVGuTrHBYRsEO_mNgJAiE?authuser=0&hl=en&g_ep=EgoyMDI2MDkzMC4wIJJjKgBIAVAD&rclk=1,0x161cebe41ad57bf1:0x210209d898bf43b0,العدين,سفر وسياحة وتأجير سيارات,discovered,"['سفر وسياحة وتأجير سيارات في العدين, إب, اليمن']"
,,,,,,,,,,https://www.google.com/maps/place/%D9%85%D9%83%D8%AA%D8%A8+%D8%A7%D9%84%D8%A3%D9%81%D8%B6%D9%84+%D9%84%D8%AA%D8%A3%D8%AC%D9%8A%D8%B1+%D8%A7%D9%84%D8%B3%D9%8A%D8%A7%D8%B1%D8%A7%D8%AA+%D8%A7%D9%84%D9%8A%D9%85%D9%86+%D8%A7%D8%A8+%D8%A7%D9%84%D8%B3%D8%A8%D9%84+%D8%AC%D9%88%D8%A7%D8%B1+%D9%81%D9%86%D8%AF%D9%82+%D8%A7%D9%84%D8%B1%D9%8A%D8%A7%D8%B6%E2%80%AD/data=!4m7!3m6!1s0x161ceb23b5b842fd:0x5c827baa42e3b022!8m2!3d13.970382!4d44.1526664!16s%2Fg%2F11k580rq3w!19sChIJ_UK4tSPrHBYRIrDjQqp7glw?authuser=0&hl=en&g_ep=EgoyMDI2MDkzMC4wIJJjKgBIAVAD&rclk=1,0x161ceb23b5b842fd:0x5c827baa42e3b022,العدين,سفر وسياحة وتأجير سيارات,discovered,"['سفر وسياحة وتأجير سيارات في العدين, إب, اليمن']"
,,,,,,,,,,https://www.google.com/maps/place/%D8%A7%D9%84%D8%A7%D9%85%D8%B1%D8%A7%D8%A1+%D9%84%D8%AA%D8%A7%D8%AC%D9%8A%D8%B1+%D8%A7%D9%84%D8%B3%D9%8A%D8%A7%D8%B1%D8%A7%D8%AA+%D8%A7%D9%84%D9%8A%D9%85%D9%86%E2%80%AD/data=!4m7!3m6!1s0x161ce90076b448b5:0x451883d48e56ef9d!8m2!3d13.9593239!4d44.1809681!16s%2Fg%2F11xt4qky_2!19sChIJtUi0dgDpHBYRne9WjtSDGEU?authuser=0&hl=en&g_ep=EgoyMDI2MDkzMC4wIJJjKgBIAVAD&rclk=1,0x161ce90076b448b5:0x451883d48e56ef9d,العدين,سفر وسياحة وتأجير سيارات,discovered,"['سفر وسياحة وتأجير سيارات في العدين, إب, اليمن']"
,,,,,,,,,,https://www.google.com/maps/place/%D8%A7%D9%84%D8%B9%D8%A7%D9%85%D8%B1%D9%8A%D8%A9+%D9%84%D9%84%D8%B3%D9%81%D8%B1%D9%8A%D8%A7%D8%AA+%D9%88%D8%A7%D9%84%D8%B3%D9%8A%D8%A7%D8%AD%D8%A9%E2%80%AD/data=!4m7!3m6!1s0x161cebdb8c11fc43:0x482409c88c12f1b0!8m2!3d13.9699572!4d44.1439063!16s%2Fg%2F11vspfrrf9!19sChIJQ_wRjNvrHBYRsPESjMgJJEg?authuser=0&hl=en&g_ep=EgoyMDI2MDkzMC4wIJJjKgBIAVAD&rclk=1,0x161cebdb8c11fc43:0x482409c88c12f1b0,العدين,سفر وسياحة وتأجير سيارات,discovered,"['سفر وسياحة وتأجير سيارات في العدين, إب, اليمن']"
,,,,,,,,,,https://www.google.com/maps/place/%D9%85%D9%83%D8%AA%D8%A8+%D9%8A%D9%85%D9%86+%D8%A7%D9%84%D8%AD%D8%B6%D8%A7%D8%B1%D8%A7%D8%AA+%D9%84%D8%AA%D8%A3%D8%AC%D9%8A%D8%B1+%D8%A7%D9%84%D8%B3%D9%8A%D8%A7%D8%B1%D8%A7%D8%AA%E2%80%AD/data=!4m7!3m6!1s0x1603c4b7c04d553d:0xb1317f803272c30d!8m2!3d15.3078733!4d44.1900231!16s%2Fg%2F11c5s7hjhz!19sChIJPVVNwLfEAxYRDcNyMoB_MbE?authuser=0&hl=en&g_ep=EgoyMDI2MDkzMC4wIJJjKgBIAVAD&rclk=1,0x1603c4b7c04d553d:0xb1317f803272c30d,العدين,سفر وسياحة وتأجير سيارات,discovered,"['سفر وسياحة وتأجير سيارات في العدين, إب, اليمن']"
,,,,,,,,,,https://www.google.com/maps/place/%D8%B3%D9%85%D8%A7%D8%A1+%D8%A7%D8%A8+%D9%81%D9%84%D8%A7%D9%8A+%D9%84%D9%84%D8%B3%D9%81%D8%B1%D9%8A%D8%A7%D8%AA+%D9%88%D8%A7%D9%84%D8%B3%D9%8A%D8%A7%D8%AD%D8%A9+%D9%88%D8%AE%D8%AF%D9%85%D8%A7%D8%AA+%D8%A7%D9%84%D8%AD%D8%AC+%D9%88%D8%A7%D9%84%D8%B9%D9%85%D8%B1%D8%A9%E2%80%AD/data=!4m7!3m6!1s0x161ceb68880b9c77:0x7b6ec641029062eb!8m2!3d13.9727142!4d44.1649952!16s%2Fg%2F11s3vwhvtq!19sChIJd5wLiGjrHBYR62KQAkHGbns?authuser=0&hl=en&g_ep=EgoyMDI2MDkzMC4wIJJjKgBIAVAD&rclk=1,0x161ceb68880b9c77:0x7b6ec641029062eb,العدين,سفر وسياحة وتأجير سيارات,discovered,"['سفر وسياحة وتأجير سيارات في العدين, إب, اليمن']"
,,,,,,,,,,https://www.google.com/maps/place/%D9%88%D9%83%D8%A7%D9%84%D8%A9+%D8%A7%D9%84%D8%B1%D8%A7%D8%A6%D8%AF+%D9%81%D9%84%D8%A7%D9%8A+%D9%84%D9%84%D8%B3%D9%8A%D8%A7%D8%AD%D8%A9+%D9%88%D8%A7%D9%84%D8%B3%D9%81%D8%B1%E2%80%AD/data=!4m7!3m6!1s0x161c91197b60801b:0x9f20f5555df7418d!8m2!3d13.9673651!4d44.0068175!16s%2Fg%2F11vf9wxnc5!19sChIJG4BgexmRHBYRjUH3XVX1IJ8?authuser=0&hl=en&g_ep=EgoyMDI2MDkzMC4wIJJjKgBIAVAD&rclk=1,0x161c91197b60801b:0x9f20f5555df7418d,العدين,سفر وسياحة وتأجير سيارات,discovered,"['سفر وسياحة وتأجير سيارات في العدين, إب, اليمن']"
,,,,,,,,,,https://www.google.com/maps/place/%D8%AE%D9%84%D9%8A%D8%AC%D9%8A%D8%A7%D8%AA+%D8%AF%D8%A8%D9%8A+%D9%84%D9%84%D8%B9%D8%A8%D8%A7%D9%8A%D8%A7%D8%AA%E2%80%AD/data=!4m7!3m6!1s0x161ce9a0b7ab5a05:0xb0a98a81d2569552!8m2!3d13.9756837!4d44.1785945!16s%2Fg%2F11h1kkykng!19sChIJBVqrt6DpHBYRUpVW0oGKqbA?authuser=0&hl=en&g_ep=EgoyMDI2MDkzMC4wIJJjKgBIAVAD&rclk=1,0x161ce9a0b7ab5a05:0xb0a98a81d2569552,جولة العدين,ملابس نسائية وعبايات,discovered,"['ملابس نسائية وعبايات في جولة العدين, إب, اليمن']"
,,,,,,,,,,https://www.google.com/maps/place/Abrisa+for+motorcycle+parts+and+fill+batteries/data=!4m7!3m6!1s0x161cc40737f92f3d:0x2dc525e2c8181d5a!8m2!3d14.0869044!4d44.1774119!16s%2Fg%2F11c5xs2dff!19sChIJPS_5NwfEHBYRWh0YyOIlxS0?authuser=0&hl=en&g_ep=EgoyMDI2MDkzMC4wIJJjKgBIAVAD&rclk=1,0x161cc40737f92f3d:0x2dc525e2c8181d5a,جولة العدين,دراجات وقطع غيار,discovered,"['دراجات وقطع غيار في جولة العدين, إب, اليمن']"
,,,,,,,,,,https://www.google.com/maps/place/%D8%A7%D9%84%D8%B5%D9%84%D8%A7%D8%AD%D9%8A+%D9%84%D9%84%D8%AF%D8%B1%D8%A7%D8%AC%D8%A7%D8%AA+%D8%A7%D9%84%D9%86%D8%A7%D8%B1%D9%8A%D8%A9+%D9%88%D9%82%D8%B7%D8%B9+%D8%BA%D9%8A%D8%A7%D8%B1%D9%87%D8%A7%E2%80%AD/data=!4m7!3m6!1s0x161ceb3b4d10d633:0xb7e5f27b5dea037e!8m2!3d13.9835237!4d44.1514375!16s%2Fg%2F11sv98sbr0!19sChIJM9YQTTvrHBYRfgPqXXvy5bc?authuser=0&hl=en&g_ep=EgoyMDI2MDkzMC4wIJJjKgBIAVAD&rclk=1,0x161ceb3b4d10d633:0xb7e5f27b5dea037e,جولة العدين,دراجات وقطع غيار,discovered,"['دراجات وقطع غيار في جولة العدين, إب, اليمن']"
,,,,,,,,,,https://www.google.com/maps/place/%D8%A7%D9%84%D8%A3%D8%B3%D8%B7%D9%88%D8%B1%D8%A9+%D9%84%D8%A8%D9%8A%D8%B9+%D9%82%D8%B7%D8%B9+%D8%BA%D9%8A%D8%A7%D8%B1+%D8%A7%D9%84%D8%AF%D8%B1%D8%A7%D8%AC%D8%A7%D8%AA+%D8%A7%D9%84%D9%86%D8%A7%D8%B1%D9%8A%D8%A9+%D9%88%D8%A7%D9%84%D9%87%D9%88%D8%A7%D8%A6%D9%8A%D8%A9%E2%80%AD/data=!4m7!3m6!1s0x161cf5b9717daabd:0x85da42909c2c746d!8m2!3d13.7535401!4d44.1345444!16s%2Fg%2F11j32j17ny!19sChIJvap9cbn1HBYRbXQsnJBC2oU?authuser=0&hl=en&g_ep=EgoyMDI2MDkzMC4wIJJjKgBIAVAD&rclk=1,0x161cf5b9717daabd:0x85da42909c2c746d,جولة العدين,دراجات وقطع غيار,discovered,"['دراجات وقطع غيار في جولة العدين, إب, اليمن']"
,,,,,,,,,,https://www.google.com/maps/place/%D8%A7%D9%84%D8%AD%D8%B1%D9%8A%D8%A8%D9%8A+%D9%84%D9%84%D8%AA%D8%AC%D8%A7%D8%B1%D8%A9+%D9%84+%D9%82%D8%B7%D8%B9+%D8%BA%D9%8A%D8%A7%D8%B1+%D8%A7%D9%84%D8%AF%D8%B1%D8%A7%D8%AC%D8%A7%D8%AA+%D8%A7%D9%84%D9%86%D8%A7%D8%B1%D9%8A%D9%87%E2%80%AD/data=!4m7!3m6!1s0x1602e14907db5a3d:0xb3300791acb0ae54!8m2!3d14.5449343!4d44.413972!16s%2Fg%2F11fkqzmbfh!19sChIJPVrbB0nhAhYRVK6wrJEHMLM?authuser=0&hl=en&g_ep=EgoyMDI2MDkzMC4wIJJjKgBIAVAD&rclk=1,0x1602e14907db5a3d:0xb3300791acb0ae54,جولة العدين,دراجات وقطع غيار,discovered,"['دراجات وقطع غيار في جولة العدين, إب, اليمن']"
,,,,,,,,,,https://www.google.com/maps/place/The+agency+to+cut+motorcyles/data=!4m7!3m6!1s0x161cf5a70b8e6119:0xb8a3c14cf09a8fff!8m2!3d13.7599411!4d44.1354218!16s%2Fg%2F11c5wk7dc3!19sChIJGWGOC6f1HBYR_4-a8EzBo7g?authuser=0&hl=en&g_ep=EgoyMDI2MDkzMC4wIJJjKgBIAVAD&rclk=1,0x161cf5a70b8e6119:0xb8a3c14cf09a8fff,جولة العدين,دراجات وقطع غيار,discovered,"['دراجات وقطع غيار في جولة العدين, إب, اليمن']"
,,,,,,,,,,https://www.google.com/maps/place/%D8%A7%D9%84%D8%B9%D9%85+%D9%8A%D9%88%D9%86%D8%B3+%D9%84%D9%82%D8%B7%D8%B9+%D8%BA%D9%8A%D8%A7%D8%B1+%D8%A7%D9%84%D8%AF%D8%B1%D8%A7%D8%AC%D8%A7%D8%AA+%D8%A7%D9%84%D9%86%D8%A7%D8%B1%D9%8A%D8%A9%E2%80%AD/data=!4m7!3m6!1s0x161cc3f02f2cb081:0x45cfff1792f50d71!8m2!3d14.084585!4d44.176467!16s%2Fg%2F11kj0p5dhr!19sChIJgbAsL_DDHBYRcQ31khf_z0U?authuser=0&hl=en&g_ep=EgoyMDI2MDkzMC4wIJJjKgBIAVAD&rclk=1,0x161cc3f02f2cb081:0x45cfff1792f50d71,جولة العدين,دراجات وقطع غيار,discovered,"['دراجات وقطع غيار في جولة العدين, إب, اليمن']"
,,,,,,,,,,https://www.google.com/maps/place/%D9%85%D8%AD%D9%84%D8%A7%D8%AA+%D8%A7%D9%84%D8%B9%D9%85%D9%8A%D8%AF+%D9%84%D8%A8%D9%8A%D8%B9+%D9%82%D8%B7%D8%B9+%D8%BA%D9%8A%D8%A7%D8%B1+%D8%A7%D9%84%D8%AF%D8%B1%D8%A7%D8%AC%D8%A7%D8%AA+%D8%A7%D9%84%D9%86%D8%A7%D8%B1%D9%8A%D9%87+%D9%88%D8%A7%D9%84%D9%87%D9%88%D8%A7%D8%A6%D9%8A%D9%87%E2%80%AD/data=!4m7!3m6!1s0x161b7d72035dc597:0xd21c0596200ce116!8m2!3d13.9326093!4d43.7766303!16s%2Fg%2F11b6tf9m1z!19sChIJl8VdA3J9GxYRFuEMIJYFHNI?authuser=0&hl=en&g_ep=EgoyMDI2MDkzMC4wIJJjKgBIAVAD&rclk=1,0x161b7d72035dc597:0xd21c0596200ce116,جولة العدين,دراجات وقطع غيار,discovered,"['دراجات وقطع غيار في جولة العدين, إب, اليمن']"
,,,,,,,,,,https://www.google.com/maps/place/%D9%85%D8%AD%D9%84%D8%A7%D8%AA+%D8%A7%D9%84%D9%88%D9%83%D9%8A%D9%84+%D9%84%D9%84%D8%AF%D8%B1%D8%A7%D8%AC%D8%A7%D8%AA+%D8%A7%D9%84%D9%86%D8%A7%D8%B1%D9%8A%D8%A9+%D9%88%D9%82%D8%B7%D8%B9+%D8%BA%D9%8A%D8%A7%D8%B1+%D8%A7%D9%84%D8%A7%D8%B5%D9%84%D9%8A%D9%87%E2%80%AD/data=!4m7!3m6!1s0x161cf5868d5b57f3:0x1fd2b08a49b2b733!8m2!3d13.7605884!4d44.1357177!16s%2Fg%2F11pcpwxp0q!19sChIJ81dbjYb1HBYRM7eySYqw0h8?authuser=0&hl=en&g_ep=EgoyMDI2MDkzMC4wIJJjKgBIAVAD&rclk=1,0x161cf5868d5b57f3:0x1fd2b08a49b2b733,جولة العدين,دراجات وقطع غيار,discovered,"['دراجات وقطع غيار في جولة العدين, إب, اليمن']"
,,,,,,,,,,https://www.google.com/maps/place/%D9%85%D8%AD%D9%84%D8%A7%D8%AA+%D8%A8%D9%86+%D9%85%D8%B5%D8%B7%D9%81%D9%89+%D9%84%D8%A8%D9%8A%D8%B9+%D9%82%D8%B7%D8%B9+%D8%BA%D9%8A%D8%A7%D8%B1+%D8%A7%D9%84%D8%AF%D8%B1%D8%A7%D8%AC%D8%A7%D8%AA+%D8%A7%D9%84%D9%86%D8%A7%D8%B1%D9%8A%D9%87+%D9%88%D9%8A%D9%88%D8%AC%D8%AF+%D9%84%D8%AF%D9%8A%D9%86%D8%A7+%D8%B5%D9%8A%D8%A7%D9%86%D9%87%E2%80%AD/data=!4m7!3m6!1s0x161b19a267e942ad:0x2b35e6a8f271b33!8m2!3d14.1810795!4d43.3778204!16s%2Fg%2F11yv_cdn1s!19sChIJrULpZ6IZGxYRMxsnj2peswI?authuser=0&hl=en&g_ep=EgoyMDI2MDkzMC4wIJJjKgBIAVAD&rclk=1,0x161b19a267e942ad:0x2b35e6a8f271b33,جولة العدين,دراجات وقطع غيار,discovered,"['دراجات وقطع غيار في جولة العدين, إب, اليمن']"
,,,,,,,,,,https://www.google.com/maps/place/%D8%A7%D9%84%D8%AC%D8%B9%D9%84+%D9%84%D9%82%D8%B7%D8%B9+%D8%BA%D9%8A%D8%A7%D8%B1+%D8%A7%D9%84%D8%AF%D8%B1%D8%A7%D8%AC%D8%A7%D8%AA+%D8%A7%D9%84%D9%86%D8%A7%D8%B1%D9%8A%D9%87%E2%80%AD/data=!4m7!3m6!1s0x161b195057a414b3:0xe25ecdfe40975389!8m2!3d14.1984183!4d43.3205922!16s%2Fg%2F11hz_ktn7k!19sChIJsxSkV1AZGxYRiVOXQP7NXuI?authuser=0&hl=en&g_ep=EgoyMDI2MDkzMC4wIJJjKgBIAVAD&rclk=1,0x161b195057a414b3:0xe25ecdfe40975389,جولة العدين,دراجات وقطع غيار,discovered,"['دراجات وقطع غيار في جولة العدين, إب, اليمن']"
,,,,,,,,,,https://www.google.com/maps/place/%D8%A7%D9%84%D8%AD%D9%85%D8%B2%D9%87+%D9%84%D9%84%D8%AF%D8%B1%D8%A7%D8%AC%D8%A7%D8%AA+%D8%A7%D9%84%D9%86%D8%A7%D8%B1%D9%8A%D8%A9%E2%80%AD/data=!4m7!3m6!1s0x1602df94c8c57d1f:0xd2d96e89ce65ba04!8m2!3d14.5205665!4d44.4696588!16s%2Fg%2F11h0b_306k!19sChIJH33FyJTfAhYRBLplzolu2dI?authuser=0&hl=en&g_ep=EgoyMDI2MDkzMC4wIJJjKgBIAVAD&rclk=1,0x1602df94c8c57d1f:0xd2d96e89ce65ba04,جولة العدين,دراجات وقطع غيار,discovered,"['دراجات وقطع غيار في جولة العدين, إب, اليمن']"
,,,,,,,,,,https://www.google.com/maps/place/%D9%85%D8%AD%D9%84%D8%A7%D8%AA+%D8%A7%D9%84%D9%83%D8%B1%D8%A7%D8%B9+%D9%84%D9%82%D8%B7%D8%B9+%D8%BA%D9%8A%D8%A7%D8%B1+%D8%A7%D9%84%D8%AF%D8%B1%D8%A7%D8%AC%D8%A7%D8%AA+%D8%A7%D9%84%D9%86%D8%A7%D8%B1%D9%8A%D9%87%E2%80%AD/data=!4m7!3m6!1s0x161d6dbd45fd8d3f:0xccc81147bfff8448!8m2!3d13.7468123!4d44.7515762!16s%2Fg%2F11n13h0v2v!19sChIJP439Rb1tHRYRSIT_v0cRyMw?authuser=0&hl=en&g_ep=EgoyMDI2MDkzMC4wIJJjKgBIAVAD&rclk=1,0x161d6dbd45fd8d3f:0xccc81147bfff8448,جولة العدين,دراجات وقطع غيار,discovered,"['دراجات وقطع غيار في جولة العدين, إب, اليمن']"
,,,,,,,,,,https://www.google.com/maps/place/%D9%85%D8%B9%D8%B1%D8%B6+%D8%A7%D9%85%D8%AC%D8%AF+%D8%A7%D9%84%D8%B5%D8%A8%D8%B1%D9%8A+%D9%84%D9%84%D8%AF%D8%B1%D8%A7%D8%AC%D8%A7%D8%AA+%D8%A7%D9%84%D9%86%D8%A7%D8%B1%D9%8A%D9%87+%D9%88%D8%AC%D9%85%D9%8A%D8%B9+%D9%82%D8%B7%D8%B9+%D8%BA%D9%8A%D8%A7%D8%B1%D9%87%D8%A7%E2%80%AD/data=!4m7!3m6!1s0x161c6fc3198133d1:0x9b0e1396ba93f2ad!8m2!3d13.567903!4d44.0009009!16s%2Fg%2F11rxjk5fnv!19sChIJ0TOBGcNvHBYRrfKTupYTDps?authuser=0&hl=en&g_ep=EgoyMDI2MDkzMC4wIJJjKgBIAVAD&rclk=1,0x161c6fc3198133d1:0x9b0e1396ba93f2ad,جولة العدين,دراجات وقطع غيار,discovered,"['دراجات وقطع غيار في جولة العدين, إب, اليمن']"
,,,,,,,,,,https://www.google.com/maps/place/%D8%A7%D8%A8%D9%88%D8%AD%D8%A7%D9%85%D8%B3+%D9%84%D9%84%D8%AF%D8%B1%D8%A7%D8%AC%D8%A7%D8%AA+%D8%A7%D9%84%D9%86%D8%A7%D8%B1%D9%8A%D8%A9+%D9%88%D9%82%D8%B7%D8%B9+%D8%BA%D9%8A%D8%A7%D8%B1%D9%87%D8%A7+%D8%A7%D9%84%D8%A3%D8%B5%D9%84%D9%8A%D8%A9+%D8%AC%D9%8A+%D8%AF%D8%A8%D9%84%D9%8A%D9%88+JW%E2%80%AD/data=!4m7!3m6!1s0x1603db3115bbf7a5:0x5f2968904ce4937!8m2!3d15.3339251!4d44.2252052!16s%2Fg%2F11rcjnpnpg!19sChIJpfe7FTHbAxYRN0nOBImW8gU?authuser=0&hl=en&g_ep=EgoyMDI2MDkzMC4wIJJjKgBIAVAD&rclk=1,0x1603db3115bbf7a5:0x5f2968904ce4937,جولة العدين,دراجات وقطع غيار,discovered,"['دراجات وقطع غيار في جولة العدين, إب, اليمن']"
,,,,,,,,,,https://www.google.com/maps/place/%D8%AC%D8%B1%D9%88%D8%B4+%D9%84%D9%82%D8%B7%D8%B9+%D8%BA%D9%8A%D8%A7%D8%B1+%D8%A7%D9%84%D8%AF%D8%B1%D8%A7%D8%AC%D8%A7%D8%AA+%D8%A7%D9%84%D9%86%D8%A7%D8%B1%D9%8A%D8%A9%E2%80%AD/data=!4m7!3m6!1s0x160343003cf4c76f:0xcf88a82c0cdf72a1!8m2!3d14.6292255!4d43.9554156!16s%2Fg%2F11y192pmmn!19sChIJb8f0PABDAxYRoXLfDCyoiM8?authuser=0&hl=en&g_ep=EgoyMDI2MDkzMC4wIJJjKgBIAVAD&rclk=1,0x160343003cf4c76f:0xcf88a82c0cdf72a1,جولة العدين,دراجات وقطع غيار,discovered,"['دراجات وقطع غيار في جولة العدين, إب, اليمن']"
,,,,,,,,,,https://www.google.com/maps/place/%D8%A7%D9%84%D9%82%D9%8A%D8%A7%D8%AF%D8%A9+%D9%84%D9%82%D8%B7%D8%B9+%D8%BA%D9%8A%D8%A7%D8%B1+%D8%A7%D9%84%D8%AF%D8%B1%D8%A7%D8%AC%D8%A7%D8%AA+%D8%A7%D9%84%D9%86%D8%A7%D8%B1%D9%8A%D8%A9+%D9%88%D8%A7%D9%84%D9%87%D9%88%D8%A7%D8%A6%D9%8A%D8%A9%E2%80%AD/data=!4m7!3m6!1s0x161ceb003e06d8c3:0xec6b3d8af57d33f!8m2!3d13.9727568!4d44.1502142!16s%2Fg%2F11y98swhq0!19sChIJw9gGPgDrHBYRP9NXr9izxg4?authuser=0&hl=en&g_ep=EgoyMDI2MDkzMC4wIJJjKgBIAVAD&rclk=1,0x161ceb003e06d8c3:0xec6b3d8af57d33f,جولة العدين,دراجات وقطع غيار,discovered,"['دراجات وقطع غيار في جولة العدين, إب, اليمن']"
,,,,,,,,,,https://www.google.com/maps/place/%D9%85%D8%AD%D9%84%D8%A7%D8%AA+%D8%AF%D8%A8%D9%8A+%D9%82%D8%B7%D8%B9+%D8%BA%D9%8A%D8%A7%D8%B1%D8%A7%D9%84%D8%AF%D8%B1%D8%AC%D8%A7%D8%AA+%D8%A7%D9%84%D9%86%D8%A7%D8%B1%D9%8A%D9%87%E2%80%AD/data=!4m7!3m6!1s0x161ceba1c91a868f:0xbed0f574508ded2b!8m2!3d13.9714768!4d44.1615013!16s%2Fg%2F11qmqpjvht!19sChIJj4YayaHrHBYRK-2NUHT10L4?authuser=0&hl=en&g_ep=EgoyMDI2MDkzMC4wIJJjKgBIAVAD&rclk=1,0x161ceba1c91a868f:0xbed0f574508ded2b,جولة العدين,دراجات وقطع غيار,discovered,"['دراجات وقطع غيار في جولة العدين, إب, اليمن']"
,,,,,,,,,,https://www.google.com/maps/place/%D9%85%D8%AD%D9%84%D8%A7%D8%AA+%D8%A7%D9%84%D9%85%D8%AC%D9%8A%D8%AF%D9%8A+%D9%84%D9%84%D8%AA%D8%AC%D8%A7%D8%B1%D9%87+%D8%A7%D9%84%D8%B9%D8%A7%D9%85%D9%87%E2%80%AD/data=!4m7!3m6!1s0x161c65bcb19d0cf5:0xaec2bc1166e116de!8m2!3d13.6390848!4d44.0088393!16s%2Fg%2F11h764jmks!19sChIJ9QydsbxlHBYR3hbhZhG8wq4?authuser=0&hl=en&g_ep=EgoyMDI2MDkzMC4wIJJjKgBIAVAD&rclk=1,0x161c65bcb19d0cf5:0xaec2bc1166e116de,العدين الاسفل,مواد بناء وخردوات,discovered,"['مواد بناء وخردوات في العدين الاسفل, إب, اليمن']"
,,,,,,,,,,https://www.google.com/maps/place/%D8%A7%D9%84%D8%B5%D8%AF%D8%A7%D9%82%D8%A9+%D9%84%D9%84%D8%AE%D8%B1%D8%AF%D9%88%D8%A7%D8%AA%E2%80%AD/data=!4m7!3m6!1s0x161cebb591ab546d:0xe0b921ed43395145!8m2!3d13.9656119!4d44.163388!16s%2Fg%2F11rj01lqcv!19sChIJbVSrkbXrHBYRRVE5Q-0hueA?authuser=0&hl=en&g_ep=EgoyMDI2MDkzMC4wIJJjKgBIAVAD&rclk=1,0x161cebb591ab546d:0xe0b921ed43395145,العدين الاسفل,مواد بناء وخردوات,discovered,"['مواد بناء وخردوات في العدين الاسفل, إب, اليمن']"
,,,,,,,,,,https://www.google.com/maps/place/%D8%A7%D9%84%D9%85%D8%AF%D9%8A%D9%86%D8%A9+%D8%A7%D9%84%D8%AA%D8%B1%D9%83%D9%8A%D8%A9+%D9%84%D9%84%D8%A7%D8%AB%D8%A7%D8%AB+%D9%88+%D8%A7%D9%84%D9%85%D9%81%D8%B1%D9%88%D8%B4%D8%A7%D8%AA+%D9%88+%D8%A7%D9%84%D8%A3%D9%82%D9%85%D8%B4%D8%A9+-+%D8%A7%D8%A8%E2%80%AD/data=!4m7!3m6!1s0x161ceb37908172d7:0x24e98a59781001f3!8m2!3d15.3986888!4d48.0895!16s%2Fg%2F11p0p1b7yg!19sChIJ13KBkDfrHBYR8wEQeFmK6SQ?authuser=0&hl=en&g_ep=EgoyMDI2MDkzMC4wIJJjKgBIAVAD&rclk=1,0x161ceb37908172d7:0x24e98a59781001f3,وسط مدينة إب,أثاث ومفروشات,discovered,"['أثاث ومفروشات في وسط مدينة إب, إب, اليمن']"
,,,,,,,,,,https://www.google.com/maps/place/%D9%85%D9%88%D8%AF%D8%B1%D9%86+%D9%87%D9%88%D9%85+%D9%84%D9%84%D9%85%D9%88%D8%A8%D9%8A%D9%84%D9%8A%D8%A7+%D9%88%D8%A7%D9%84%D8%A7%D8%AB%D8%A7%D8%AB+%D8%A7%D9%84%D8%AD%D8%AF%D9%8A%D8%AB%E2%80%AD/data=!4m7!3m6!1s0x161ce9dd96a91cc9:0x27532c8a339845d2!8m2!3d13.975707!4d44.1749347!16s%2Fg%2F11ssx0dvdy!19sChIJyRyplt3pHBYR0kWYM4osUyc?authuser=0&hl=en&g_ep=EgoyMDI2MDkzMC4wIJJjKgBIAVAD&rclk=1,0x161ce9dd96a91cc9:0x27532c8a339845d2,وسط مدينة إب,أثاث ومفروشات,discovered,"['أثاث ومفروشات في وسط مدينة إب, إب, اليمن']"
,,,,,,,,,,https://www.google.com/maps/place/%D8%A8%D9%84%D9%8A%D8%BA+%D8%A7%D9%84%D8%AF%D8%B9%D9%8A%D8%B3%E2%80%AD/data=!4m7!3m6!1s0x161ce97a039b181f:0x25ffd2e317c40ef5!8m2!3d13.9728367!4d44.1830604!16s%2Fg%2F11rsfhhhd6!19sChIJHxibA3rpHBYR9Q7EF-PS_yU?authuser=0&hl=en&g_ep=EgoyMDI2MDkzMC4wIJJjKgBIAVAD&rclk=1,0x161ce97a039b181f:0x25ffd2e317c40ef5,وسط مدينة إب,أثاث ومفروشات,discovered,"['أثاث ومفروشات في وسط مدينة إب, إب, اليمن']"
,,,,,,,,,,https://www.google.com/maps/place/%D8%A7%D9%84%D8%AC%D9%88%D8%A8%D9%8A+%D9%84%D9%84%D9%85%D9%81%D8%B1%D9%88%D8%B4%D8%A7%D8%AA+%D9%88%D8%A7%D9%84%D8%A7%D8%AB%D8%A7%D8%AB%E2%80%AD/data=!4m7!3m6!1s0x161ceb918f649db5:0xbfa4b7a01c5aedfc!8m2!3d13.9735592!4d44.1683177!16s%2Fg%2F11qn15hrfc!19sChIJtZ1kj5HrHBYR_O1aHKC3pL8?authuser=0&hl=en&g_ep=EgoyMDI2MDkzMC4wIJJjKgBIAVAD&rclk=1,0x161ceb918f649db5:0xbfa4b7a01c5aedfc,وسط مدينة إب,أثاث ومفروشات,discovered,"['أثاث ومفروشات في وسط مدينة إب, إب, اليمن']"
,,,,,,,,,,https://www.google.com/maps/place/%D8%A7%D9%84%D9%81%D8%AE%D8%A7%D9%85%D8%A9+%D9%87%D9%88%D9%85%E2%80%AD/data=!4m7!3m6!1s0x161cebb2a2f98839:0x71225d5a1164aab3!8m2!3d13.9563148!4d44.1683531!16s%2Fg%2F11sy6w_nd3!19sChIJOYj5orLrHBYRs6pkEVpdInE?authuser=0&hl=en&g_ep=EgoyMDI2MDkzMC4wIJJjKgBIAVAD&rclk=1,0x161cebb2a2f98839:0x71225d5a1164aab3,وسط مدينة إب,أثاث ومفروشات,discovered,"['أثاث ومفروشات في وسط مدينة إب, إب, اليمن']"
,,,,,,,,,,https://www.google.com/maps/place/%D9%87%D8%A7%D8%AF%D9%81%D8%B1+%D9%84%D9%84%D8%A3%D8%AB%D8%A7%D8%AB+%D8%A7%D9%84%D9%85%D9%83%D8%AA%D8%A8%D9%8A+%D9%88%D8%A7%D9%84%D9%85%D9%86%D8%B2%D9%84%D9%8A%E2%80%AD/data=!4m7!3m6!1s0x161ceb3943b72d59:0xdbc1e179eff1fde0!8m2!3d13.9700763!4d44.1627819!16s%2Fg%2F11khsnvdvs!19sChIJWS23QznrHBYR4P3x73nhwds?authuser=0&hl=en&g_ep=EgoyMDI2MDkzMC4wIJJjKgBIAVAD&rclk=1,0x161ceb3943b72d59:0xdbc1e179eff1fde0,وسط مدينة إب,أثاث ومفروشات,discovered,"['أثاث ومفروشات في وسط مدينة إب, إب, اليمن']"
,,,,,,,,,,https://www.google.com/maps/place/%D9%85%D8%AD%D9%84%D8%A7%D8%AA+%D8%A8%D8%B4%D8%A7%D8%B1+%D8%A7%D9%84%D8%B4%D8%B1%D8%B9%D8%A8%D9%8A%E2%80%AD/data=!4m7!3m6!1s0x161ce9fc0f07d09d:0xb868d93d6d510199!8m2!3d13.9545264!4d44.1782164!16s%2Fg%2F11j6yf54yz!19sChIJndAHD_zpHBYRmQFRbT3ZaLg?authuser=0&hl=en&g_ep=EgoyMDI2MDkzMC4wIJJjKgBIAVAD&rclk=1,0x161ce9fc0f07d09d:0xb868d93d6d510199,وسط مدينة إب,أثاث ومفروشات,discovered,"['أثاث ومفروشات في وسط مدينة إب, إب, اليمن']"
,,,,,,,,,,https://www.google.com/maps/place/%D9%85%D8%B1%D9%83%D8%B2+%D8%B9%D8%A8%D8%AF%D8%A7%D9%84%D8%AD%D9%85%D9%8A%D8%AF+%D8%A7%D9%84%D8%AF%D8%B9%D9%8A%D8%B3+%D9%84%D9%84%D8%A7%D8%AB%D8%A7%D8%AB+%D9%88%D8%A7%D9%84%D9%85%D9%81%D8%B1%D9%88%D8%B4%D8%A7%E2%80%AD/data=!4m7!3m6!1s0x161ce9f76b630cf5:0xbba17b2dde228822!8m2!3d13.9714115!4d44.1824868!16s%2Fg%2F11h4lpt0nt!19sChIJ9Qxja_fpHBYRIogi3i17obs?authuser=0&hl=en&g_ep=EgoyMDI2MDkzMC4wIJJjKgBIAVAD&rclk=1,0x161ce9f76b630cf5:0xbba17b2dde228822,وسط مدينة إب,أثاث ومفروشات,discovered,"['أثاث ومفروشات في وسط مدينة إب, إب, اليمن']"
,,,,,,,,,,https://www.google.com/maps/place/%D8%A7%D8%A8%D9%88+%D9%85%D8%B1%D9%88%D8%A7%D9%86+%D9%84%D9%84%D9%85%D8%AC%D8%A7%D9%84%D8%B3+%D8%A7%D9%84%D8%B9%D8%B1%D8%A8%D9%8A%D8%A9.+%D9%88%D8%A7%D9%84%D9%83%D9%86%D8%A8.+%D9%88%D8%A7%D9%84%D8%B3%D8%AA%D8%A7%D8%A6%D8%B1.+%D9%88%D8%BA%D8%B1%D9%81.+%D8%A7%D9%84%D9%86%D9%88%D9%85%E2%80%AD/data=!4m7!3m6!1s0x161ce90049cc957d:0x6ecb68fbb715d0c1!8m2!3d13.9720135!4d44.1833617!16s%2Fg%2F11y0mny_vb!19sChIJfZXMSQDpHBYRwdAVt_toy24?authuser=0&hl=en&g_ep=EgoyMDI2MDkzMC4wIJJjKgBIAVAD&rclk=1,0x161ce90049cc957d:0x6ecb68fbb715d0c1,وسط مدينة إب,أثاث ومفروشات,discovered,"['أثاث ومفروشات في وسط مدينة إب, إب, اليمن']"
,,,,,,,,,,https://www.google.com/maps/place/%D9%85%D8%B2%D8%A7%D9%8A%D8%A7+%D9%84%D9%84%D8%A7%D8%AB%D8%A7%D8%AB+%D9%88%D8%BA%D8%B1%D9%81+%D9%86%D9%88%D9%85711103094%E2%80%AD/data=!4m7!3m6!1s0x161ce9c89be370ab:0xef4ce59255710de9!8m2!3d13.9671997!4d44.1747441!16s%2Fg%2F11x1qddnv5!19sChIJq3Djm8jpHBYR6Q1xVZLlTO8?authuser=0&hl=en&g_ep=EgoyMDI2MDkzMC4wIJJjKgBIAVAD&rclk=1,0x161ce9c89be370ab:0xef4ce59255710de9,وسط مدينة إب,أثاث ومفروشات,discovered,"['أثاث ومفروشات في وسط مدينة إب, إب, اليمن']"
,,,,,,,,,,https://www.google.com/maps/place/%D9%85%D8%B1%D9%83%D8%B2+%D9%85%D8%B2%D8%A7%D9%8A%D8%A7+%D9%84%D9%84%D8%A7%D8%AB%D8%A7%D8%AB+%D9%88%D8%BA%D8%B1%D9%81+%D8%A7%D9%84%D9%86%D9%88%D9%85+%D8%A7%D9%84%D9%8A%D9%85%D9%86%E2%80%AD/data=!4m7!3m6!1s0x161ce946c0020479:0x67241a61f663b139!8m2!3d15.3986888!4d48.0895!16s%2Fg%2F11s9yb9ryq!19sChIJeQQCwEbpHBYRObFj9mEaJGc?authuser=0&hl=en&g_ep=EgoyMDI2MDkzMC4wIJJjKgBIAVAD&rclk=1,0x161ce946c0020479:0x67241a61f663b139,وسط مدينة إب,أثاث ومفروشات,discovered,"['أثاث ومفروشات في وسط مدينة إب, إب, اليمن']"
,,,,,,,,,,https://www.google.com/maps/place/%D8%A7%D8%A8+%D8%A7%D9%84%D9%82%D8%AF%D9%8A%D9%85%D9%87%E2%80%AD/data=!4m7!3m6!1s0x161ce9d93eb5c6cd:0x38ff04a4692f0eb9!8m2!3d13.9782965!4d44.1936179!16s%2Fg%2F11sdg51lg5!19sChIJzca1PtnpHBYRuQ4vaaQE_zg?authuser=0&hl=en&g_ep=EgoyMDI2MDkzMC4wIJJjKgBIAVAD&rclk=1,0x161ce9d93eb5c6cd:0x38ff04a4692f0eb9,وسط مدينة إب,مواد غذائية وتمور ولحوم,discovered,"['مواد غذائية وتمور ولحوم في وسط مدينة إب, إب, اليمن']"
,,,,,,,,,,https://www.google.com/maps/place/%D9%85%D9%84%D8%AD%D9%85%D8%A9+%D8%A7%D9%84%D8%AD%D9%84%D8%A7%D9%84+%E2%98%9F%D8%AA%D9%8C%D9%8E%D8%AD%D9%8E%D9%80%D8%AA%D9%92%E2%98%9F+%D8%A5%D8%B4%D8%B1%D8%A7%D9%81+%2F%D8%A8%D8%B4%D9%8A%D8%B1+%D8%B9%D9%84%D8%A7%D9%88%E2%80%AD/data=!4m7!3m6!1s0x161ce9f917cbd795:0x7a0090356faadb6c!8m2!3d13.9768415!4d44.1848503!16s%2Fg%2F11w2151czt!19sChIJldfLF_npHBYRbNuqbzWQAHo?authuser=0&hl=en&g_ep=EgoyMDI2MDkzMC4wIJJjKgBIAVAD&rclk=1,0x161ce9f917cbd795:0x7a0090356faadb6c,وسط مدينة إب,مواد غذائية وتمور ولحوم,discovered,"['مواد غذائية وتمور ولحوم في وسط مدينة إب, إب, اليمن']"
,,,,,,,,,,https://www.google.com/maps/place/%D8%A2%D8%A8%D9%8F%D9%86%D9%92+%D8%A2%D9%84%D9%8F%D9%82%D9%8C%D8%B5%D9%8B%D9%8A%D9%8F%D9%85%D9%92%E2%80%AD/data=!4m7!3m6!1s0x161c4743cfa8e5c7:0xee20b5f9680bb36c!8m2!3d13.4497162!4d44.1881551!16s%2Fg%2F11gg73nfpb!19sChIJx-Woz0NHHBYRbLMLaPm1IO4?authuser=0&hl=en&g_ep=EgoyMDI2MDkzMC4wIJJjKgBIAVAD&rclk=1,0x161c4743cfa8e5c7:0xee20b5f9680bb36c,وسط مدينة إب,مواد غذائية وتمور ولحوم,discovered,"['مواد غذائية وتمور ولحوم في وسط مدينة إب, إب, اليمن']"
,,,,,,,,,,https://www.google.com/maps/place/%D9%85%D8%B1%D9%83%D8%B2+%D8%A7%D9%84%D8%B9%D9%84%D9%8A%D9%85%D9%8A+%D9%84%D9%84%D8%A3%D8%B7%D8%A7%D8%B1%D8%A7%D8%AA+%D9%88%D8%A7%D9%84%D8%A8%D8%B7%D8%A7%D8%B1%D9%8A%D8%A7%D8%AA+%D9%88%D8%AA%D8%BA%D9%8A%D9%8A%D8%B1+%D8%A7%D9%84%D8%B2%D9%8A%D9%88%D8%AA+%D8%A8%D9%86%D9%88%D8%A7%D8%B9%D9%87%D8%A7%E2%80%AD/data=!4m7!3m6!1s0x161ce920b1eadfc3:0x57638bd85f0a08a9!8m2!3d13.9572855!4d44.1737589!16s%2Fg%2F11trvt5td3!19sChIJw9_qsSDpHBYRqQgKX9iLY1c?authuser=0&hl=en&g_ep=EgoyMDI2MDkzMC4wIJJjKgBIAVAD&rclk=1,0x161ce920b1eadfc3:0x57638bd85f0a08a9,وسط مدينة إب,صيانة سيارات وإطارات,discovered,"['صيانة سيارات وإطارات في وسط مدينة إب, إب, اليمن']"
,,,,,,,,,,https://www.google.com/maps/place/%D8%A8%D8%B4%D9%8A%D8%B1+%D8%A7%D9%84%D8%B9%D9%84%D9%8A%D9%85%D9%8A+%D9%84%D9%84%D8%A5%D8%B7%D8%A7%D8%B1%D8%A7%D8%AA+%D9%88%D8%A7%D9%84%D8%B7%D8%A7%D9%88%D8%A7%D8%AA+%D9%88%D8%A7%D9%84%D8%A8%D8%B7%D8%A7%D8%B1%D9%8A%D8%A7%D8%AA+%D9%88%D8%A7%D9%84%D8%B2%D9%8A%D9%88%D8%AA+%D9%81%D8%B1%D8%B9+%D8%A7%D8%A8%E2%80%AD/data=!4m7!3m6!1s0x161ce922e0d23e0d:0x42b1067d40068335!8m2!3d13.9564205!4d44.1744905!16s%2Fg%2F11t7fdz_m0!19sChIJDT7S4CLpHBYRNYMGQH0GsUI?authuser=0&hl=en&g_ep=EgoyMDI2MDkzMC4wIJJjKgBIAVAD&rclk=1,0x161ce922e0d23e0d:0x42b1067d40068335,وسط مدينة إب,صيانة سيارات وإطارات,discovered,"['صيانة سيارات وإطارات في وسط مدينة إب, إب, اليمن']"
,,,,,,,,,,https://www.google.com/maps/place/%D9%88%D8%B1%D8%B4%D8%A9+%D8%A7%D9%84%D9%87%D9%8A%D8%AB%D9%85+%D9%84%D8%B5%D9%8A%D8%A7%D9%86%D9%87+%D8%A7%D9%84%D8%B3%D9%8A%D8%A7%D8%B1%D8%A7%D8%AA%E2%80%AD/data=!4m7!3m6!1s0x161ce9c464b7b2ff:0xf38af22e92e481a6!8m2!3d13.9705499!4d44.1721134!16s%2Fg%2F11ks6bd177!19sChIJ_7K3ZMTpHBYRpoHkki7yivM?authuser=0&hl=en&g_ep=EgoyMDI2MDkzMC4wIJJjKgBIAVAD&rclk=1,0x161ce9c464b7b2ff:0xf38af22e92e481a6,وسط مدينة إب,صيانة سيارات وإطارات,discovered,"['صيانة سيارات وإطارات في وسط مدينة إب, إب, اليمن']"
,,,,,,,,,,"https://www.google.com/maps/place/Goods+peace+for+the+sale+of+all+kinds+of+tires,+batteries,+oils/data=!4m7!3m6!1s0x161ce95c8f747ba1:0xbf4131aace433b1a!8m2!3d13.956322!4d44.180205!16s%2Fg%2F1q5gmj6mq!19sChIJoXt0j1zpHBYRGjtDzqoxQb8?authuser=0&hl=en&g_ep=EgoyMDI2MDkzMC4wIJJjKgBIAVAD&rclk=1",0x161ce95c8f747ba1:0xbf4131aace433b1a,وسط مدينة إب,صيانة سيارات وإطارات,discovered,"['صيانة سيارات وإطارات في وسط مدينة إب, إب, اليمن']"
,,,,,,,,,,https://www.google.com/maps/place/%D9%85%D8%AC%D9%85%D8%B9+%D8%A7%D9%84%D9%81%D8%AE%D8%A7%D9%85%D9%87+%D9%84%D8%AE%D8%AF%D9%85%D8%A7%D8%AA+%D8%A7%D9%84%D8%B3%D9%8A%D8%A7%D8%B1%D8%A7%D8%AA%E2%80%AD/data=!4m7!3m6!1s0x161ceb0068eb88a7:0x7731f134da277a34!8m2!3d13.9650741!4d44.1638622!16s%2Fg%2F11md2lhgvc!19sChIJp4jraADrHBYRNHon2jTxMXc?authuser=0&hl=en&g_ep=EgoyMDI2MDkzMC4wIJJjKgBIAVAD&rclk=1,0x161ceb0068eb88a7:0x7731f134da277a34,وسط مدينة إب,صيانة سيارات وإطارات,discovered,"['صيانة سيارات وإطارات في وسط مدينة إب, إب, اليمن']"
,,,,,,,,,,https://www.google.com/maps/place/%D9%85%D8%B9%D8%A7%D8%B0+%D9%85%D9%88%D8%A8%D8%A7%D9%8A%D9%84%E2%80%AD/data=!4m7!3m6!1s0x161ceb5d1c30ddd5:0xf67da4ebd9bcb03!8m2!3d13.9655307!4d44.165566!16s%2Fg%2F11jfhnnzfs!19sChIJ1d0wHF3rHBYRA8ubvU7aZw8?authuser=0&hl=en&g_ep=EgoyMDI2MDkzMC4wIJJjKgBIAVAD&rclk=1,0x161ceb5d1c30ddd5:0xf67da4ebd9bcb03,العدين,محلات جوالات وملحقات,discovered,"['محلات جوالات وملحقات في العدين, إب, اليمن']"
,,,,,,,,,,https://www.google.com/maps/place/%D9%85%D9%84%D9%83+%D8%A7%D9%84%D8%AA%D8%AC%D9%85%D9%8A%D9%84+%D9%84%D9%84%D8%B9%D8%B7%D9%88%D8%B1+%D9%88%D9%85%D8%B3%D8%AA%D8%AD%D8%B6%D8%B1%D8%A7%D8%AA+%D8%A7%D9%84%D8%AA%D8%AC%D9%85%D9%8A%D9%84%E2%80%AD/data=!4m7!3m6!1s0x161c91007c668843:0x7a9f666bc478adb9!8m2!3d13.9693383!4d43.994229!16s%2Fg%2F11lthmtrr6!19sChIJQ4hmfACRHBYRua14xGtmn3o?authuser=0&hl=en&g_ep=EgoyMDI2MDkzMC4wIJJjKgBIAVAD&rclk=1,0x161c91007c668843:0x7a9f666bc478adb9,العدين,عطور ومستحضرات تجميل,discovered,"['عطور ومستحضرات تجميل في العدين, إب, اليمن']"
,,,,,,,,,,https://www.google.com/maps/place/%D8%B9%D9%8F%D8%B4+%D8%A7%D9%84%D8%B2%D8%A8%D8%A7%D8%AF+%D9%85%D9%83%D9%8A%D8%A7%D8%AC+%D8%B9%D8%B1%D8%A7%D9%8A%D8%B3%D9%8A+%D9%85%D8%AA%D9%83%D8%A7%D9%85%D9%84+%D8%B3%D8%A7%D8%B9%D8%A7%D8%AA+%D8%B9%D8%B7%D9%88%D8%B1%E2%80%AD/data=!4m7!3m6!1s0x161ce98d9a7688e9:0xdb6c50fab8186a0d!8m2!3d13.9747239!4d44.1741553!16s%2Fg%2F11q8vxmhvn!19sChIJ6Yh2mo3pHBYRDWoYuPpQbNs?authuser=0&hl=en&g_ep=EgoyMDI2MDkzMC4wIJJjKgBIAVAD&rclk=1,0x161ce98d9a7688e9:0xdb6c50fab8186a0d,العدين,عطور ومستحضرات تجميل,discovered,"['عطور ومستحضرات تجميل في العدين, إب, اليمن']"
,,,,,,,,,,https://www.google.com/maps/place/%D9%85%D8%B1%D9%83%D8%B2+%D9%82%D8%B5%D8%B1+%D8%A7%D9%84%D8%B9%D8%B7%D9%88%D8%B1+%D8%A7%D9%84%D8%AA%D8%AC%D8%A7%D8%B1%D9%8A%E2%80%AD/data=!4m7!3m6!1s0x161ce9004323b519:0x67883998c66509ad!8m2!3d13.9734498!4d44.1755231!16s%2Fg%2F11w2mlrkkt!19sChIJGbUjQwDpHBYRrQllxpg5iGc?authuser=0&hl=en&g_ep=EgoyMDI2MDkzMC4wIJJjKgBIAVAD&rclk=1,0x161ce9004323b519:0x67883998c66509ad,العدين,عطور ومستحضرات تجميل,discovered,"['عطور ومستحضرات تجميل في العدين, إب, اليمن']"
,,,,,,,,,,https://www.google.com/maps/place/%D8%A3%D8%A8%D9%88+%D8%B1%D9%8A%D8%A7%D8%B6+%D9%84%D9%84%D8%A3%D8%AF%D9%88%D8%A7%D8%AA+%D8%A7%D9%84%D9%85%D9%86%D8%B2%D9%84%D9%8A%D8%A9+%D9%88%D8%A7%D9%84%D8%A8%D9%87%D8%A7%D8%B1%D8%A7%D8%AA%E2%80%AD/data=!4m7!3m6!1s0x161c91006ebf2ff7:0x73f284928e7674cc!8m2!3d13.9673163!4d44.0033686!16s%2Fg%2F11x6fkmkx0!19sChIJ9y-_bgCRHBYRzHR2jpKE8nM?authuser=0&hl=en&g_ep=EgoyMDI2MDkzMC4wIJJjKgBIAVAD&rclk=1,0x161c91006ebf2ff7:0x73f284928e7674cc,العدين,أدوات منزلية ومطابخ,discovered,"['أدوات منزلية ومطابخ في العدين, إب, اليمن']"
,,,,,,,,,,https://www.google.com/maps/place/%D8%A7%D9%84%D8%AC%D8%A8%D9%8A%D8%B1%D9%8A+%D9%84%D8%A8%D9%8A%D8%B9+%D8%A7%D9%84%D8%A3%D8%AF%D9%88%D8%A7%D8%AA+%D8%A7%D9%84%D9%85%D9%86%D8%B2%D9%84%D9%8A%D8%A9%E2%80%AD/data=!4m7!3m6!1s0x161ceb231cb3517d:0x2aa2fc4c7219ef64!8m2!3d13.9732142!4d44.1664194!16s%2Fg%2F11t3x7h31l!19sChIJfVGzHCPrHBYRZO8Zckz8oio?authuser=0&hl=en&g_ep=EgoyMDI2MDkzMC4wIJJjKgBIAVAD&rclk=1,0x161ceb231cb3517d:0x2aa2fc4c7219ef64,العدين,أدوات منزلية ومطابخ,discovered,"['أدوات منزلية ومطابخ في العدين, إب, اليمن']"
,,,,,,,,,,https://www.google.com/maps/place/House+upscale+household+tools/data=!4m7!3m6!1s0x161cebd6706042a7:0xfd342c47a4da5b2f!8m2!3d13.9742816!4d44.1703539!16s%2Fg%2F11c6_d6cvd!19sChIJp0JgcNbrHBYRL1vapEcsNP0?authuser=0&hl=en&g_ep=EgoyMDI2MDkzMC4wIJJjKgBIAVAD&rclk=1,0x161cebd6706042a7:0xfd342c47a4da5b2f,العدين,أدوات منزلية ومطابخ,discovered,"['أدوات منزلية ومطابخ في العدين, إب, اليمن']"
,,,,,,,,,,https://www.google.com/maps/place/%D8%A7%D9%84%D8%AC%D9%84%D9%83%D8%B3%D9%8A+%D9%84%D9%84%D8%A7%D8%AF%D9%88%D8%A7%D8%AA+%D8%A7%D9%84%D9%85%D9%86%D8%B2%D9%84%D9%8A%D9%87%E2%80%AD/data=!4m7!3m6!1s0x161ceb78ef1c9031:0x148c73ca597c1e36!8m2!3d13.9711734!4d44.1485894!16s%2Fg%2F11jgjgrxzp!19sChIJMZAc73jrHBYRNh58WcpzjBQ?authuser=0&hl=en&g_ep=EgoyMDI2MDkzMC4wIJJjKgBIAVAD&rclk=1,0x161ceb78ef1c9031:0x148c73ca597c1e36,العدين,أدوات منزلية ومطابخ,discovered,"['أدوات منزلية ومطابخ في العدين, إب, اليمن']"
,,,,,,,,,,https://www.google.com/maps/place/%D8%A7%D8%AC%D9%88%D8%A7%D8%A1+%D8%A7%D9%84%D9%86%D8%AC%D9%85+%D8%A7%D9%84%D8%B5%D9%82%D8%B1%E2%80%AD/data=!4m7!3m6!1s0x161cebb5d158836d:0xac69e06a138b5c01!8m2!3d13.9727075!4d44.103522!16s%2Fg%2F11vrgktw1l!19sChIJbYNY0bXrHBYRAVyLE2rgaaw?authuser=0&hl=en&g_ep=EgoyMDI2MDkzMC4wIJJjKgBIAVAD&rclk=1,0x161cebb5d158836d:0xac69e06a138b5c01,العدين,أدوات منزلية ومطابخ,discovered,"['أدوات منزلية ومطابخ في العدين, إب, اليمن']"
,,,,,,,,,,https://www.google.com/maps/place/%D8%A7%D9%84%D8%A8%D9%8A%D8%AA+%D8%A7%D9%84%D8%AD%D8%AF%D9%8A%D8%AB+%D9%84%D9%84%D8%A3%D8%AF%D9%88%D8%A7%D8%AA+%D8%A7%D9%84%D8%B5%D8%AD%D9%8A%D8%A9+%D9%88%D8%A7%D9%84%D8%B3%D9%8A%D8%B1%D8%A7%D9%85%D9%8A%D9%83+MODERN+HOUSE+CENTER%E2%80%AD/data=!4m7!3m6!1s0x161cebc346408791:0x4bb2ff339cc06bb3!8m2!3d13.967008!4d44.1621547!16s%2Fg%2F11f016256d!19sChIJkYdARsPrHBYRs2vAnDP_sks?authuser=0&hl=en&g_ep=EgoyMDI2MDkzMC4wIJJjKgBIAVAD&rclk=1,0x161cebc346408791:0x4bb2ff339cc06bb3,العدين,أدوات منزلية ومطابخ,discovered,"['أدوات منزلية ومطابخ في العدين, إب, اليمن']"
,,,,,,,,,,https://www.google.com/maps/place/%D9%82%D9%85%D9%87+%D8%A7%D9%84%D8%AA%D9%88%D9%81%D9%8A%D8%B1+%D9%84%D9%84%D8%A3%D8%AF%D9%88%D8%A7%D8%AA+%D8%A7%D9%84%D9%85%D9%86%D8%B2%D9%84%D9%8A%D9%87+%D9%88%D8%A7%D9%84%D8%BA%D8%A7%D8%B2+%D8%A7%D9%84%D9%85%D9%86%D8%B2%D9%84%D9%8A+%D9%88%D8%A7%D9%84%D8%A8%D9%84%D8%A7%D8%B3%D8%AA%D9%8A%D9%83%E2%80%AD/data=!4m7!3m6!1s0x161ceb2cffff91b5:0x285aa035a8387e13!8m2!3d13.9809118!4d44.1587007!16s%2Fg%2F11rrqmshb5!19sChIJtZH__yzrHBYRE344qDWgWig?authuser=0&hl=en&g_ep=EgoyMDI2MDkzMC4wIJJjKgBIAVAD&rclk=1,0x161ceb2cffff91b5:0x285aa035a8387e13,العدين,أدوات منزلية ومطابخ,discovered,"['أدوات منزلية ومطابخ في العدين, إب, اليمن']"
,,,,,,,,,,https://www.google.com/maps/place/Grocery+Mahia/data=!4m7!3m6!1s0x161cf50b527fd831:0x1643325cfecb75ac!8m2!3d13.7548011!4d44.1298578!16s%2Fg%2F11ddxt46yv!19sChIJMdh_Ugv1HBYRrHXL_lwyQxY?authuser=0&hl=en&g_ep=EgoyMDI2MDkzMC4wIJJjKgBIAVAD&rclk=1,0x161cf50b527fd831:0x1643325cfecb75ac,العدين,أدوات منزلية ومطابخ,discovered,"['أدوات منزلية ومطابخ في العدين, إب, اليمن']"
,,,,,,,,,,https://www.google.com/maps/place/%D9%86%D9%88%D8%B1%D8%A7%D9%84%D8%AF%D9%8A%D9%86+%D9%84%D9%84%D8%A3%D9%88%D8%A7%D9%86%D9%8A+%D8%A7%D9%84%D9%85%D9%86%D8%B2%D9%84%D9%8A%D8%A9%E2%80%AD/data=!4m7!3m6!1s0x161cf12829707301:0xe07660f02b66ba4a!8m2!3d13.8687281!4d44.176065!16s%2Fg%2F11txjb1zp9!19sChIJAXNwKSjxHBYRSrpmK_BgduA?authuser=0&hl=en&g_ep=EgoyMDI2MDkzMC4wIJJjKgBIAVAD&rclk=1,0x161cf12829707301:0xe07660f02b66ba4a,العدين,أدوات منزلية ومطابخ,discovered,"['أدوات منزلية ومطابخ في العدين, إب, اليمن']"
,,,,,,,,,,https://www.google.com/maps/place/%D8%B5%D9%82%D9%88%D8%B1+%D8%A7%D9%84%D8%AC%D9%86%D8%A9+%D9%84%D9%84%D8%A3%D9%84%D8%B9%D8%A7%D8%A8+%D9%88+%D8%A7%D9%84%D8%A3%D8%AF%D9%88%D8%A7%D8%AA+%D8%A7%D9%84%D9%85%D9%86%D8%B2%D9%84%D9%8A%D8%A9%E2%80%AD/data=!4m7!3m6!1s0x161ceb905e25d43d:0x6542f90997a89e1f!8m2!3d13.9708637!4d44.1505743!16s%2Fg%2F11qndcp86s!19sChIJPdQlXpDrHBYRH56olwn5QmU?authuser=0&hl=en&g_ep=EgoyMDI2MDkzMC4wIJJjKgBIAVAD&rclk=1,0x161ceb905e25d43d:0x6542f90997a89e1f,العدين,أدوات منزلية ومطابخ,discovered,"['أدوات منزلية ومطابخ في العدين, إب, اليمن']"
,,,,,,,,,,https://www.google.com/maps/place/%D8%B5%D9%8A%D8%AF%D9%84%D9%8A%D8%A9+%D8%A7%D9%84%D8%B1%D9%8A%D8%AF%D8%A7%D9%86+1%E2%80%AD/data=!4m7!3m6!1s0x161c91004fc8ce4d:0xbf8321e4b7909c2f!8m2!3d13.9652169!4d43.998724!16s%2Fg%2F11n4dlwyxz!19sChIJTc7ITwCRHBYRL5yQt-Qhg78?authuser=0&hl=en&g_ep=EgoyMDI2MDkzMC4wIJJjKgBIAVAD&rclk=1,0x161c91004fc8ce4d:0xbf8321e4b7909c2f,العدين,صيدليات,discovered,"['صيدليات في العدين, إب, اليمن']"
,,,,,,,,,,https://www.google.com/maps/place/%D8%B5%D9%8A%D8%AF%D9%84%D9%8A%D8%A9+%D8%A7%D9%84%D9%88%D8%A7%D8%AF%D9%8A+%D8%A7%D9%84%D8%A3%D8%AE%D8%B6%D8%B1%E2%80%AD/data=!4m7!3m6!1s0x161ca30016918a2f:0x5093ebcfd475d611!8m2!3d14.1472287!4d43.8799739!16s%2Fg%2F11vqvrn6_n!19sChIJL4qRFgCjHBYREdZ11M_rk1A?authuser=0&hl=en&g_ep=EgoyMDI2MDkzMC4wIJJjKgBIAVAD&rclk=1,0x161ca30016918a2f:0x5093ebcfd475d611,العدين,صيدليات,discovered,"['صيدليات في العدين, إب, اليمن']"
,,,,,,,,,,https://www.google.com/maps/place/%D8%B5%D9%8A%D8%AF%D9%84%D9%8A%D8%A9%E2%80%AD/data=!4m7!3m6!1s0x161caf0020f1342d:0xae24a7e48f4cf23!8m2!3d14.2354548!4d43.9276123!16s%2Fg%2F11zdcddjdb!19sChIJLTTxIACvHBYRI8_0SH5K4go?authuser=0&hl=en&g_ep=EgoyMDI2MDkzMC4wIJJjKgBIAVAD&rclk=1,0x161caf0020f1342d:0xae24a7e48f4cf23,العدين,صيدليات,discovered,"['صيدليات في العدين, إب, اليمن']"
,,,,,,,,,,https://www.google.com/maps/place/%D8%B5%D9%8A%D8%AF%D9%84%D9%8A%D8%A9+%D8%AF%2F%D8%AD%D9%85%D9%8A%D8%AF+%D9%85%D9%86%D8%B5%D9%88%D8%B1+%D8%A7%D9%84%D8%AC%D8%B9%D8%AF%D9%8A%E2%80%AD/data=!4m7!3m6!1s0x161cafeaee6d7623:0xad81910c01f4a343!8m2!3d14.2435197!4d43.9035545!16s%2Fg%2F11mmfh_5ss!19sChIJI3Zt7uqvHBYRQ6P0AQyRga0?authuser=0&hl=en&g_ep=EgoyMDI2MDkzMC4wIJJjKgBIAVAD&rclk=1,0x161cafeaee6d7623:0xad81910c01f4a343,العدين,صيدليات,discovered,"['صيدليات في العدين, إب, اليمن']"
,,,,,,,,,,https://www.google.com/maps/place/%D8%B5%D9%8A%D8%AF%D9%84%D9%8A%D9%87+%D8%A7%D9%84%D8%AF%D9%83%D8%AA%D9%88%D8%B1+%D9%8A%D8%A7%D8%B3%D8%B1+%D8%A7%D9%84%D8%B9%D9%88%D8%A7%D8%B6%D9%8A%E2%80%AD/data=!4m7!3m6!1s0x161cb9003749f3b7:0x3319e2ad510afcfb!8m2!3d14.1520048!4d44.0640254!16s%2Fg%2F11nq__k6m1!19sChIJt_NJNwC5HBYR-_wKUa3iGTM?authuser=0&hl=en&g_ep=EgoyMDI2MDkzMC4wIJJjKgBIAVAD&rclk=1,0x161cb9003749f3b7:0x3319e2ad510afcfb,العدين,صيدليات,discovered,"['صيدليات في العدين, إب, اليمن']"
,,,,,,,,,,https://www.google.com/maps/place/%D9%85%D8%AD%D9%85%D8%AF+%D9%81%D9%88%D8%A7%D8%AF+%D9%82%D8%A7%D9%8A%D8%AF+%D8%B9%D9%84%D9%8A%E2%80%AD/data=!4m7!3m6!1s0x161cf3bbfa03fd11:0xad5564f4c948b012!8m2!3d13.873119!4d44.10449!16s%2Fg%2F11jvk78rwz!19sChIJEf0D-rvzHBYRErBIyfRkVa0?authuser=0&hl=en&g_ep=EgoyMDI2MDkzMC4wIJJjKgBIAVAD&rclk=1,0x161cf3bbfa03fd11:0xad5564f4c948b012,العدين,صيدليات,discovered,"['صيدليات في العدين, إب, اليمن']"
,,,,,,,,,,https://www.google.com/maps/place/%D8%B5%D9%8A%D8%AF%D9%84%D9%8A%D8%A9+%D8%A7%D9%84%D9%87%D8%AF%D9%8A%D9%84%E2%80%AD/data=!4m7!3m6!1s0x161ceba42a1e0531:0xd8b49453fba2ca05!8m2!3d13.9706355!4d44.1561435!16s%2Fg%2F11mvs5zwsh!19sChIJMQUeKqTrHBYRBcqi-1OUtNg?authuser=0&hl=en&g_ep=EgoyMDI2MDkzMC4wIJJjKgBIAVAD&rclk=1,0x161ceba42a1e0531:0xd8b49453fba2ca05,العدين,صيدليات,discovered,"['صيدليات في العدين, إب, اليمن']"
,,,,,,,,,,https://www.google.com/maps/place/%D8%B5%D9%8A%D8%AF%D9%84%D9%8A%D8%A9+%D8%B9%D8%A8%D8%AF%D8%A7%D9%84%D9%85%D8%AC%D9%8A%D8%AF%E2%80%AD/data=!4m7!3m6!1s0x161c83003de8ef27:0xc93ac844415aa9af!8m2!3d13.9104529!4d43.8368426!16s%2Fg%2F11w3ckr_qg!19sChIJJ-_oPQCDHBYRr6laQUTIOsk?authuser=0&hl=en&g_ep=EgoyMDI2MDkzMC4wIJJjKgBIAVAD&rclk=1,0x161c83003de8ef27:0xc93ac844415aa9af,العدين,صيدليات,discovered,"['صيدليات في العدين, إب, اليمن']"
,,,,,,,,,,https://www.google.com/maps/place/%D8%B5%D9%8A%D8%AF%D9%84%D9%8A%D8%A9+%D8%B9%D8%A8%D8%AF%D8%A7%D9%84%D9%84%D9%87+%D9%82%D8%A7%D8%B3%D9%85%E2%80%AD/data=!4m7!3m6!1s0x161c819c28898e2b:0x38bdf579cda73548!8m2!3d13.803479!4d43.8627025!16s%2Fg%2F11gv006mmg!19sChIJK46JKJyBHBYRSDWnzXn1vTg?authuser=0&hl=en&g_ep=EgoyMDI2MDkzMC4wIJJjKgBIAVAD&rclk=1,0x161c819c28898e2b:0x38bdf579cda73548,العدين,صيدليات,discovered,"['صيدليات في العدين, إب, اليمن']"
,,,,,,,,,,https://www.google.com/maps/place/%D8%B5%D9%8A%D8%AF%D9%84%D9%8A%D9%87+%D8%A7%D8%AD%D9%85%D8%AF+%D9%8A%D8%AD%D9%8A%D9%89%E2%80%AD/data=!4m7!3m6!1s0x161c8d1c2c7fdf83:0xa02c6491477dc023!8m2!3d13.8837878!4d44.0416853!16s%2Fg%2F11vkp7cy9p!19sChIJg99_LByNHBYRI8B9R5FkLKA?authuser=0&hl=en&g_ep=EgoyMDI2MDkzMC4wIJJjKgBIAVAD&rclk=1,0x161c8d1c2c7fdf83:0xa02c6491477dc023,العدين,صيدليات,discovered,"['صيدليات في العدين, إب, اليمن']"
,,,,,,,,,,https://www.google.com/maps/place/%D8%B9%D9%8A%D8%A7%D8%AF%D8%A9+%D8%A7%D9%84%D8%AF%D9%83%D8%AA%D9%88%D8%B1+%D9%81%D8%A7%D9%8A%D8%B2+%D8%A7%D9%84%D8%AF%D9%85%D9%8A%D9%86%D9%8A%E2%80%AD/data=!4m7!3m6!1s0x161c85519202053f:0x20e660056b7899e!8m2!3d13.8827447!4d43.9376596!16s%2Fg%2F11h6qkgp21!19sChIJPwUCklGFHBYRnom3VgBmDgI?authuser=0&hl=en&g_ep=EgoyMDI2MDkzMC4wIJJjKgBIAVAD&rclk=1,0x161c85519202053f:0x20e660056b7899e,العدين,صيدليات,discovered,"['صيدليات في العدين, إب, اليمن']"
,,,,,,,,,,https://www.google.com/maps/place/%D8%B5%D9%8A%D8%AF%D9%84%D9%8A%D8%A9+%D8%AA%D8%AF%D8%A7%D9%88%D9%89%E2%80%AD/data=!4m7!3m6!1s0x161ce930df44b923:0x6b5b18ac8ec8046b!8m2!3d13.9732472!4d44.1759178!16s%2Fg%2F11fk8hnpy4!19sChIJI7lE3zDpHBYRawTIjqwYW2s?authuser=0&hl=en&g_ep=EgoyMDI2MDkzMC4wIJJjKgBIAVAD&rclk=1,0x161ce930df44b923:0x6b5b18ac8ec8046b,العدين,صيدليات,discovered,"['صيدليات في العدين, إب, اليمن']"
,,,,,,,,,,https://www.google.com/maps/place/%D8%B5%D9%8A%D8%AF%D9%84%D9%8A%D8%A9+%D8%A7%D9%84%D9%8A%D9%85%D9%86+%D8%A7%D9%84%D8%B3%D8%B9%D9%8A%D8%AF+13+%D9%85%D8%AD%D8%A7%D9%81%D8%B8%D8%A9+%D8%A7%D8%A8%E2%80%AD/data=!4m7!3m6!1s0x161ceb00024b3fd5:0x113c819e49e8d597!8m2!3d13.9716168!4d44.158963!16s%2Fg%2F11y0qrdjb9!19sChIJ1T9LAgDrHBYRl9XoSZ6BPBE?authuser=0&hl=en&g_ep=EgoyMDI2MDkzMC4wIJJjKgBIAVAD&rclk=1,0x161ceb00024b3fd5:0x113c819e49e8d597,العدين,صيدليات,discovered,"['صيدليات في العدين, إب, اليمن']"
,,,,,,,,,,https://www.google.com/maps/place/%D8%B4%D8%B1%D8%B9%D8%A8+%D8%A7%D9%84%D8%B3%D9%84%D8%A7%D9%85+%D8%A7%D9%8A%D9%81%D9%88%D8%B9+%D8%A7%D8%B9%D9%84%D8%A7%D8%A1%E2%80%AD/data=!4m7!3m6!1s0x161c85d38e0671a5:0x67df3d89903004b8!8m2!3d13.8512293!4d43.9198303!16s%2Fg%2F11l29m1mrc!19sChIJpXEGjtOFHBYRuAQwkIk932c?authuser=0&hl=en&g_ep=EgoyMDI2MDkzMC4wIJJjKgBIAVAD&rclk=1,0x161c85d38e0671a5:0x67df3d89903004b8,العدين,صيدليات,discovered,"['صيدليات في العدين, إب, اليمن']"
,,,,,,,,,,https://www.google.com/maps/place/%D8%B5%D9%8A%D8%AF%D9%84%D9%8A%D8%A9+%D9%8A%D8%A7%D8%B3%D9%8A%D9%86%E2%80%AD/data=!4m7!3m6!1s0x161c9100613a2af9:0x3e3de0cd2edfdb3e!8m2!3d13.9680603!4d44.003615!16s%2Fg%2F11w4c2rqqg!19sChIJ-So6YQCRHBYRPtvfLs3gPT4?authuser=0&hl=en&g_ep=EgoyMDI2MDkzMC4wIJJjKgBIAVAD&rclk=1,0x161c9100613a2af9:0x3e3de0cd2edfdb3e,العدين,صيدليات,discovered,"['صيدليات في العدين, إب, اليمن']"
,,,,,,,,,,https://www.google.com/maps/place/%D8%B5%D9%8A%D8%AF%D9%84%D9%8A%D8%A9+%D8%B9%D8%A8%D8%AF%D8%A7%D9%84%D8%B1%D8%A8+%D8%A7%D9%84%D8%B5%D9%84%D8%A7%D8%AD%D9%8A%E2%80%AD/data=!4m7!3m6!1s0x161ced000d86c783:0x162905add816f937!8m2!3d13.9462435!4d44.1091346!16s%2Fg%2F11z3xqjlv8!19sChIJg8eGDQDtHBYRN_kW2K0FKRY?authuser=0&hl=en&g_ep=EgoyMDI2MDkzMC4wIJJjKgBIAVAD&rclk=1,0x161ced000d86c783:0x162905add816f937,العدين,صيدليات,discovered,"['صيدليات في العدين, إب, اليمن']"
,,,,,,,,,,https://www.google.com/maps/place/%D8%B5%D9%8A%D8%AF%D9%84%D9%8A%D8%A9+%D8%A7%D9%84%D8%A3%D9%85%D9%84%E2%80%AD/data=!4m7!3m6!1s0x161c97df044a8291:0x56596b6854a6effb!8m2!3d14.0294756!4d43.9992657!16s%2Fg%2F11fj_h_8lw!19sChIJkYJKBN-XHBYR---mVGhrWVY?authuser=0&hl=en&g_ep=EgoyMDI2MDkzMC4wIJJjKgBIAVAD&rclk=1,0x161c97df044a8291:0x56596b6854a6effb,العدين,صيدليات,discovered,"['صيدليات في العدين, إب, اليمن']"
,,,,,,,,,,https://www.google.com/maps/place/%D8%B5%D9%8A%D8%AF%D9%84%D9%8A%D8%A9+%D8%A7%D9%84%D9%85%D9%86%D8%AA%D8%B5%D8%B1+%D9%84%D9%84%D8%A7%D8%AF%D9%88%D9%8A%D9%87%E2%80%AD/data=!4m7!3m6!1s0x161c91007cb995c5:0xa53b10c872149631!8m2!3d13.9682557!4d44.0034407!16s%2Fg%2F11y4rj0ltp!19sChIJxZW5fACRHBYRMZYUcsgQO6U?authuser=0&hl=en&g_ep=EgoyMDI2MDkzMC4wIJJjKgBIAVAD&rclk=1,0x161c91007cb995c5:0xa53b10c872149631,العدين,صيدليات,discovered,"['صيدليات في العدين, إب, اليمن']"
,,,,,,,,,,https://www.google.com/maps/place/%D8%B5%D9%8A%D8%AF%D9%84%D9%8A%D8%A9+%D8%AF%D9%88%D8%A7%D8%A4%D9%86%D8%A7+%D8%AD%D9%8A%D8%A7%D8%A9+%D8%A7%D9%84%D9%85%D8%B1%D9%83%D8%B2%D9%8A%D8%A9+2%E2%80%AD/data=!4m7!3m6!1s0x161ceb006bedec19:0xc462f8c1f353f8cb!8m2!3d13.9728369!4d44.165439!16s%2Fg%2F11x04781nl!19sChIJGeztawDrHBYRy_hT88H4YsQ?authuser=0&hl=en&g_ep=EgoyMDI2MDkzMC4wIJJjKgBIAVAD&rclk=1,0x161ceb006bedec19:0xc462f8c1f353f8cb,العدين,صيدليات,discovered,"['صيدليات في العدين, إب, اليمن']"
,,,,,,,,,,https://www.google.com/maps/place/%D9%85%D8%AE%D8%B2%D9%86+%D8%A7%D9%84%D9%84%D9%8A%D8%AB+%D8%A7%D9%84%D9%84%D8%A7%D8%AF%D9%88%D9%8A%D8%A9%E2%80%AD/data=!4m7!3m6!1s0x161b7d9e3964192d:0x68974eb019321477!8m2!3d13.9472251!4d43.7172899!16s%2Fg%2F11l29xsrbr!19sChIJLRlkOZ59GxYRdxQyGbBOl2g?authuser=0&hl=en&g_ep=EgoyMDI2MDkzMC4wIJJjKgBIAVAD&rclk=1,0x161b7d9e3964192d:0x68974eb019321477,العدين,صيدليات,discovered,"['صيدليات في العدين, إب, اليمن']"
,,,,,,,,,,https://www.google.com/maps/place/%D8%B5%D9%8A%D8%AF%D9%84%D9%8A%D8%A9+%D9%84%D8%A4%D9%84%D8%A4%D8%A9+%D8%A7%D9%84%D8%AF%D9%88%D8%A7%D8%A1%E2%80%AD/data=!4m7!3m6!1s0x16032b00688fbc75:0xa7c015c206265a0f!8m2!3d14.2986347!4d44.3773239!16s%2Fg%2F11z0kwxk_4!19sChIJdbyPaAArAxYRD1omBsIVwKc?authuser=0&hl=en&g_ep=EgoyMDI2MDkzMC4wIJJjKgBIAVAD&rclk=1,0x16032b00688fbc75:0xa7c015c206265a0f,العدين,صيدليات,discovered,"['صيدليات في العدين, إب, اليمن']"
,,,,,,,,,,https://www.google.com/maps/place/%D8%A7%D9%84%D8%B3%D8%A7%D8%AE%D9%86+%D8%A8%D8%B1%D9%88%D8%B3%D8%AA%E2%80%AD/data=!4m7!3m6!1s0x161ceb006611b1ed:0xc11479282c004750!8m2!3d13.9715205!4d44.158624!16s%2Fg%2F11y9y8fm9s!19sChIJ7bERZgDrHBYRUEcALCh5FME?authuser=0&hl=en&g_ep=EgoyMDI2MDkzMC4wIJJjKgBIAVAD&rclk=1,0x161ceb006611b1ed:0xc11479282c004750,جولة العدين,مطاعم,discovered,"['مطاعم في جولة العدين, إب, اليمن']"
,,,,,,,,,,https://www.google.com/maps/place/%D9%85%D8%B7%D8%A7%D8%B9%D9%85+%D8%A7%D9%84%D9%85%D8%B3%D8%B9%D9%88%D8%AF%D9%8A%E2%80%AD/data=!4m7!3m6!1s0x161ceb348e44c505:0x2c9ad25a3d4a935f!8m2!3d13.9722532!4d44.163633!16s%2Fg%2F11ftvdkmd5!19sChIJBcVEjjTrHBYRX5NKPVrSmiw?authuser=0&hl=en&g_ep=EgoyMDI2MDkzMC4wIJJjKgBIAVAD&rclk=1,0x161ceb348e44c505:0x2c9ad25a3d4a935f,جولة العدين,مطاعم,discovered,"['مطاعم في جولة العدين, إب, اليمن']"
,,,,,,,,,,https://www.google.com/maps/place/%D8%AC%D9%88%D9%84%D8%A9+%D8%A7%D9%84%D8%B9%D8%AF%D9%8A%D9%86+%D8%A5%D8%A8%E2%80%AD/data=!4m7!3m6!1s0x161ceb30faabb8b9:0x46be0853ebc64433!8m2!3d13.9716493!4d44.1599613!16s%2Fg%2F11s8yy2868!19sChIJubir-jDrHBYRM0TG61MIvkY?authuser=0&hl=en&g_ep=EgoyMDI2MDkzMC4wIJJjKgBIAVAD&rclk=1,0x161ceb30faabb8b9:0x46be0853ebc64433,جولة العدين,مطاعم,discovered,"['مطاعم في جولة العدين, إب, اليمن']"
,,,,,,,,,,https://www.google.com/maps/place/%D9%85%D8%B7%D8%B9%D9%85+%D8%B9%D8%A8%D8%AF%D9%87+%D8%B9%D9%84%D9%8A%E2%80%AD/data=!4m7!3m6!1s0x161ceb0029ba7603:0x765b944b3bda9e3d!8m2!3d13.9697378!4d44.1609148!16s%2Fg%2F11w3l21t_m!19sChIJA3a6KQDrHBYRPZ7aO0uUW3Y?authuser=0&hl=en&g_ep=EgoyMDI2MDkzMC4wIJJjKgBIAVAD&rclk=1,0x161ceb0029ba7603:0x765b944b3bda9e3d,جولة العدين,مطاعم,discovered,"['مطاعم في جولة العدين, إب, اليمن']"
,,,,,,,,,,https://www.google.com/maps/place/%D9%85%D8%AC%D9%85%D9%88%D8%B9%D9%87+%D9%85%D8%B7%D8%A7%D8%B9%D9%85+%D9%88%D9%85%D8%B7%D8%A7%D8%A8%D8%AE+%D8%AD%D8%B6%D8%B1%D9%85%D9%88%D8%AA+%D8%A8%D8%A7%D8%AD%D8%A7%D8%AC%E2%80%AD/data=!4m7!3m6!1s0x161cebc4ee82b44d:0x31abf5448c6ba8bd!8m2!3d13.9693411!4d44.1609429!16s%2Fg%2F11gczrx7bc!19sChIJTbSC7sTrHBYRvahrjET1qzE?authuser=0&hl=en&g_ep=EgoyMDI2MDkzMC4wIJJjKgBIAVAD&rclk=1,0x161cebc4ee82b44d:0x31abf5448c6ba8bd,جولة العدين,مطاعم,discovered,"['مطاعم في جولة العدين, إب, اليمن']"
,,,,,,,,,,https://www.google.com/maps/place/%D9%85%D8%B7%D8%A7%D8%B9%D9%85+%D9%88%D9%85%D8%B7%D8%A7%D8%A8%D8%AE+%D8%AE%D9%8A%D9%85%D8%A9+%D8%AD%D8%B6%D8%B1%D9%85%D9%88%D8%AA+%28%D8%A8%D8%A7%D8%AD%D8%A7%D8%AC%29%E2%80%AD/data=!4m7!3m6!1s0x161ce957551bf78f:0xaa8b989a3ca0ae50!8m2!3d13.9507588!4d44.1766772!16s%2Fg%2F11b73rgwjk!19sChIJj_cbVVfpHBYRUK6gPJqYi6o?authuser=0&hl=en&g_ep=EgoyMDI2MDkzMC4wIJJjKgBIAVAD&rclk=1,0x161ce957551bf78f:0xaa8b989a3ca0ae50,جولة العدين,مطاعم,discovered,"['مطاعم في جولة العدين, إب, اليمن']"
,,,,,,,,,,https://www.google.com/maps/place/%D9%85%D8%B1%D9%83%D8%B2+%D8%A7%D9%84%D8%A7%D9%85%D9%8A%D9%86+%D9%84%D9%84%D8%B9%D8%B5%D8%A7%D8%A6%D8%B1+%D8%A7%D9%84%D8%B7%D8%A7%D8%B2%D8%AC%D9%87+%D9%88%D8%A7%D9%84%D9%88%D8%AC%D8%A8%D8%A7%D8%AA+%D8%A7%D9%84%D8%AE%D9%81%D9%8A%D9%81%D9%87%E2%80%AD/data=!4m7!3m6!1s0x161ce91a58584f5b:0x2e457d643aa1d056!8m2!3d13.9602748!4d44.1808405!16s%2Fg%2F11grc8zh_j!19sChIJW09YWBrpHBYRVtChOmR9RS4?authuser=0&hl=en&g_ep=EgoyMDI2MDkzMC4wIJJjKgBIAVAD&rclk=1,0x161ce91a58584f5b:0x2e457d643aa1d056,جولة العدين,مطاعم,discovered,"['مطاعم في جولة العدين, إب, اليمن']"
,,,,,,,,,,https://www.google.com/maps/place/%D9%85%D8%B7%D8%A7%D8%B9%D9%85+%D8%A7%D9%84%D8%AB%D8%AC%D9%91%D8%A9%E2%80%AD/data=!4m7!3m6!1s0x161ce9d437b9c7db:0x8f51c06cdb10548b!8m2!3d13.9741221!4d44.1727681!16s%2Fg%2F11yqr0zw1m!19sChIJ28e5N9TpHBYRi1QQ22zAUY8?authuser=0&hl=en&g_ep=EgoyMDI2MDkzMC4wIJJjKgBIAVAD&rclk=1,0x161ce9d437b9c7db:0x8f51c06cdb10548b,جولة العدين,مطاعم,discovered,"['مطاعم في جولة العدين, إب, اليمن']"
,,,,,,,,,,https://www.google.com/maps/place/%D9%85%D8%B7%D8%B9%D9%85+%D8%A7%D9%84%D9%88%D8%B5%D8%A7%D8%A8%D9%8A+%D9%84%D9%84%D9%81%D9%88%D9%84+%D8%A7%D9%84%D8%AD%D8%B1%D9%87+%D9%88%D8%AA%D9%85%D9%8A%D8%B2%E2%80%AD/data=!4m7!3m6!1s0x161cebb8531622ad:0x66da7b83689d1d39!8m2!3d13.9714357!4d44.1461525!16s%2Fg%2F11h6r79sc1!19sChIJrSIWU7jrHBYROR2daIN72mY?authuser=0&hl=en&g_ep=EgoyMDI2MDkzMC4wIJJjKgBIAVAD&rclk=1,0x161cebb8531622ad:0x66da7b83689d1d39,جولة العدين,مطاعم,discovered,"['مطاعم في جولة العدين, إب, اليمن']"
,,,,,,,,,,https://www.google.com/maps/place/%D9%85%D8%B7%D8%A7%D8%B9%D9%85+%D8%A7%D9%84%D9%87%D9%84%D8%A7%D9%84%E2%80%AD/data=!4m7!3m6!1s0x161ceb005bbd5fab:0xfdc89af198562bde!8m2!3d13.954804!4d44.167038!16s%2Fg%2F11vszcw7vg!19sChIJq1-9WwDrHBYR3itWmPGayP0?authuser=0&hl=en&g_ep=EgoyMDI2MDkzMC4wIJJjKgBIAVAD&rclk=1,0x161ceb005bbd5fab:0xfdc89af198562bde,جولة العدين,مطاعم,discovered,"['مطاعم في جولة العدين, إب, اليمن']"
,,,,,,,,,,https://www.google.com/maps/place/%D9%85%D8%B7%D8%A7%D8%A8%D8%AE+%D9%88%D9%85%D8%AE%D9%8A%D9%85%D8%A7%D8%AA+%D8%A7%D9%84%D8%B4%D8%A7%D9%85+%D8%B9%D8%AF%D9%86%D8%A7%D9%86+777165692%E2%80%AD/data=!4m7!3m6!1s0x161ce9916b006179:0x6fad16ad417c48e4!8m2!3d13.971819!4d44.1753333!16s%2Fg%2F11hz64nk28!19sChIJeWEAa5HpHBYR5Eh8Qa0WrW8?authuser=0&hl=en&g_ep=EgoyMDI2MDkzMC4wIJJjKgBIAVAD&rclk=1,0x161ce9916b006179:0x6fad16ad417c48e4,جولة العدين,مطاعم,discovered,"['مطاعم في جولة العدين, إب, اليمن']"
,,,,,,,,,,https://www.google.com/maps/place/%D9%85%D8%B7%D8%B9%D9%85+%D9%88%D8%A8%D8%B1%D8%B3%D8%AA+%D8%A7%D9%84%D9%82%D8%A7%D9%81%D9%84%D9%87%E2%80%AD/data=!4m7!3m6!1s0x161ce9912aebf21f:0xb16cc67af117c53b!8m2!3d13.9521394!4d44.1857444!16s%2Fg%2F11hzjftpd6!19sChIJH_LrKpHpHBYRO8UX8XrGbLE?authuser=0&hl=en&g_ep=EgoyMDI2MDkzMC4wIJJjKgBIAVAD&rclk=1,0x161ce9912aebf21f:0xb16cc67af117c53b,جولة العدين,مطاعم,discovered,"['مطاعم في جولة العدين, إب, اليمن']"
,,,,,,,,,,https://www.google.com/maps/place/%D9%83%D9%81%D8%AA%D9%8A%D8%B1%D9%8A%D8%A7+%D9%88+%D9%85%D8%B7%D8%B9%D9%85+%D8%A7%D9%84%D9%81%D9%8A%D8%B5%D9%84%E2%80%AD/data=!4m7!3m6!1s0x161ce99ee4dc1c57:0x1fc8385aa3ffbf0b!8m2!3d13.9522771!4d44.1847116!16s%2Fg%2F11q97cw0vx!19sChIJVxzc5J7pHBYRC7__o1o4yB8?authuser=0&hl=en&g_ep=EgoyMDI2MDkzMC4wIJJjKgBIAVAD&rclk=1,0x161ce99ee4dc1c57:0x1fc8385aa3ffbf0b,جولة العدين,مطاعم,discovered,"['مطاعم في جولة العدين, إب, اليمن']"
,,,,,,,,,,https://www.google.com/maps/place/Canary+%D9%83%D9%86%D8%A7%D8%B1%D9%8A+%D9%84%D9%84%D9%88%D8%AC%D8%A8%D8%A7%D8%AA+%D8%A7%D9%84%D8%B3%D8%B1%D9%8A%D8%B9%D8%A9%E2%80%AD/data=!4m7!3m6!1s0x161ce97642a482c7:0x446938eca727987c!8m2!3d13.9769091!4d44.1730545!16s%2Fg%2F11xw0tfk7p!19sChIJx4KkQnbpHBYRfJgnp-w4aUQ?authuser=0&hl=en&g_ep=EgoyMDI2MDkzMC4wIJJjKgBIAVAD&rclk=1,0x161ce97642a482c7:0x446938eca727987c,جولة العدين,مطاعم,discovered,"['مطاعم في جولة العدين, إب, اليمن']"
,,,,,,,,,,https://www.google.com/maps/place/%D9%85%D8%B7%D8%B9%D9%85+%D8%A7%D9%84%D8%A8%D9%88%D8%A7%D8%AF%D9%8A%E2%80%AD/data=!4m7!3m6!1s0x161ce96e509a8ff9:0xc318189b4b984006!8m2!3d13.954888!4d44.1792476!16s%2Fg%2F11tn58rx3v!19sChIJ-Y-aUG7pHBYRBkCYS5sYGMM?authuser=0&hl=en&g_ep=EgoyMDI2MDkzMC4wIJJjKgBIAVAD&rclk=1,0x161ce96e509a8ff9:0xc318189b4b984006,جولة العدين,مطاعم,discovered,"['مطاعم في جولة العدين, إب, اليمن']"
,,,,,,,,,,https://www.google.com/maps/place/%D8%AC%D9%85%D8%A7%D9%84+%D8%A7%D9%84%D8%A7%D8%AF%D8%B1%D9%8A%D8%B3%D9%8A+%D9%84%D9%84%D8%A8%D8%B1%D9%85%D8%AC%D9%8A%D8%A7%D8%AA%E2%80%AD/data=!4m7!3m6!1s0x161ce900591f9cb9:0xce2fde0c81cc9cf!8m2!3d13.9641116!4d44.1749607!16s%2Fg%2F11msl6n59_!19sChIJuZwfWQDpHBYRz8kcyOD94gw?authuser=0&hl=en&g_ep=EgoyMDI2MDkzMC4wIJJjKgBIAVAD&rclk=1,0x161ce900591f9cb9:0xce2fde0c81cc9cf,جولة العدين,مطاعم,discovered,"['مطاعم في جولة العدين, إب, اليمن']"
,,,,,,,,,,https://www.google.com/maps/place/%D9%85%D8%B7%D8%A7%D8%B9%D9%85+%D9%88%D9%85%D8%AE%D8%A8%D8%A7%D8%B2%D9%87+%D8%A7%D9%84%D8%B7%D8%A7%D8%B2%D8%AC+%D8%AD%D8%A8%D9%87+%D9%83%D9%86%D9%81%D9%87%E2%80%AD/data=!4m7!3m6!1s0x161ceb76956dc9df:0x5c5c1f6d2ede9cac!8m2!3d13.9669639!4d44.1819234!16s%2Fg%2F11hyxnh555!19sChIJ38ltlXbrHBYRrJzeLm0fXFw?authuser=0&hl=en&g_ep=EgoyMDI2MDkzMC4wIJJjKgBIAVAD&rclk=1,0x161ceb76956dc9df:0x5c5c1f6d2ede9cac,جولة العدين,مطاعم,discovered,"['مطاعم في جولة العدين, إب, اليمن']"
,,,,,,,,,,https://www.google.com/maps/place/%D9%81%D9%86%D8%A7%D9%86+%D9%8A%D9%85%D9%86%D9%8A%E2%80%AD/data=!4m7!3m6!1s0x161ceb37e5e9c6c7:0xab3c28a8df293015!8m2!3d13.9703858!4d44.1588627!16s%2Fg%2F11hs3qpl_y!19sChIJx8bp5TfrHBYRFTAp36goPKs?authuser=0&hl=en&g_ep=EgoyMDI2MDkzMC4wIJJjKgBIAVAD&rclk=1,0x161ceb37e5e9c6c7:0xab3c28a8df293015,جولة العدين,مطاعم,discovered,"['مطاعم في جولة العدين, إب, اليمن']"
,,,,,,,,,,https://www.google.com/maps/place/%D9%85%D8%B7%D8%A7%D8%B9%D9%85+%D9%87%D9%84%D8%AA%D9%88%D9%86%E2%80%AD/data=!4m7!3m6!1s0x161cebbc2bc0ec8f:0x698b63bf5f777c36!8m2!3d13.9584512!4d44.1663322!16s%2Fg%2F11v5sh0_n1!19sChIJj-zAK7zrHBYRNnx3X79ji2k?authuser=0&hl=en&g_ep=EgoyMDI2MDkzMC4wIJJjKgBIAVAD&rclk=1,0x161cebbc2bc0ec8f:0x698b63bf5f777c36,جولة العدين,مطاعم,discovered,"['مطاعم في جولة العدين, إب, اليمن']"
,,,,,,,,,,https://www.google.com/maps/place/%D9%85%D8%B7%D8%A7%D8%B9%D9%85+%D8%A7%D9%84%D9%82%D8%B1%D9%85%D9%88%D8%B4%D9%8A+%D9%81%D8%B1%D8%B9+%D8%A5%D8%A8%E2%80%AD/data=!4m7!3m6!1s0x161ceb007ab06bd3:0xe76459e6195c76d4!8m2!3d13.9663781!4d44.1622751!16s%2Fg%2F11zd5m2514!19sChIJ02uwegDrHBYR1HZcGeZZZOc?authuser=0&hl=en&g_ep=EgoyMDI2MDkzMC4wIJJjKgBIAVAD&rclk=1,0x161ceb007ab06bd3:0xe76459e6195c76d4,جولة العدين,مطاعم,discovered,"['مطاعم في جولة العدين, إب, اليمن']"
,,,,,,,,,,https://www.google.com/maps/place/Ibb+Garden+Hotel/data=!4m7!3m6!1s0x161cebd1aad00c07:0x2784a685f378bbe8!8m2!3d13.9738799!4d44.1647217!16s%2Fg%2F12ls8bh8m!19sChIJBwzQqtHrHBYR6Lt484WmhCc?authuser=0&hl=en&g_ep=EgoyMDI2MDkzMC4wIJJjKgBIAVAD&rclk=1,0x161cebd1aad00c07:0x2784a685f378bbe8,جولة العدين,مطاعم,discovered,"['مطاعم في جولة العدين, إب, اليمن']"
,,,,,,,,,,https://www.google.com/maps/place/%D9%85%D8%B7%D8%B9%D9%85+%D8%A8%D9%86+%D9%86%D8%A7%D8%AC%D9%8A+%D8%B9%D9%84%D9%8A+%D9%84%D9%84%D8%AF%D8%AC%D8%A7%D8%AC+%D8%A7%D9%84%D9%85%D8%B4%D9%88%D9%8A%E2%80%AD/data=!4m7!3m6!1s0x161ceb003ab6d72f:0xac6096ee9be44a37!8m2!3d13.9714601!4d44.1614449!16s%2Fg%2F11w3l2554m!19sChIJL9e2OgDrHBYRN0rkm-6WYKw?authuser=0&hl=en&g_ep=EgoyMDI2MDkzMC4wIJJjKgBIAVAD&rclk=1,0x161ceb003ab6d72f:0xac6096ee9be44a37,جولة العدين,مطاعم,discovered,"['مطاعم في جولة العدين, إب, اليمن']"
,,,,,,,,,,https://www.google.com/maps/place/%D8%A8%D9%88%D9%81%D9%8A%D9%87+%D8%A7%D9%84%D8%B4%D8%B1%D8%B9%D8%A8%D9%8A%E2%80%AD/data=!4m7!3m6!1s0x161ceb5ef56f3eb9:0x22557a27af72ec6f!8m2!3d13.9706826!4d44.1526259!16s%2Fg%2F11s46hzwc4!19sChIJuT5v9V7rHBYRb-xyryd6VSI?authuser=0&hl=en&g_ep=EgoyMDI2MDkzMC4wIJJjKgBIAVAD&rclk=1,0x161ceb5ef56f3eb9:0x22557a27af72ec6f,جولة العدين,مطاعم,discovered,"['مطاعم في جولة العدين, إب, اليمن']"
,,,,,,,,,,https://www.google.com/maps/place/%D9%83%D9%81%D8%AA%D8%B1%D9%8A%D8%A7+%D8%A7%D9%84%D9%85%D8%AF%D9%8A%D9%86%D8%A9+%D8%A7%D9%84%D8%B3%D9%8A%D8%A7%D8%AD%D9%8A%D8%A9%E2%80%AD/data=!4m7!3m6!1s0x161ceb15bf26fa59:0xe74921405e3a57b8!8m2!3d13.9724502!4d44.1640824!16s%2Fg%2F11frltlm56!19sChIJWfomvxXrHBYRuFc6XkAhSec?authuser=0&hl=en&g_ep=EgoyMDI2MDkzMC4wIJJjKgBIAVAD&rclk=1,0x161ceb15bf26fa59:0xe74921405e3a57b8,جولة العدين,مطاعم,discovered,"['مطاعم في جولة العدين, إب, اليمن']"
,,,,,,,,,,https://www.google.com/maps/place/%D9%85%D8%B7%D8%B9%D9%85+%D9%88%D9%85%D8%AE%D8%A8%D8%A7%D8%B2%D8%A9+%D8%A7%D9%84%D8%AE%D9%8A%D8%B1%E2%80%AD/data=!4m7!3m6!1s0x161ceb63abb505ab:0xdb648193352a14b3!8m2!3d13.9706826!4d44.1526259!16s%2Fg%2F11t0t0dnb2!19sChIJqwW1q2PrHBYRsxQqNZOBZNs?authuser=0&hl=en&g_ep=EgoyMDI2MDkzMC4wIJJjKgBIAVAD&rclk=1,0x161ceb63abb505ab:0xdb648193352a14b3,جولة العدين,مطاعم,discovered,"['مطاعم في جولة العدين, إب, اليمن']"
,,,,,,,,,,https://www.google.com/maps/place/%D9%85%D9%84%D9%83+%D8%A7%D9%84%D8%A8%D9%84%D9%8A%D9%84%D9%87+%D8%B9%D9%8A%D8%AF+%D8%A7%D9%84%D8%B9%D9%84%D9%8A%D9%85+%D8%A7%D9%84%D9%88%D8%AC%D9%8A%D9%87%E2%80%AD/data=!4m7!3m6!1s0x161ce90029d82afb:0x7350127b6fe21865!8m2!3d13.9733246!4d44.175272!16s%2Fg%2F11zh18303f!19sChIJ-yrYKQDpHBYRZRjib3sSUHM?authuser=0&hl=en&g_ep=EgoyMDI2MDkzMC4wIJJjKgBIAVAD&rclk=1,0x161ce90029d82afb:0x7350127b6fe21865,جولة العدين,مطاعم,discovered,"['مطاعم في جولة العدين, إب, اليمن']"
,,,,,,,,,,https://www.google.com/maps/place/%D9%85%D8%B7%D8%B9%D9%85+%D9%88%D9%86+%D9%81%D9%88%D9%88%D8%AF%E2%80%AD/data=!4m7!3m6!1s0x161ceb003c316b21:0xd0ebb2e4a023be16!8m2!3d13.9711886!4d44.1669619!16s%2Fg%2F11msy7tdt2!19sChIJIWsxPADrHBYRFr4joOSy69A?authuser=0&hl=en&g_ep=EgoyMDI2MDkzMC4wIJJjKgBIAVAD&rclk=1,0x161ceb003c316b21:0xd0ebb2e4a023be16,جولة العدين,مطاعم,discovered,"['مطاعم في جولة العدين, إب, اليمن']"
,,,,,,,,,,https://www.google.com/maps/place/%D9%85%D8%B7%D8%B9%D9%85+%D8%B1%D9%8A%D8%AA%D8%A7%D8%AC%E2%80%AD/data=!4m7!3m6!1s0x161ceb19ca8f6873:0x2b74098019f41b37!8m2!3d13.9720829!4d44.1625506!16s%2Fg%2F11h3b308wq!19sChIJc2iPyhnrHBYRNxv0GYAJdCs?authuser=0&hl=en&g_ep=EgoyMDI2MDkzMC4wIJJjKgBIAVAD&rclk=1,0x161ceb19ca8f6873:0x2b74098019f41b37,جولة العدين,مطاعم,discovered,"['مطاعم في جولة العدين, إب, اليمن']"
,,,,,,,,,,https://www.google.com/maps/place/%D9%85%D8%B7%D8%B9%D9%85+%D8%A7%D8%AD%D8%A8%D8%A7%D8%A8+%D8%A7%D9%84%D8%B1%D8%AD%D9%85%D9%86%E2%80%AD/data=!4m7!3m6!1s0x161ceb9dedc55097:0x374e4dd2f6fe7e1a!8m2!3d13.9714141!4d44.1659544!16s%2Fg%2F11mvrr6dg5!19sChIJl1DF7Z3rHBYRGn7-9tJNTjc?authuser=0&hl=en&g_ep=EgoyMDI2MDkzMC4wIJJjKgBIAVAD&rclk=1,0x161ceb9dedc55097:0x374e4dd2f6fe7e1a,جولة العدين,مطاعم,discovered,"['مطاعم في جولة العدين, إب, اليمن']"
,,,,,,,,,,https://www.google.com/maps/place/%D8%B3%D9%88%D8%A8%D8%B1+%D9%85%D8%A7%D8%B1%D9%83%D8%AA+%D8%A7%D9%84%D9%88%D9%83%D8%A7%D9%84%D8%A9%E2%80%AD/data=!4m7!3m6!1s0x161c975a0c09cb17:0x3ab4ed78cf4efc7!8m2!3d14.0288595!4d44.0002931!16s%2Fg%2F11vdxyhmlr!19sChIJF8sJDFqXHBYRx-_0jNdOqwM?authuser=0&hl=en&g_ep=EgoyMDI2MDkzMC4wIJJjKgBIAVAD&rclk=1,0x161c975a0c09cb17:0x3ab4ed78cf4efc7,العدين الاسفل,بقالات وسوبر ماركت,discovered,"['بقالات وسوبر ماركت في العدين الاسفل, إب, اليمن']"
,,,,,,,,,,https://www.google.com/maps/place/%D8%B3%D9%88%D8%A8%D8%B1+%D9%85%D8%A7%D8%B1%D9%83%D8%AA+%D8%A7%D9%84%D8%B9%D8%A8%D8%A7%D8%AF%D9%8A%E2%80%AD/data=!4m7!3m6!1s0x161c850023540695:0x852da8f2b2fa86d8!8m2!3d13.9052526!4d43.9310445!16s%2Fg%2F11xf8y5xlp!19sChIJlQZUIwCFHBYR2Ib6svKoLYU?authuser=0&hl=en&g_ep=EgoyMDI2MDkzMC4wIJJjKgBIAVAD&rclk=1,0x161c850023540695:0x852da8f2b2fa86d8,العدين الاسفل,بقالات وسوبر ماركت,discovered,"['بقالات وسوبر ماركت في العدين الاسفل, إب, اليمن']"
,,,,,,,,,,https://www.google.com/maps/place/%D8%A8%D9%82%D8%A7%D9%84%D8%A9+%D8%A7%D9%84%D8%AB%D9%84%D8%A7%D9%8A%D8%A7%E2%80%AD/data=!4m7!3m6!1s0x161c9146b8073a15:0x7e6fd829613a09f8!8m2!3d13.9677834!4d44.0044913!16s%2Fg%2F11ggr3jn92!19sChIJFToHuEaRHBYR-Ak6YSnYb34?authuser=0&hl=en&g_ep=EgoyMDI2MDkzMC4wIJJjKgBIAVAD&rclk=1,0x161c9146b8073a15:0x7e6fd829613a09f8,العدين الاسفل,بقالات وسوبر ماركت,discovered,"['بقالات وسوبر ماركت في العدين الاسفل, إب, اليمن']"
,,,,,,,,,,https://www.google.com/maps/place/%D8%B3%D9%88%D8%A8%D8%B1+%D9%85%D8%A7%D8%B1%D9%83%D8%AA+%D8%A8%D8%A7%D8%B3%D9%85+%D8%AD%D9%85%D9%8A%D8%AF+%D8%A7%D9%84%D8%B9%D9%88%D8%A7%D8%B6%D9%8A%E2%80%AD/data=!4m7!3m6!1s0x161c95ec5f0287cb:0xc4597ba093746b63!8m2!3d14.0138072!4d44.026562!16s%2Fg%2F11h3kv7ncq!19sChIJy4cCX-yVHBYRY2t0k6B7WcQ?authuser=0&hl=en&g_ep=EgoyMDI2MDkzMC4wIJJjKgBIAVAD&rclk=1,0x161c95ec5f0287cb:0xc4597ba093746b63,العدين الاسفل,بقالات وسوبر ماركت,discovered,"['بقالات وسوبر ماركت في العدين الاسفل, إب, اليمن']"
,,,,,,,,,,https://www.google.com/maps/place/%D8%B3%D9%88%D8%A8%D8%B1+%D9%85%D8%A7%D8%B1%D9%83%D8%AA+%D8%A7%D9%84%D9%87%D9%84%D8%A7%D9%84%E2%80%AD/data=!4m7!3m6!1s0x161c975aad7044f3:0x1b420c9777a99d4c!8m2!3d14.0225988!4d44.0087546!16s%2Fg%2F11mhcxj1xh!19sChIJ80RwrVqXHBYRTJ2pd5cMQhs?authuser=0&hl=en&g_ep=EgoyMDI2MDkzMC4wIJJjKgBIAVAD&rclk=1,0x161c975aad7044f3:0x1b420c9777a99d4c,العدين الاسفل,بقالات وسوبر ماركت,discovered,"['بقالات وسوبر ماركت في العدين الاسفل, إب, اليمن']"
,,,,,,,,,,https://www.google.com/maps/place/%D8%B3%D9%88%D8%A8%D8%B1+%D9%85%D8%A7%D8%B1%D9%83%D8%AA+%D8%B9%D8%A8%D8%AF%D8%A7%D9%84%D9%84%D9%87+%D8%A7%D9%84%D8%B5%D8%A8%D8%A7%D8%A1%E2%80%AD/data=!4m7!3m6!1s0x161c8540bfba8231:0xe8418769e86d3798!8m2!3d13.8825562!4d43.8846366!16s%2Fg%2F11vhw7312s!19sChIJMYK6v0CFHBYRmDdt6GmHQeg?authuser=0&hl=en&g_ep=EgoyMDI2MDkzMC4wIJJjKgBIAVAD&rclk=1,0x161c8540bfba8231:0xe8418769e86d3798,العدين الاسفل,بقالات وسوبر ماركت,discovered,"['بقالات وسوبر ماركت في العدين الاسفل, إب, اليمن']"
,,,,,,,,,,https://www.google.com/maps/place/%D8%B3%D9%88%D8%A8%D8%B1+%D9%85%D8%A7%D8%B1%D9%83%D8%AA+%D8%A7%D9%83%D8%B1%D9%85+%D8%A7%D9%84%D9%86%D9%87%D8%A7%D8%B1%D9%8A%E2%80%AD/data=!4m7!3m6!1s0x161c9141533edccd:0x84d8d2dc345e9622!8m2!3d13.9289941!4d43.9622248!16s%2Fg%2F11jht6x2mj!19sChIJzdw-U0GRHBYRIpZeNNzS2IQ?authuser=0&hl=en&g_ep=EgoyMDI2MDkzMC4wIJJjKgBIAVAD&rclk=1,0x161c9141533edccd:0x84d8d2dc345e9622,العدين الاسفل,بقالات وسوبر ماركت,discovered,"['بقالات وسوبر ماركت في العدين الاسفل, إب, اليمن']"
,,,,,,,,,,https://www.google.com/maps/place/%D8%B3%D9%88%D8%A8%D8%B1+%D9%85%D8%A7%D8%B1%D9%83%D8%AA+%D8%A7%D9%8A%D9%85%D9%86+%D8%A7%D9%84%D8%B4%D8%B9%D8%B1%D8%A7%D9%86%D9%8A%E2%80%AD/data=!4m7!3m6!1s0x161c95e1353baf4f:0xfb8a42f145b93829!8m2!3d13.996217!4d44.0346056!16s%2Fg%2F11k3yzl3jx!19sChIJT687NeGVHBYRKTi5RfFCivs?authuser=0&hl=en&g_ep=EgoyMDI2MDkzMC4wIJJjKgBIAVAD&rclk=1,0x161c95e1353baf4f:0xfb8a42f145b93829,العدين الاسفل,بقالات وسوبر ماركت,discovered,"['بقالات وسوبر ماركت في العدين الاسفل, إب, اليمن']"
,,,,,,,,,,https://www.google.com/maps/place/%D8%B3%D9%88%D8%A8%D8%B1+%D9%85%D8%A7%D8%B1%D9%83%D8%AA+%D8%A7%D9%84%D8%B5%D9%84%D8%A7%D8%AD%D9%8A%E2%80%AD/data=!4m7!3m6!1s0x161c95cffc9f3f4f:0xd2290f7084e08ded!8m2!3d14.0353997!4d44.0366162!16s%2Fg%2F11j4ntqg9q!19sChIJTz-f_M-VHBYR7Y3ghHAPKdI?authuser=0&hl=en&g_ep=EgoyMDI2MDkzMC4wIJJjKgBIAVAD&rclk=1,0x161c95cffc9f3f4f:0xd2290f7084e08ded,العدين الاسفل,بقالات وسوبر ماركت,discovered,"['بقالات وسوبر ماركت في العدين الاسفل, إب, اليمن']"
,,,,,,,,,,https://www.google.com/maps/place/%D8%B3%D9%88%D8%A8%D8%B1+%D9%85%D8%A7%D8%B1%D9%83%D8%AA%E2%80%AD/data=!4m7!3m6!1s0x161c99000d1736d3:0x88f8a950f7819887!8m2!3d14.0140391!4d43.9318549!16s%2Fg%2F11w81r7syt!19sChIJ0zYXDQCZHBYRh5iB91Cp-Ig?authuser=0&hl=en&g_ep=EgoyMDI2MDkzMC4wIJJjKgBIAVAD&rclk=1,0x161c99000d1736d3:0x88f8a950f7819887,العدين الاسفل,بقالات وسوبر ماركت,discovered,"['بقالات وسوبر ماركت في العدين الاسفل, إب, اليمن']"
,,,,,,,,,,https://www.google.com/maps/place/%D8%B3%D9%88%D8%A8%D8%B1+%D9%85%D8%A7%D8%B1%D9%83%D8%AA+%D8%A7%D9%85%D9%8A%D9%86+%D8%B7%D9%87+%D9%87%D8%A7%D9%8A%D9%84%E2%80%AD/data=!4m7!3m6!1s0x161cbf0022bf25cd:0x2acc2e44b0655d1c!8m2!3d14.0454724!4d44.0382279!16s%2Fg%2F11vkb76s4s!19sChIJzSW_IgC_HBYRHF1lsEQuzCo?authuser=0&hl=en&g_ep=EgoyMDI2MDkzMC4wIJJjKgBIAVAD&rclk=1,0x161cbf0022bf25cd:0x2acc2e44b0655d1c,العدين الاسفل,بقالات وسوبر ماركت,discovered,"['بقالات وسوبر ماركت في العدين الاسفل, إب, اليمن']"
,,,,,,,,,,https://www.google.com/maps/place/%D8%A8%D9%82%D8%A7%D9%84%D9%87+%D9%85%D8%B1%D9%82%D9%87+%D8%B4%D8%B9%D8%A8+%D8%A7%D9%84%D8%A8%D9%8A%D8%B1+%D9%85%D8%AF%D9%8A%D8%B1%D9%87+%D8%A7%D9%84%D8%B9%D8%AF%D9%8A%D9%86%E2%80%AD/data=!4m7!3m6!1s0x161c919ed1c0296f:0x2f5a4ad561e7495c!8m2!3d13.9552322!4d43.9496319!16s%2Fg%2F11txlkb8gn!19sChIJbynA0Z6RHBYRXEnnYdVKWi8?authuser=0&hl=en&g_ep=EgoyMDI2MDkzMC4wIJJjKgBIAVAD&rclk=1,0x161c919ed1c0296f:0x2f5a4ad561e7495c,العدين الاسفل,بقالات وسوبر ماركت,discovered,"['بقالات وسوبر ماركت في العدين الاسفل, إب, اليمن']"
,,,,,,,,,,https://www.google.com/maps/place/%D8%A8%D9%82%D8%A7%D9%84%D8%A9+%D9%85%D8%B1%D8%A7%D8%AF+%D8%A7%D9%84%D9%85%D8%AE%D9%84%D8%A7%D9%81%D9%8A%E2%80%AD/data=!4m7!3m6!1s0x161c8500694b0f35:0x2e61d263b50f9f74!8m2!3d13.8677297!4d43.8939536!16s%2Fg%2F11mzc_y77w!19sChIJNQ9LaQCFHBYRdJ8PtWPSYS4?authuser=0&hl=en&g_ep=EgoyMDI2MDkzMC4wIJJjKgBIAVAD&rclk=1,0x161c8500694b0f35:0x2e61d263b50f9f74,العدين الاسفل,بقالات وسوبر ماركت,discovered,"['بقالات وسوبر ماركت في العدين الاسفل, إب, اليمن']"
,,,,,,,,,,https://www.google.com/maps/place/%D8%B3%D9%88%D8%A8%D8%B1+%D9%85%D8%A7%D8%B1%D9%83%D8%AA+%D8%A7%D9%84%D8%B4%D9%8A%D8%AE+%D9%87%D8%A7%D9%8A%D9%84%E2%80%AD/data=!4m7!3m6!1s0x161b7b007d7f7c55:0x6b832c23eaf0d77b!8m2!3d13.9113661!4d43.67624!16s%2Fg%2F11nvw04ncx!19sChIJVXx_fQB7GxYRe9fw6iMsg2s?authuser=0&hl=en&g_ep=EgoyMDI2MDkzMC4wIJJjKgBIAVAD&rclk=1,0x161b7b007d7f7c55:0x6b832c23eaf0d77b,العدين الاسفل,بقالات وسوبر ماركت,discovered,"['بقالات وسوبر ماركت في العدين الاسفل, إب, اليمن']"
,,,,,,,,,,https://www.google.com/maps/place/%D8%A8%D9%82%D8%A7%D9%84%D8%A9+%D8%A3%D8%A8%D9%88+%D8%B9%D9%8F%D9%85%D8%B1+%D9%81%D8%A7%D8%B1%D9%88%D9%82+%D8%A7%D9%84%D8%B9%D8%B2%D9%8A%D9%82%E2%80%AD/data=!4m7!3m6!1s0x161c855542ccb9f5:0xa71aa66e0a36eab8!8m2!3d13.9153804!4d43.9282317!16s%2Fg%2F11hxbzwr5m!19sChIJ9bnMQlWFHBYRuOo2Cm6mGqc?authuser=0&hl=en&g_ep=EgoyMDI2MDkzMC4wIJJjKgBIAVAD&rclk=1,0x161c855542ccb9f5:0xa71aa66e0a36eab8,العدين الاسفل,بقالات وسوبر ماركت,discovered,"['بقالات وسوبر ماركت في العدين الاسفل, إب, اليمن']"
,,,,,,,,,,https://www.google.com/maps/place/%D8%B3%D9%88%D8%A8%D8%B1+%D9%85%D8%A7%D8%B1%D9%83%D8%AA+%D9%85%D9%83%D9%87%E2%80%AD/data=!4m7!3m6!1s0x161c91319c73c9b1:0xf1fa12b9ff1e0610!8m2!3d13.9699055!4d43.9892637!16s%2Fg%2F11wc31_6b1!19sChIJsclznDGRHBYREAYe_7kS-vE?authuser=0&hl=en&g_ep=EgoyMDI2MDkzMC4wIJJjKgBIAVAD&rclk=1,0x161c91319c73c9b1:0xf1fa12b9ff1e0610,العدين الاسفل,بقالات وسوبر ماركت,discovered,"['بقالات وسوبر ماركت في العدين الاسفل, إب, اليمن']"
,,,,,,,,,,https://www.google.com/maps/place/%D8%A8%D9%82%D8%A7%D9%84%D9%87+%D8%AF%D8%B1%D9%88%D8%A8%E2%80%AD/data=!4m7!3m6!1s0x161c97cea00f8d91:0x4b7459e16caa4932!8m2!3d14.0297156!4d44.0025952!16s%2Fg%2F11t5v61vjz!19sChIJkY0PoM6XHBYRMkmqbOFZdEs?authuser=0&hl=en&g_ep=EgoyMDI2MDkzMC4wIJJjKgBIAVAD&rclk=1,0x161c97cea00f8d91:0x4b7459e16caa4932,العدين الاسفل,بقالات وسوبر ماركت,discovered,"['بقالات وسوبر ماركت في العدين الاسفل, إب, اليمن']"
,,,,,,,,,,https://www.google.com/maps/place/%D8%A8%D9%82%D8%A7%D9%84%D8%A9+%D8%AC%D9%85%D9%8A%D9%84+%D8%A7%D9%84%D8%B3%D8%A7%D9%84%D9%85%D9%8A%E2%80%AD/data=!4m7!3m6!1s0x161c85853e2d0235:0x50c8f432e2312bc3!8m2!3d13.8679881!4d43.9185655!16s%2Fg%2F11rc996mv5!19sChIJNQItPoWFHBYRwysx4jL0yFA?authuser=0&hl=en&g_ep=EgoyMDI2MDkzMC4wIJJjKgBIAVAD&rclk=1,0x161c85853e2d0235:0x50c8f432e2312bc3,العدين الاسفل,بقالات وسوبر ماركت,discovered,"['بقالات وسوبر ماركت في العدين الاسفل, إب, اليمن']"
,,,,,,,,,,https://www.google.com/maps/place/%D8%A7%D9%84%D9%88%D8%A7%D8%AF%D9%8A+%D8%A7%D9%84%D8%A3%D8%AE%D8%B6%D8%B1+%D9%84%D9%84%D8%AA%D8%AC%D8%A7%D8%B1%D8%A9+%D9%88%D8%A7%D9%84%D8%AA%D8%A8%D8%B1%D9%8A%D8%AF%E2%80%AD/data=!4m7!3m6!1s0x161c938810bbff8b:0xbef2a24cfc9eb3e1!8m2!3d13.9622032!4d44.0304478!16s%2Fg%2F11h0l0dmnf!19sChIJi_-7EIiTHBYR4bOe_Eyi8r4?authuser=0&hl=en&g_ep=EgoyMDI2MDkzMC4wIJJjKgBIAVAD&rclk=1,0x161c938810bbff8b:0xbef2a24cfc9eb3e1,العدين الاسفل,بقالات وسوبر ماركت,discovered,"['بقالات وسوبر ماركت في العدين الاسفل, إب, اليمن']"
,,,,,,,,,,https://www.google.com/maps/place/%D9%85%D8%B1%D9%83%D8%B2+%D8%A8%D9%86+%D9%85%D8%A7%D8%B1%D8%B4+%D8%A7%D9%84%D8%AA%D8%AC%D8%A7%D8%B1%D9%8A%E2%80%AD/data=!4m7!3m6!1s0x161c89756121cc4d:0xf70ee6cba692d623!8m2!3d13.8469343!4d43.9449608!16s%2Fg%2F11kjt_3_ls!19sChIJTcwhYXWJHBYRI9aSpsvmDvc?authuser=0&hl=en&g_ep=EgoyMDI2MDkzMC4wIJJjKgBIAVAD&rclk=1,0x161c89756121cc4d:0xf70ee6cba692d623,العدين الاسفل,بقالات وسوبر ماركت,discovered,"['بقالات وسوبر ماركت في العدين الاسفل, إب, اليمن']"
,,,,,,,,,,https://www.google.com/maps/place/%D8%A8%D9%82%D8%A7%D9%84%D8%A9+%D8%B0%D9%8A%D8%A7%D8%A8+%D8%A7%D8%AD%D9%85%D8%AF%E2%80%AD/data=!4m7!3m6!1s0x161c8563ba1df7e5:0x2e7418992ce3db68!8m2!3d13.915892!4d43.8927389!16s%2Fg%2F11s2qjf32g!19sChIJ5fcdumOFHBYRaNvjLJkYdC4?authuser=0&hl=en&g_ep=EgoyMDI2MDkzMC4wIJJjKgBIAVAD&rclk=1,0x161c8563ba1df7e5:0x2e7418992ce3db68,العدين الاسفل,بقالات وسوبر ماركت,discovered,"['بقالات وسوبر ماركت في العدين الاسفل, إب, اليمن']"
,,,,,,,,,,https://www.google.com/maps/place/%D8%A7%D9%84%D9%85%D9%83%D8%B4%D8%AD%E2%80%AD/data=!4m7!3m6!1s0x161c95ac6d9e0715:0x76d7fac07af93956!8m2!3d14.0032852!4d44.069704!16s%2Fg%2F11s2pqbs28!19sChIJFQeebayVHBYRVjn5esD613Y?authuser=0&hl=en&g_ep=EgoyMDI2MDkzMC4wIJJjKgBIAVAD&rclk=1,0x161c95ac6d9e0715:0x76d7fac07af93956,العدين الاسفل,بقالات وسوبر ماركت,discovered,"['بقالات وسوبر ماركت في العدين الاسفل, إب, اليمن']"
,,,,,,,,,,https://www.google.com/maps/place/%D8%A8%D9%82%D8%A7%D9%84%D8%A9+%D8%A7%D9%84%D8%AE%D8%B7%D8%A7%D8%A8%D9%8A+%D9%84%D9%84%D9%85%D9%88%D8%A7%D8%AF+%D8%A7%D9%84%D8%BA%D8%B0%D8%A7%D8%A6%D9%8A%D8%A9+%D9%88%D8%A7%D9%84%D8%A7%D8%B3%D8%AA%D9%87%D9%84%D8%A7%D9%83%D9%8A%D8%A9%E2%80%AD/data=!4m7!3m6!1s0x161c950048800acb:0xa8db9659afa137e!8m2!3d14.012004!4d44.0422147!16s%2Fg%2F11wby2dfy8!19sChIJywqASACVHBYRfhP6mmW5jQo?authuser=0&hl=en&g_ep=EgoyMDI2MDkzMC4wIJJjKgBIAVAD&rclk=1,0x161c950048800acb:0xa8db9659afa137e,العدين الاسفل,بقالات وسوبر ماركت,discovered,"['بقالات وسوبر ماركت في العدين الاسفل, إب, اليمن']"
,,,,,,,,,,https://www.google.com/maps/place/%D8%A8%D9%82%D8%A7%D9%84%D9%87+%D8%B9%D8%A8%D8%AF+%D8%A7%D9%84%D9%81%D8%AA%D8%A7%D8%AD+%D8%A7%D9%84%D8%AA%D8%A7%D8%AC%D8%B1%E2%80%AD/data=!4m7!3m6!1s0x161c95ca2481c6f5:0x31c41364280df7a2!8m2!3d13.9736724!4d44.0378098!16s%2Fg%2F11l6sp11hl!19sChIJ9caBJMqVHBYRovcNKGQTxDE?authuser=0&hl=en&g_ep=EgoyMDI2MDkzMC4wIJJjKgBIAVAD&rclk=1,0x161c95ca2481c6f5:0x31c41364280df7a2,العدين الاسفل,بقالات وسوبر ماركت,discovered,"['بقالات وسوبر ماركت في العدين الاسفل, إب, اليمن']"
,,,,,,,,,,https://www.google.com/maps/place/%D9%85%D9%84%D9%83+%D8%A7%D9%84%D8%A8%D9%86+%D8%A7%D9%84%D9%8A%D9%85%D9%86%D9%8A+%D9%84%D9%84%D8%A8%D9%87%D8%A7%D8%B1%D8%A7%D8%AA+%D9%88%D8%A7%D9%84%D8%A8%D9%86+%D8%A7%D9%84%D9%8A%D9%85%D9%86%D9%8A%E2%80%AD/data=!4m7!3m6!1s0x161c91001891d799:0x97908e891f9673a!8m2!3d13.9666445!4d44.011833!16s%2Fg%2F11xms65syx!19sChIJmdeRGACRHBYROmf5kegIeQk?authuser=0&hl=en&g_ep=EgoyMDI2MDkzMC4wIJJjKgBIAVAD&rclk=1,0x161c91001891d799:0x97908e891f9673a,العدين الاسفل,بقالات وسوبر ماركت,discovered,"['بقالات وسوبر ماركت في العدين الاسفل, إب, اليمن']"
,,,,,,,,,,https://www.google.com/maps/place/%D8%B3%D9%88%D8%A8%D8%B1+%D9%85%D8%A7%D8%B1%D9%83%D8%AA+%D9%84%D8%A4%D9%8A+%D9%85%D8%AD%D9%85%D8%AF+%D9%82%D8%A7%D8%A6%D8%AF%E2%80%AD/data=!4m7!3m6!1s0x161c87007063c6d7:0xf423d04819e1277b!8m2!3d13.8203413!4d43.8824445!16s%2Fg%2F11z7q526zj!19sChIJ18ZjcACHHBYReyfhGUjQI_Q?authuser=0&hl=en&g_ep=EgoyMDI2MDkzMC4wIJJjKgBIAVAD&rclk=1,0x161c87007063c6d7:0xf423d04819e1277b,العدين الاسفل,بقالات وسوبر ماركت,discovered,"['بقالات وسوبر ماركت في العدين الاسفل, إب, اليمن']"
,,,,,,,,,,https://www.google.com/maps/place/%D8%A8%D9%82%D8%A7%D9%84%D8%A9+%D8%B9%D8%A7%D9%85%D8%B1+%D9%88%D8%B3%D9%84%D9%8A%D9%85%D8%A7%D9%86%E2%80%AD/data=!4m7!3m6!1s0x161c850005262f59:0xb806ae4c4e24dda0!8m2!3d13.9061514!4d43.9310388!16s%2Fg%2F11vqblk869!19sChIJWS8mBQCFHBYRoN0kTkyuBrg?authuser=0&hl=en&g_ep=EgoyMDI2MDkzMC4wIJJjKgBIAVAD&rclk=1,0x161c850005262f59:0xb806ae4c4e24dda0,العدين الاسفل,بقالات وسوبر ماركت,discovered,"['بقالات وسوبر ماركت في العدين الاسفل, إب, اليمن']"
,,,,,,,,,,https://www.google.com/maps/place/%D8%B3%D9%88%D8%A8%D8%B1+%D9%85%D8%A7%D8%B1%D9%83%D8%AA+%D8%A7%D9%84%D8%AD%D8%AF%D8%A7%D8%AF%E2%80%AD/data=!4m7!3m6!1s0x161ceb002715b00d:0x29ba4f7322982221!8m2!3d13.9742549!4d44.1711669!16s%2Fg%2F11nt9n1bvp!19sChIJDbAVJwDrHBYRISKYInNPuik?authuser=0&hl=en&g_ep=EgoyMDI2MDkzMC4wIJJjKgBIAVAD&rclk=1,0x161ceb002715b00d:0x29ba4f7322982221,العدين الاسفل,بقالات وسوبر ماركت,discovered,"['بقالات وسوبر ماركت في العدين الاسفل, إب, اليمن']"
,,,,,,,,,,https://www.google.com/maps/place/%D8%A8%D9%82%D8%A7%D9%84%D8%A9+%D9%8A%D8%B2%D9%8A%D8%AF+%D8%A7%D8%AD%D9%85%D8%AF+%D8%A7%D9%85%D9%8A%D9%86+%D8%A7%D9%84%D8%B5%D9%8A%D8%B1%D9%8A%E2%80%AD/data=!4m7!3m6!1s0x161cbd6211da34e9:0xae8e235e647a845f!8m2!3d14.065844!4d43.9600794!16s%2Fg%2F11vld9mn97!19sChIJ6TTaEWK9HBYRX4R6ZF4jjq4?authuser=0&hl=en&g_ep=EgoyMDI2MDkzMC4wIJJjKgBIAVAD&rclk=1,0x161cbd6211da34e9:0xae8e235e647a845f,العدين الاسفل,بقالات وسوبر ماركت,discovered,"['بقالات وسوبر ماركت في العدين الاسفل, إب, اليمن']"
,,,,,,,,,,https://www.google.com/maps/place/%D8%B3%D9%88%D8%A8%D8%B1+%D9%85%D8%A7%D8%B1%D9%83%D8%AA+%D9%87%D8%A7%D8%B4%D9%85+%D8%A7%D9%84%D8%B9%D9%88%D8%A7%D8%B6%D9%8A%E2%80%AD/data=!4m7!3m6!1s0x161c970063545aa1:0xf3ec3e7c4d555431!8m2!3d14.0229426!4d44.0105153!16s%2Fg%2F11zh36f8_k!19sChIJoVpUYwCXHBYRMVRVTXw-7PM?authuser=0&hl=en&g_ep=EgoyMDI2MDkzMC4wIJJjKgBIAVAD&rclk=1,0x161c970063545aa1:0xf3ec3e7c4d555431,العدين الاسفل,بقالات وسوبر ماركت,discovered,"['بقالات وسوبر ماركت في العدين الاسفل, إب, اليمن']"
,,,,,,,,,,https://www.google.com/maps/place/%D8%B3%D9%88%D8%A8%D8%B1+%D9%85%D8%A7%D8%B1%D9%83%D8%AA%E2%80%AD/data=!4m7!3m6!1s0x161cb9003c5e66f9:0x74175a5d19770b12!8m2!3d14.143459!4d44.0399626!16s%2Fg%2F11x5nmsr_d!19sChIJ-WZePAC5HBYREgt3GV1aF3Q?authuser=0&hl=en&g_ep=EgoyMDI2MDkzMC4wIJJjKgBIAVAD&rclk=1,0x161cb9003c5e66f9:0x74175a5d19770b12,العدين الاسفل,بقالات وسوبر ماركت,discovered,"['بقالات وسوبر ماركت في العدين الاسفل, إب, اليمن']"
,,,,,,,,,,https://www.google.com/maps/place/%D8%A8%D9%82%D8%A7%D9%84%D9%87+%D8%A7%D9%84%D9%88%D8%B1%D8%A7%D9%81%D9%8A%E2%80%AD/data=!4m7!3m6!1s0x161ceb39f150c34b:0x31b45f4db06912c5!8m2!3d13.9746081!4d44.1704129!16s%2Fg%2F11k3vv884w!19sChIJS8NQ8TnrHBYRxRJpsE1ftDE?authuser=0&hl=en&g_ep=EgoyMDI2MDkzMC4wIJJjKgBIAVAD&rclk=1,0x161ceb39f150c34b:0x31b45f4db06912c5,العدين الاسفل,بقالات وسوبر ماركت,discovered,"['بقالات وسوبر ماركت في العدين الاسفل, إب, اليمن']"
,,,,,,,,,,https://www.google.com/maps/place/%D8%AA%D9%85%D9%88%D9%8A%D9%86%D8%A7%D8%AA+%D8%A8%D9%86+%D8%AD%D9%80%D9%80%D9%80%D9%80%D9%85%D9%80%D9%80%D9%80%D9%8A%D9%80%D9%80%D8%AF%E2%80%AD/data=!4m7!3m6!1s0x161c95e39d2aded1:0x2b552cc5fa6ac2d3!8m2!3d14.0293138!4d44.0338557!16s%2Fg%2F11h1g5vbmm!19sChIJ0d4qneOVHBYR08Jq-sUsVSs?authuser=0&hl=en&g_ep=EgoyMDI2MDkzMC4wIJJjKgBIAVAD&rclk=1,0x161c95e39d2aded1:0x2b552cc5fa6ac2d3,العدين الاسفل,بقالات وسوبر ماركت,discovered,"['بقالات وسوبر ماركت في العدين الاسفل, إب, اليمن']"
,,,,,,,,,,https://www.google.com/maps/place/%D8%A8%D9%82%D8%A7%D9%84%D8%A9+%D8%B1%D8%AF%D9%85%D8%A7%D9%86+%D8%B3%D9%86%D8%A7%D9%86%E2%80%AD/data=!4m7!3m6!1s0x161c950077b854bb:0x3cb96eac5e513198!8m2!3d14.0416731!4d44.0293964!16s%2Fg%2F11vrx1r5bx!19sChIJu1S4dwCVHBYRmDFRXqxuuTw?authuser=0&hl=en&g_ep=EgoyMDI2MDkzMC4wIJJjKgBIAVAD&rclk=1,0x161c950077b854bb:0x3cb96eac5e513198,العدين الاسفل,بقالات وسوبر ماركت,discovered,"['بقالات وسوبر ماركت في العدين الاسفل, إب, اليمن']"
,,,,,,,,,,https://www.google.com/maps/place/%D8%B3%D9%88%D8%A8%D8%B1+%D9%85%D8%A7%D8%B1%D9%83%D8%AA+%D8%A7%D9%84%D8%AD%D9%85%D8%B1%D8%A7%D8%A1%E2%80%AD/data=!4m7!3m6!1s0x161ceb92ac1901cb:0xc2e1058e26266aae!8m2!3d13.9712419!4d44.1499238!16s%2Fg%2F11qqprg1lr!19sChIJywEZrJLrHBYRrmomJo4F4cI?authuser=0&hl=en&g_ep=EgoyMDI2MDkzMC4wIJJjKgBIAVAD&rclk=1,0x161ceb92ac1901cb:0xc2e1058e26266aae,العدين الاسفل,بقالات وسوبر ماركت,discovered,"['بقالات وسوبر ماركت في العدين الاسفل, إب, اليمن']"
,,,,,,,,,,https://www.google.com/maps/place/%D8%A8%D9%82%D8%A7%D9%84%D9%87+%D8%A7%D8%A8%D8%B1%D8%A7%D9%87%D9%8A%D9%85+%D9%87%D8%B2%D8%A7%D8%B9+%D8%A7%D9%84%D8%AC%D9%88%D9%84%D8%AD%D9%8A+%D8%B3%D9%88%D9%82+%D8%A7%D9%84%D9%88%D8%A7%D8%AF%D9%8A%E2%80%AD/data=!4m7!3m6!1s0x161c950079b05661:0xa39b7e4c68114c21!8m2!3d13.9930625!4d44.0373125!16s%2Fg%2F11mrmnnz4n!19sChIJYVaweQCVHBYRIUwRaEx-m6M?authuser=0&hl=en&g_ep=EgoyMDI2MDkzMC4wIJJjKgBIAVAD&rclk=1,0x161c950079b05661:0xa39b7e4c68114c21,العدين الاسفل,بقالات وسوبر ماركت,discovered,"['بقالات وسوبر ماركت في العدين الاسفل, إب, اليمن']"
,,,,,,,,,,https://www.google.com/maps/place/%D8%A8%D9%82%D8%A7%D9%84%D9%87+%D9%85%D9%86%D8%B5%D9%88%D8%B1+%D8%A7%D9%84%D8%AC%D9%85%D8%A7%D9%84%E2%80%AD/data=!4m7!3m6!1s0x161c994bb168609b:0xeb8e9944deb265c0!8m2!3d14.0144375!4d43.8898125!16s%2Fg%2F11rjz995_j!19sChIJm2BosUuZHBYRwGWy3kSZjus?authuser=0&hl=en&g_ep=EgoyMDI2MDkzMC4wIJJjKgBIAVAD&rclk=1,0x161c994bb168609b:0xeb8e9944deb265c0,العدين الاسفل,بقالات وسوبر ماركت,discovered,"['بقالات وسوبر ماركت في العدين الاسفل, إب, اليمن']"
,,,,,,,,,,https://www.google.com/maps/place/%D8%A8%D9%82%D8%A7%D9%84%D9%87+%D8%B9%D8%A8%D8%AF+%D8%A7%D9%84%D9%84%D9%87+%D8%A8%D9%86+%D8%B9%D9%84%D9%8A+%D8%A7%D9%84%D8%B4%D8%B9%D8%B1%D8%A7%D9%86%D9%8A%E2%80%AD/data=!4m7!3m6!1s0x161c95004f5be23f:0xa54a98768efa23fc!8m2!3d13.9931082!4d44.0377203!16s%2Fg%2F11mrlwvx6p!19sChIJP-JbTwCVHBYR_CP6jnaYSqU?authuser=0&hl=en&g_ep=EgoyMDI2MDkzMC4wIJJjKgBIAVAD&rclk=1,0x161c95004f5be23f:0xa54a98768efa23fc,العدين الاسفل,بقالات وسوبر ماركت,discovered,"['بقالات وسوبر ماركت في العدين الاسفل, إب, اليمن']"
,,,,,,,,,,https://www.google.com/maps/place/%D8%B3%D9%88%D8%A8%D8%B1+%D9%85%D8%A7%D8%B1%D9%83%D8%AA+%D8%A7%D9%84%D9%87%D9%84%D8%A7%D9%84+%D9%84%D8%B5%D8%A7%D8%AD%D8%A8%D9%87%D8%A7+%D8%A7%D8%A8%D9%88+%D9%85%D8%AD%D9%85%D8%AF+%D8%A7%D9%84%D8%B0%D8%B1%D8%A7%D8%B9%E2%80%AD/data=!4m7!3m6!1s0x161cbf0033c70ea9:0x7ea984e391e9f70a!8m2!3d14.0602419!4d44.0675039!16s%2Fg%2F11wvlsjnq3!19sChIJqQ7HMwC_HBYRCvfpkeOEqX4?authuser=0&hl=en&g_ep=EgoyMDI2MDkzMC4wIJJjKgBIAVAD&rclk=1,0x161cbf0033c70ea9:0x7ea984e391e9f70a,العدين الاسفل,بقالات وسوبر ماركت,discovered,"['بقالات وسوبر ماركت في العدين الاسفل, إب, اليمن']"
,,,,,,,,,,https://www.google.com/maps/place/%D8%A8%D9%82%D8%A7%D9%84%D8%A9+%D8%A7%D8%A8%D9%88%D8%AC%D9%85%D8%A7%D9%84+%D8%A7%D9%84%D9%88%D9%87%D8%A8%D8%A7%D9%86%D9%8A%E2%80%AD/data=!4m7!3m6!1s0x161c85be7f919cb1:0x92857110b55718f9!8m2!3d13.8998219!4d43.8743609!16s%2Fg%2F11rdjzbkg4!19sChIJsZyRf76FHBYR-RhXtRBxhZI?authuser=0&hl=en&g_ep=EgoyMDI2MDkzMC4wIJJjKgBIAVAD&rclk=1,0x161c85be7f919cb1:0x92857110b55718f9,العدين الاسفل,بقالات وسوبر ماركت,discovered,"['بقالات وسوبر ماركت في العدين الاسفل, إب, اليمن']"
,,,,,,,,,,https://www.google.com/maps/place/%D8%A8%D9%82%D8%A7%D9%84%D8%A9+%D9%88%D8%B2%D9%8A%D8%B1+%D8%A7%D9%84%D9%87%D9%84%D8%A7%D9%84%D9%8A%E2%80%8F%E2%80%AD/data=!4m7!3m6!1s0x161c8995ea9bc9ad:0xe99557d9a4879fb6!8m2!3d13.8045031!4d43.9476307!16s%2Fg%2F11t9p4fn7y!19sChIJrcmb6pWJHBYRtp-HpNlXlek?authuser=0&hl=en&g_ep=EgoyMDI2MDkzMC4wIJJjKgBIAVAD&rclk=1,0x161c8995ea9bc9ad:0xe99557d9a4879fb6,العدين الاسفل,بقالات وسوبر ماركت,discovered,"['بقالات وسوبر ماركت في العدين الاسفل, إب, اليمن']"
,,,,,,,,,,https://www.google.com/maps/place/%D8%A8%D9%82%D8%A7%D9%84%D8%A9+%D8%B9%D8%A8%D8%AF%D8%A2%D9%84+%D8%B4%D9%8A%D8%AE+%D8%A7%D8%A8%D9%88+%D9%81%D8%AA%D8%AD%D9%8A%E2%80%AD/data=!4m7!3m6!1s0x161c93032f1aa359:0xa654b99c30372161!8m2!3d13.945307!4d44.0912927!16s%2Fg%2F11sh5jwgbg!19sChIJWaMaLwOTHBYRYSE3MJy5VKY?authuser=0&hl=en&g_ep=EgoyMDI2MDkzMC4wIJJjKgBIAVAD&rclk=1,0x161c93032f1aa359:0xa654b99c30372161,العدين الاسفل,بقالات وسوبر ماركت,discovered,"['بقالات وسوبر ماركت في العدين الاسفل, إب, اليمن']"
,,,,,,,,,,https://www.google.com/maps/place/%D8%A8%D9%82%D8%A7%D9%84%D9%87+%D8%B9%D9%84%D9%8A+%D8%A3%D8%AD%D9%85%D8%AF%E2%80%AD/data=!4m7!3m6!1s0x161c99006ba8887f:0xd77cbfaa95fa43b6!8m2!3d14.0084049!4d43.9103425!16s%2Fg%2F11w81qhbj2!19sChIJf4ioawCZHBYRtkP6laq_fNc?authuser=0&hl=en&g_ep=EgoyMDI2MDkzMC4wIJJjKgBIAVAD&rclk=1,0x161c99006ba8887f:0xd77cbfaa95fa43b6,العدين الاسفل,بقالات وسوبر ماركت,discovered,"['بقالات وسوبر ماركت في العدين الاسفل, إب, اليمن']"
,,,,,,,,,,https://www.google.com/maps/place/%D8%A8%D9%82%D8%A7%D9%84%D9%87+%D8%A8%D8%B3%D8%A7%D9%85+%D8%A7%D9%84%D8%B4%D8%B9%D9%8A%D8%A8%D9%8A%E2%80%AD/data=!4m7!3m6!1s0x161c87000da93ae9:0x75bf60e5c8aa3136!8m2!3d13.818884!4d43.9349733!16s%2Fg%2F11w26dyhk2!19sChIJ6TqpDQCHHBYRNjGqyOVgv3U?authuser=0&hl=en&g_ep=EgoyMDI2MDkzMC4wIJJjKgBIAVAD&rclk=1,0x161c87000da93ae9:0x75bf60e5c8aa3136,العدين الاسفل,بقالات وسوبر ماركت,discovered,"['بقالات وسوبر ماركت في العدين الاسفل, إب, اليمن']"
,,,,,,,,,,https://www.google.com/maps/place/%D8%A8%D9%82%D8%A7%D9%84%D8%A9+%D9%88%D9%85%D9%86%D8%B2%D9%84+%D8%A7%D9%84%D8%B4%D9%8A%D8%AE+%D8%AD%D8%B3%D9%86+%D9%85%D8%AD%D9%85%D8%AF+%D8%A7%D9%84%D8%AC%D9%85%D8%A7%D8%B9%D9%8A%E2%80%AD/data=!4m7!3m6!1s0x161c952cb4601295:0xb32ccc2026118509!8m2!3d14.0135007!4d44.0844809!16s%2Fg%2F11spt4znky!19sChIJlRJgtCyVHBYRCYURJiDMLLM?authuser=0&hl=en&g_ep=EgoyMDI2MDkzMC4wIJJjKgBIAVAD&rclk=1,0x161c952cb4601295:0xb32ccc2026118509,العدين الاسفل,بقالات وسوبر ماركت,discovered,"['بقالات وسوبر ماركت في العدين الاسفل, إب, اليمن']"
,,,,,,,,,,https://www.google.com/maps/place/%D8%B3%D9%88%D8%A8%D8%B1+%D9%85%D8%A7%D8%B1%D9%83%D8%AA+%D9%85%D8%B1%D8%B4%D8%AF%E2%80%AD/data=!4m7!3m6!1s0x161c855a863c2d25:0x2e658f1a52b0a34a!8m2!3d13.8988372!4d43.906626!16s%2Fg%2F11l3rp1qw1!19sChIJJS08hlqFHBYRSqOwUhqPZS4?authuser=0&hl=en&g_ep=EgoyMDI2MDkzMC4wIJJjKgBIAVAD&rclk=1,0x161c855a863c2d25:0x2e658f1a52b0a34a,العدين الاسفل,بقالات وسوبر ماركت,discovered,"['بقالات وسوبر ماركت في العدين الاسفل, إب, اليمن']"
,,,,,,,,,,https://www.google.com/maps/place/%D8%A8%D9%82%D8%A7%D9%84%D8%A9+%D9%85%D8%B9%D8%A7%D8%B0+%D8%A7%D9%84%D8%B4%D8%B1%D8%A7%D8%B9%D9%8A%E2%80%AD/data=!4m7!3m6!1s0x161c8f5a88dfa7cf:0x81d20e872ecf4a99!8m2!3d13.8516623!4d44.0145039!16s%2Fg%2F11q8v80f1g!19sChIJz6ffiFqPHBYRmUrPLocO0oE?authuser=0&hl=en&g_ep=EgoyMDI2MDkzMC4wIJJjKgBIAVAD&rclk=1,0x161c8f5a88dfa7cf:0x81d20e872ecf4a99,العدين الاسفل,بقالات وسوبر ماركت,discovered,"['بقالات وسوبر ماركت في العدين الاسفل, إب, اليمن']"
,,,,,,,,,,https://www.google.com/maps/place/%D8%A8%D9%82%D8%A7%D9%84%D8%A9+%D8%B9%D9%84%D9%8A+%D8%A8%D9%86+%D8%B9%D9%84%D9%8A%E2%80%AD/data=!4m7!3m6!1s0x161c9376d51724ef:0x52f41022fb9a50ae!8m2!3d13.9005214!4d44.0926078!16s%2Fg%2F11h3l5n58f!19sChIJ7yQX1XaTHBYRrlCa-yIQ9FI?authuser=0&hl=en&g_ep=EgoyMDI2MDkzMC4wIJJjKgBIAVAD&rclk=1,0x161c9376d51724ef:0x52f41022fb9a50ae,العدين الاسفل,بقالات وسوبر ماركت,discovered,"['بقالات وسوبر ماركت في العدين الاسفل, إب, اليمن']"
,,,,,,,,,,https://www.google.com/maps/place/%D8%A8%D9%82%D8%A7%D9%84%D8%A9+%D8%A7%D9%84%D8%B1%D8%A8%D8%A7%D8%AF%D9%87%E2%80%AD/data=!4m7!3m6!1s0x161ca1bd6a7db99b:0xec7f3e4fa539d53b!8m2!3d14.1279329!4d43.8372061!16s%2Fg%2F11rsdf0tqm!19sChIJm7l9ar2hHBYRO9U5pU8-f-w?authuser=0&hl=en&g_ep=EgoyMDI2MDkzMC4wIJJjKgBIAVAD&rclk=1,0x161ca1bd6a7db99b:0xec7f3e4fa539d53b,العدين الاسفل,بقالات وسوبر ماركت,discovered,"['بقالات وسوبر ماركت في العدين الاسفل, إب, اليمن']"
,,,,,,,,,,https://www.google.com/maps/place/%D8%A8%D9%82%D8%A7%D9%84%D9%87+%D8%B3%D9%84%D9%8A%D9%85+%D9%82%D8%A7%D8%B3%D9%85%E2%80%AD/data=!4m7!3m6!1s0x161c93007128eb27:0x1a63f22b1f67290f!8m2!3d13.9319886!4d44.0930554!16s%2Fg%2F11mt1dxx74!19sChIJJ-socQCTHBYRDylnHyvyYxo?authuser=0&hl=en&g_ep=EgoyMDI2MDkzMC4wIJJjKgBIAVAD&rclk=1,0x161c93007128eb27:0x1a63f22b1f67290f,العدين الاسفل,بقالات وسوبر ماركت,discovered,"['بقالات وسوبر ماركت في العدين الاسفل, إب, اليمن']"
,,,,,,,,,,https://www.google.com/maps/place/%D8%A8%D9%82%D8%A7%D9%84%D8%A9+%D8%A7%D9%84%D9%87%D9%85%D8%A7%D9%85%E2%80%AD/data=!4m7!3m6!1s0x161c973f61666c9f:0xce0e146895fe23ee!8m2!3d14.0518141!4d43.9996832!16s%2Fg%2F11rgrgtzgv!19sChIJn2xmYT-XHBYR7iP-lWgUDs4?authuser=0&hl=en&g_ep=EgoyMDI2MDkzMC4wIJJjKgBIAVAD&rclk=1,0x161c973f61666c9f:0xce0e146895fe23ee,العدين الاسفل,بقالات وسوبر ماركت,discovered,"['بقالات وسوبر ماركت في العدين الاسفل, إب, اليمن']"
,,,,,,,,,,https://www.google.com/maps/place/%D8%A8%D9%82%D8%A7%D9%84%D9%87+%D8%B5%D9%84%D8%A7%D8%AD+%D8%B1%D8%B3%D8%A7%D9%85%E2%80%AD/data=!4m7!3m6!1s0x161c9f006d19df15:0x304c12ed504faa42!8m2!3d14.07161!4d43.838093!16s%2Fg%2F11ypzyyc26!19sChIJFd8ZbQCfHBYRQqpPUO0STDA?authuser=0&hl=en&g_ep=EgoyMDI2MDkzMC4wIJJjKgBIAVAD&rclk=1,0x161c9f006d19df15:0x304c12ed504faa42,العدين الاسفل,بقالات وسوبر ماركت,discovered,"['بقالات وسوبر ماركت في العدين الاسفل, إب, اليمن']"
,,,,,,,,,,https://www.google.com/maps/place/%D8%A8%D9%82%D8%A7%D9%84%D8%A9+%D8%A7%D9%84%D8%B1%D8%B9%D8%AF%E2%80%AD/data=!4m7!3m6!1s0x161ced0068dfbc59:0xf057f5e0c37e893f!8m2!3d13.9429672!4d44.0977546!16s%2Fg%2F11vm47wrck!19sChIJWbzfaADtHBYRP4l-w-D1V_A?authuser=0&hl=en&g_ep=EgoyMDI2MDkzMC4wIJJjKgBIAVAD&rclk=1,0x161ced0068dfbc59:0xf057f5e0c37e893f,العدين الاسفل,بقالات وسوبر ماركت,discovered,"['بقالات وسوبر ماركت في العدين الاسفل, إب, اليمن']"
,,,,,,,,,,https://www.google.com/maps/place/%D8%A8%D9%82%D8%A7%D9%84%D8%A9+%D8%AC%D9%85%D8%A7%D9%84+%D8%A7%D9%84%D8%AD%D9%88%D8%B4%D8%A8%D9%8A+%D9%84%D9%8A+%D8%AC%D9%85%D9%8A%D8%B9+%D8%A7%D9%84%D9%85%D9%88%D8%AF+%D8%A7%D9%84%D8%BA%D8%B0%D8%A7%D8%A6%D9%8A%D8%A9%E2%80%AD/data=!4m7!3m6!1s0x161c8f001bb55cc5:0xd8f26892b7837947!8m2!3d13.9063032!4d43.9657466!16s%2Fg%2F11m5rhnt8w!19sChIJxVy1GwCPHBYRR3mDt5Jo8tg?authuser=0&hl=en&g_ep=EgoyMDI2MDkzMC4wIJJjKgBIAVAD&rclk=1,0x161c8f001bb55cc5:0xd8f26892b7837947,العدين الاسفل,بقالات وسوبر ماركت,discovered,"['بقالات وسوبر ماركت في العدين الاسفل, إب, اليمن']"
,,,,,,,,,,https://www.google.com/maps/place/%D8%A8%D9%82%D8%A7%D9%84%D9%87+%D8%A7%D9%84%D8%B2%D9%88%D9%85%E2%80%AD/data=!4m7!3m6!1s0x161ceb00006ef793:0x65083eca00324268!8m2!3d14.0019839!4d44.1025999!16s%2Fg%2F11w2fdcnwz!19sChIJk_duAADrHBYRaEIyAMo-CGU?authuser=0&hl=en&g_ep=EgoyMDI2MDkzMC4wIJJjKgBIAVAD&rclk=1,0x161ceb00006ef793:0x65083eca00324268,العدين الاسفل,بقالات وسوبر ماركت,discovered,"['بقالات وسوبر ماركت في العدين الاسفل, إب, اليمن']"
,,,,,,,,,,https://www.google.com/maps/place/%D9%86%D9%88%D8%A7%D9%81+%D9%84%D9%82%D8%B7%D8%B9+%D8%BA%D9%8A%D8%A7%D8%B1+%D8%A7%D9%84%D8%B3%D9%8A%D8%A7%D8%B1%D8%A7%D8%AA+%D8%A3%D9%84%D8%A7%D8%B5%D9%84%D9%8A%D9%87%E2%80%AD/data=!4m7!3m6!1s0x161c91005a2f051f:0xc3f0783fa3f72cb7!8m2!3d13.9682124!4d44.0038876!16s%2Fg%2F11xyml3hpd!19sChIJHwUvWgCRHBYRtyz3oz948MM?authuser=0&hl=en&g_ep=EgoyMDI2MDkzMC4wIJJjKgBIAVAD&rclk=1,0x161c91005a2f051f:0xc3f0783fa3f72cb7,العدين الاسفل,قطع غيار سيارات,discovered,"['قطع غيار سيارات في العدين الاسفل, إب, اليمن']"
,,,,,,,,,,https://www.google.com/maps/place/%D8%A7%D9%84%D8%B2%D8%A8%D9%8A%D8%B1%D9%8A+%D8%A7%D8%AE%D9%88%D9%8A%D9%86+%D9%84%D9%82%D8%B7%D8%B9+%D8%BA%D9%8A%D8%A7%D8%B1+%D8%A7%D9%84%D8%B3%D9%8A%D8%A7%D8%B1%D8%A7%D8%AA%E2%80%AD/data=!4m7!3m6!1s0x161ce9ef855018b9:0x4e588bd1253e722e!8m2!3d13.931549!4d44.086892!16s%2Fg%2F11fhxxqk5x!19sChIJuRhQhe_pHBYRLnI-JdGLWE4?authuser=0&hl=en&g_ep=EgoyMDI2MDkzMC4wIJJjKgBIAVAD&rclk=1,0x161ce9ef855018b9:0x4e588bd1253e722e,العدين الاسفل,قطع غيار سيارات,discovered,"['قطع غيار سيارات في العدين الاسفل, إب, اليمن']"
